DEPTH = 46533;
WIDTH = 32;
ADDRESS_RADIX = HEX;
DATA_RADIX = HEX;
CONTENT BEGIN
0 : 00000000;
1 : 00000000;
2 : 00000000;
3 : 00000000;
4 : 00000000;
5 : 00000000;
6 : 00000000;
7 : 00000000;
8 : 00000000;
9 : 00000000;
A : 00000000;
B : 00000000;
C : 00000000;
D : 00000000;
E : 00000000;
F : 00000000;
10 : 00000000;
11 : 00000000;
12 : 00000000;
13 : 00000000;
14 : 00000000;
15 : 00000000;
16 : 00000000;
17 : 00000000;
18 : 00000000;
19 : 00000000;
1A : 00000000;
1B : 00000000;
1C : 00000000;
1D : 00000000;
1E : 00000000;
1F : 00000000;
20 : 00000000;
21 : 00000000;
22 : 00000000;
23 : 00000000;
24 : 00000000;
25 : 00000000;
26 : 00000000;
27 : 00000000;
28 : 00000000;
29 : 00000000;
2A : 00000000;
2B : 00000000;
2C : 00000000;
2D : 00000000;
2E : 00000000;
2F : 00000000;
30 : 00000000;
31 : 00000000;
32 : 00000000;
33 : 00000000;
34 : 00000000;
35 : 00000000;
36 : 00000000;
37 : 00000000;
38 : 00000000;
39 : 00000000;
3A : 00000000;
3B : 00000000;
3C : 00000000;
3D : 00000000;
3E : 00000000;
3F : 00000000;
40 : 00000000;
41 : 00000000;
42 : 00000000;
43 : 00000000;
44 : 00000000;
45 : 00000000;
46 : 00000000;
47 : 00000000;
48 : 00000000;
49 : 00000000;
4A : 00000000;
4B : 00000000;
4C : 00000000;
4D : 00000000;
4E : 00000000;
4F : 00000000;
50 : 00000000;
51 : 00000000;
52 : 00000000;
53 : 00000000;
54 : 00000000;
55 : 00000000;
56 : 00000000;
57 : 00000000;
58 : 00000000;
59 : 00000000;
5A : 00000000;
5B : 00000000;
5C : 00000000;
5D : 00000000;
5E : 00000000;
5F : 00000000;
60 : 00000000;
61 : 00000000;
62 : 00000000;
63 : 00000000;
64 : 00000000;
65 : 00000000;
66 : 00000000;
67 : 00000000;
68 : 00000000;
69 : 00000000;
6A : 00000000;
6B : 00000000;
6C : 00000000;
6D : 00000000;
6E : 00000000;
6F : 00000000;
70 : 00000000;
71 : 00000000;
72 : 00000000;
73 : 00000000;
74 : 00000000;
75 : 00000000;
76 : 00000000;
77 : 00000000;
78 : 00000000;
79 : 00000000;
7A : 00000000;
7B : 00000000;
7C : 00000000;
7D : 00000000;
7E : 00000000;
7F : 00000000;
80 : 00000000;
81 : 00000000;
82 : 00000000;
83 : 00000000;
84 : 00000000;
85 : 00000000;
86 : 00000000;
87 : 00000000;
88 : 00000000;
89 : 00000000;
8A : 00000000;
8B : 00000000;
8C : 00000000;
8D : 00000000;
8E : 00000000;
8F : 00000000;
90 : 00000000;
91 : 00000000;
92 : 00000000;
93 : 00000000;
94 : 00000000;
95 : 00000000;
96 : 00000000;
97 : 00000000;
98 : 00000000;
99 : 00000000;
9A : 00000000;
9B : 00000000;
9C : 00000000;
9D : 00000000;
9E : 00000000;
9F : 00000000;
A0 : 00000000;
A1 : 00000000;
A2 : 00000000;
A3 : 00000000;
A4 : 00000000;
A5 : 00000000;
A6 : 00000000;
A7 : 00000000;
A8 : 00000000;
A9 : 00000000;
AA : 00000000;
AB : 00000000;
AC : 00000000;
AD : 00000000;
AE : 00000000;
AF : 00000000;
B0 : 00000000;
B1 : 00000000;
B2 : 00000000;
B3 : 00000000;
B4 : 00000000;
B5 : 00000000;
B6 : 00000000;
B7 : 00000000;
B8 : 00000000;
B9 : 00000000;
BA : 00000000;
BB : 00000000;
BC : 00000000;
BD : 00000000;
BE : 00000000;
BF : 00000000;
C0 : 00000000;
C1 : 00000000;
C2 : 00000000;
C3 : 00000000;
C4 : 00000000;
C5 : 00000000;
C6 : 00000000;
C7 : 00000000;
C8 : 00000000;
C9 : 00000000;
CA : 00000000;
CB : 00000000;
CC : 00000000;
CD : 00000000;
CE : 00000000;
CF : 00000000;
D0 : 00000000;
D1 : 00000000;
D2 : 00000000;
D3 : 00000000;
D4 : 00000000;
D5 : 00000000;
D6 : 00000000;
D7 : 00000000;
D8 : 00000000;
D9 : 00000000;
DA : 00000000;
DB : 00000000;
DC : 00000000;
DD : 00000000;
DE : 00000000;
DF : 00000000;
E0 : 00000000;
E1 : 00000000;
E2 : 00000000;
E3 : 00000000;
E4 : 00000000;
E5 : 00000000;
E6 : 00000000;
E7 : 00000000;
E8 : 00000000;
E9 : 00000000;
EA : 00000000;
EB : 00000000;
EC : 00000000;
ED : 00000000;
EE : 00000000;
EF : 00000000;
F0 : 00000000;
F1 : 00000000;
F2 : 00000000;
F3 : 00000000;
F4 : 00000000;
F5 : 00000000;
F6 : 00000000;
F7 : 00000000;
F8 : 00000000;
F9 : 00000000;
FA : 00000000;
FB : 00000000;
FC : 00000000;
FD : 00000000;
FE : 00000000;
FF : 00000000;
100 : 00000000;
101 : 00000000;
102 : 00000000;
103 : 00000000;
104 : 00000000;
105 : 00000000;
106 : 00000000;
107 : 00000000;
108 : 00000000;
109 : 00000000;
10A : 00000000;
10B : 00000000;
10C : 00000000;
10D : 00000000;
10E : 00000000;
10F : 00000000;
110 : 00000000;
111 : 00000000;
112 : 00000000;
113 : 00000000;
114 : 00000000;
115 : 00000000;
116 : 00000000;
117 : 00000000;
118 : 00000000;
119 : 00000000;
11A : 00000000;
11B : 00000000;
11C : 00000000;
11D : 00000000;
11E : 00000000;
11F : 00000000;
120 : 00000000;
121 : 00000000;
122 : 00000000;
123 : 00000000;
124 : 00000000;
125 : 00000000;
126 : 00000000;
127 : 00000000;
128 : 00000000;
129 : 00000000;
12A : 00000000;
12B : 00000000;
12C : 00000000;
12D : 00000000;
12E : 00000000;
12F : 00000000;
130 : 00000000;
131 : 00000000;
132 : 00000000;
133 : 00000000;
134 : 00000000;
135 : 00000000;
136 : 00000000;
137 : 00000000;
138 : 00000000;
139 : 00000000;
13A : 00000000;
13B : 00000000;
13C : 00000000;
13D : 00000000;
13E : 00000000;
13F : 00000000;
140 : 00000000;
141 : 00000000;
142 : 00000000;
143 : 00000000;
144 : 00000000;
145 : 00000000;
146 : 00000000;
147 : 00000000;
148 : 00000000;
149 : 00000000;
14A : 00000000;
14B : 00000000;
14C : 00000000;
14D : 00000000;
14E : 00000000;
14F : 00000000;
150 : 00000000;
151 : 00000000;
152 : 00000000;
153 : 00000000;
154 : 00000000;
155 : 00000000;
156 : 00000000;
157 : 00000000;
158 : 00000000;
159 : 00000000;
15A : 00000000;
15B : 00000000;
15C : 00000000;
15D : 00000000;
15E : 00000000;
15F : 00000000;
160 : 00000000;
161 : 00000000;
162 : 00000000;
163 : 00000000;
164 : 00000000;
165 : 00000000;
166 : 00000000;
167 : 00000000;
168 : 00000000;
169 : 00000000;
16A : 00000000;
16B : 00000000;
16C : 00000000;
16D : 00000000;
16E : 00000000;
16F : 00000000;
170 : 00000000;
171 : 00000000;
172 : 00000000;
173 : 00000000;
174 : 00000000;
175 : 00000000;
176 : 00000000;
177 : 00000000;
178 : 00000000;
179 : 00000000;
17A : 00000000;
17B : 00000000;
17C : 00000000;
17D : 00000000;
17E : 00000000;
17F : 00000000;
180 : 00000000;
181 : 00000000;
182 : 00000000;
183 : 00000000;
184 : 00000000;
185 : 00000000;
186 : 00000000;
187 : 00000000;
188 : 00000000;
189 : 00000000;
18A : 00000000;
18B : 00000000;
18C : 00000000;
18D : 00000000;
18E : 00000000;
18F : 00000000;
190 : 00000000;
191 : 00000000;
192 : 00000000;
193 : 00000000;
194 : 00000000;
195 : 00000000;
196 : 00000000;
197 : 00000000;
198 : 00000000;
199 : 00000000;
19A : 00000000;
19B : 00000000;
19C : 00000000;
19D : 00000000;
19E : 00000000;
19F : 00000000;
1A0 : 00000000;
1A1 : 00000000;
1A2 : 00000000;
1A3 : 00000000;
1A4 : 00000000;
1A5 : 00000000;
1A6 : 00000000;
1A7 : 00000000;
1A8 : 00000000;
1A9 : 00000000;
1AA : 00000000;
1AB : 00000000;
1AC : 00000000;
1AD : 00000000;
1AE : 00000000;
1AF : 00000000;
1B0 : 00000000;
1B1 : 00000000;
1B2 : 00000000;
1B3 : 00000000;
1B4 : 00000000;
1B5 : FFFF0000;
1B6 : 00000000;
1B7 : 00000000;
1B8 : 00000000;
1B9 : 00000000;
1BA : 00000000;
1BB : 00000000;
1BC : 00000000;
1BD : 00000000;
1BE : 00000000;
1BF : 00000000;
1C0 : 00000000;
1C1 : 00000000;
1C2 : 00000000;
1C3 : 00000000;
1C4 : 00000000;
1C5 : 00000000;
1C6 : 00000000;
1C7 : 00000000;
1C8 : 00000000;
1C9 : 00000000;
1CA : 00000000;
1CB : 00000000;
1CC : 00000000;
1CD : 00000000;
1CE : 00000000;
1CF : 00000000;
1D0 : 00000000;
1D1 : 00000000;
1D2 : 00000000;
1D3 : 00000000;
1D4 : 00000000;
1D5 : 00000000;
1D6 : 00000000;
1D7 : 00000000;
1D8 : 00000000;
1D9 : 0000FFFF;
1DA : 00000000;
1DB : 00000000;
1DC : 00000000;
1DD : 00000000;
1DE : 00000000;
1DF : 00000000;
1E0 : 00000000;
1E1 : 00000000;
1E2 : 00000000;
1E3 : 00000000;
1E4 : 00000000;
1E5 : 00000000;
1E6 : 00000000;
1E7 : 00000000;
1E8 : 00000000;
1E9 : 00000000;
1EA : 00000000;
1EB : 00000000;
1EC : 00000000;
1ED : 00000000;
1EE : 00000000;
1EF : 00000000;
1F0 : 00000000;
1F1 : 00000000;
1F2 : 00000000;
1F3 : 0000FFFF;
1F4 : 00000000;
1F5 : 00000000;
1F6 : 00000000;
1F7 : 00000000;
1F8 : 00000000;
1F9 : 00000000;
1FA : 00000000;
1FB : 00000000;
1FC : 00000000;
1FD : 00000000;
1FE : FFFF0000;
1FF : 00000000;
200 : 00000000;
201 : 00000000;
202 : 00000000;
203 : 00000000;
204 : 00000000;
205 : 00000000;
206 : 00000000;
207 : 00000000;
208 : 00000000;
209 : FFFF0000;
20A : 00000000;
20B : 00000000;
20C : 00000000;
20D : 00000000;
20E : 00000000;
20F : 00000000;
210 : 00000000;
211 : 00000000;
212 : 00000000;
213 : 00000000;
214 : 00000000;
215 : 00000000;
216 : 00000000;
217 : 00000000;
218 : 00000000;
219 : 00000000;
21A : 00000000;
21B : 00000000;
21C : 00000000;
21D : 00000000;
21E : 00000000;
21F : 00000000;
220 : 00000000;
221 : 00000000;
222 : 00000000;
223 : 00000000;
224 : 0000FFFF;
225 : 00000000;
226 : 00000000;
227 : 00000000;
228 : 00000000;
229 : 00000000;
22A : 00000000;
22B : 00000000;
22C : 00000000;
22D : 00000000;
22E : 00000000;
22F : 00000000;
230 : 00000000;
231 : 00000000;
232 : 00000000;
233 : 00000000;
234 : 00000000;
235 : 00000000;
236 : 00000000;
237 : 00000000;
238 : 00000000;
239 : 00000000;
23A : 00000000;
23B : 00000000;
23C : 00000000;
23D : 00000000;
23E : 00000000;
23F : 00000000;
240 : 00000000;
241 : 00000000;
242 : 00000000;
243 : 00000000;
244 : 00000000;
245 : 00000000;
246 : 00000000;
247 : 00000000;
248 : 00000000;
249 : 00000000;
24A : 00000000;
24B : 00000000;
24C : 0000FFFF;
24D : 00000000;
24E : 00000000;
24F : 00000000;
250 : 00000000;
251 : 00000000;
252 : 00000000;
253 : 00000000;
254 : 00000000;
255 : 00000000;
256 : 00000000;
257 : 00000000;
258 : 00000000;
259 : 00000000;
25A : 00000000;
25B : 00000000;
25C : 00000000;
25D : 00000000;
25E : 00000000;
25F : 00000000;
260 : 00000000;
261 : 00000000;
262 : 00000000;
263 : 00000000;
264 : 00000000;
265 : 00000000;
266 : 00000000;
267 : 00000000;
268 : 00000000;
269 : 00000000;
26A : 00000000;
26B : 00000000;
26C : 00000000;
26D : 0000FFFF;
26E : 00000000;
26F : 00000000;
270 : 00000000;
271 : 00000000;
272 : 00000000;
273 : 00000000;
274 : 00000000;
275 : 00000000;
276 : 00000000;
277 : 00000000;
278 : 00000000;
279 : 00000000;
27A : 00000000;
27B : 00000000;
27C : 00000000;
27D : 00000000;
27E : 00000000;
27F : 00000000;
280 : 00000000;
281 : FFFF0000;
282 : 00000000;
283 : 00000000;
284 : 00000000;
285 : 00000000;
286 : 00000000;
287 : 00000000;
288 : 00000000;
289 : 00000000;
28A : 00000000;
28B : 00000000;
28C : 00000000;
28D : 00000000;
28E : 00000000;
28F : 00000000;
290 : FFFF0000;
291 : 00000000;
292 : 00000000;
293 : 00000000;
294 : 00000000;
295 : 00000000;
296 : 00000000;
297 : 00000000;
298 : 00000000;
299 : 00000000;
29A : 00000000;
29B : 00000000;
29C : 00000000;
29D : 00000000;
29E : 00000000;
29F : FFFF0000;
2A0 : 00000000;
2A1 : 00000000;
2A2 : 00000000;
2A3 : 00000000;
2A4 : 00000000;
2A5 : 00000000;
2A6 : 00000000;
2A7 : 00000000;
2A8 : 00000000;
2A9 : 00000000;
2AA : 00000000;
2AB : 00000000;
2AC : 00000000;
2AD : 00000000;
2AE : 00000000;
2AF : 00000000;
2B0 : 00000000;
2B1 : 00000000;
2B2 : 00000000;
2B3 : 00000000;
2B4 : 00000000;
2B5 : 00000000;
2B6 : 00000000;
2B7 : 00000000;
2B8 : 00000000;
2B9 : 00000000;
2BA : 00000000;
2BB : 00000000;
2BC : 00000000;
2BD : 00000000;
2BE : 00000000;
2BF : 00000000;
2C0 : 00000000;
2C1 : FFFF0000;
2C2 : 00000000;
2C3 : 00000000;
2C4 : 00000000;
2C5 : 00000000;
2C6 : 00000000;
2C7 : 00000000;
2C8 : 00000000;
2C9 : 00000000;
2CA : 00000000;
2CB : 00000000;
2CC : 00000000;
2CD : 00000000;
2CE : 00000000;
2CF : 00000000;
2D0 : 00000000;
2D1 : 00000000;
2D2 : 00000000;
2D3 : 00000000;
2D4 : 00000000;
2D5 : 00000000;
2D6 : 00000000;
2D7 : 00000000;
2D8 : 00000000;
2D9 : 00000000;
2DA : 00000000;
2DB : 00000000;
2DC : 00000000;
2DD : 00000000;
2DE : 00000000;
2DF : 00000000;
2E0 : 00000000;
2E1 : 00000000;
2E2 : 00000000;
2E3 : 00000000;
2E4 : 00000000;
2E5 : 00000000;
2E6 : 00000000;
2E7 : 00000000;
2E8 : 00000000;
2E9 : 00000000;
2EA : 00000000;
2EB : FFFF0000;
2EC : 00000000;
2ED : 00000000;
2EE : 00000000;
2EF : 00000000;
2F0 : 00000000;
2F1 : 00000000;
2F2 : 00000000;
2F3 : 00000000;
2F4 : 00000000;
2F5 : FFFF0000;
2F6 : 00000000;
2F7 : 00000000;
2F8 : 00000000;
2F9 : 00000000;
2FA : 00000000;
2FB : 00000000;
2FC : 00000000;
2FD : 00000000;
2FE : 00000000;
2FF : 00000000;
300 : 00000000;
301 : 00000000;
302 : 00000000;
303 : 00000000;
304 : 00000000;
305 : 00000000;
306 : 00000000;
307 : 00000000;
308 : 00000000;
309 : 00000000;
30A : 00000000;
30B : 00000000;
30C : 00000000;
30D : 00000000;
30E : 00000000;
30F : 00000000;
310 : 00000000;
311 : 00000000;
312 : 00000000;
313 : 00000000;
314 : 00000000;
315 : 00000000;
316 : 00000000;
317 : 00000000;
318 : 00000000;
319 : 00000000;
31A : 00000000;
31B : 00000000;
31C : 00000000;
31D : 00000000;
31E : 00000000;
31F : 00000000;
320 : 00000000;
321 : 00000000;
322 : 00000000;
323 : 00000000;
324 : 00000000;
325 : 00000000;
326 : 00000000;
327 : FFFF0000;
328 : 00000000;
329 : 00000000;
32A : 00000000;
32B : 00000000;
32C : 00000000;
32D : 00000000;
32E : 00000000;
32F : 00000000;
330 : 00000000;
331 : 00000000;
332 : 00000000;
333 : 00000000;
334 : 00000000;
335 : 00000000;
336 : 00000000;
337 : 00000000;
338 : 00000000;
339 : 00000000;
33A : 00000000;
33B : 00000000;
33C : 00000000;
33D : 00000000;
33E : 00000000;
33F : 00000000;
340 : 00000000;
341 : 00000000;
342 : 00000000;
343 : 00000000;
344 : 00000000;
345 : 00000000;
346 : 00000000;
347 : 00000000;
348 : 00000000;
349 : 00000000;
34A : 00000000;
34B : 00000000;
34C : 00000000;
34D : 00000000;
34E : 00000000;
34F : 00000000;
350 : 00000000;
351 : 00000000;
352 : 00000000;
353 : 00000000;
354 : 00000000;
355 : 00000000;
356 : 00000000;
357 : 00000000;
358 : 00000000;
359 : 00000000;
35A : 00000000;
35B : 00000000;
35C : 00000000;
35D : 00000000;
35E : 00000000;
35F : 00000000;
360 : 00000000;
361 : 00000000;
362 : 00000000;
363 : 00000000;
364 : 00000000;
365 : 00000000;
366 : 00000000;
367 : 00000000;
368 : 00000000;
369 : 00000000;
36A : 00000000;
36B : 00000000;
36C : 00000000;
36D : 00000000;
36E : 00000000;
36F : 00000000;
370 : 00000000;
371 : 00000000;
372 : 00000000;
373 : 00000000;
374 : 00000000;
375 : 00000000;
376 : 00000000;
377 : 00000000;
378 : 00000000;
379 : 00000000;
37A : 00000000;
37B : 00000000;
37C : 00000000;
37D : 00000000;
37E : 00000000;
37F : 0000FFFF;
380 : 00000000;
381 : 00000000;
382 : 00000000;
383 : 00000000;
384 : 00000000;
385 : 0000FFFF;
386 : 00000000;
387 : 00000000;
388 : 00000000;
389 : 0000FFFF;
38A : FFFF0000;
38B : 00000000;
38C : 0000FFFF;
38D : 00000000;
38E : 00000000;
38F : 00000000;
390 : FFFF0000;
391 : 00000000;
392 : FFFF0000;
393 : 00000000;
394 : 00000000;
395 : 00000000;
396 : 00000000;
397 : 00000000;
398 : 00000000;
399 : 00000000;
39A : 00000000;
39B : 0000FFFF;
39C : 00000000;
39D : FFFF0000;
39E : 00000000;
39F : 0000FFFF;
3A0 : 00000000;
3A1 : 00000000;
3A2 : 0000FFFF;
3A3 : 00000000;
3A4 : 00000000;
3A5 : 0000FFFF;
3A6 : FFFF0000;
3A7 : 00000000;
3A8 : 00000000;
3A9 : 0000FFFF;
3AA : 00000000;
3AB : 00000000;
3AC : 00000000;
3AD : 00000000;
3AE : 00000000;
3AF : 00010000;
3B0 : 00000000;
3B1 : 00000000;
3B2 : 00000000;
3B3 : 00000000;
3B4 : 0001FFFF;
3B5 : 0000FFFF;
3B6 : 00000000;
3B7 : 00010001;
3B8 : 00000000;
3B9 : 00000000;
3BA : 00010000;
3BB : 00000000;
3BC : 00000000;
3BD : 00000000;
3BE : 00010000;
3BF : 00000000;
3C0 : 00000000;
3C1 : 00000000;
3C2 : 00000000;
3C3 : 00000001;
3C4 : 00010000;
3C5 : 00000000;
3C6 : 00010000;
3C7 : 00000001;
3C8 : 00000000;
3C9 : 00000000;
3CA : 00010001;
3CB : 00000000;
3CC : 00000000;
3CD : 00000000;
3CE : FFFFFFFF;
3CF : FFFF0001;
3D0 : 00010000;
3D1 : 00000000;
3D2 : FFFF0000;
3D3 : 00000000;
3D4 : 00000000;
3D5 : 0000FFFF;
3D6 : 00000000;
3D7 : 0000FFFF;
3D8 : FFFFFFFF;
3D9 : FFFF0000;
3DA : 0000FFFF;
3DB : 0000FFFF;
3DC : FFFFFFFF;
3DD : 00000000;
3DE : 00000000;
3DF : FFFF0000;
3E0 : FFFFFFFF;
3E1 : 00000000;
3E2 : 00000000;
3E3 : 00000000;
3E4 : 00000000;
3E5 : 0000FFFF;
3E6 : FFFF0000;
3E7 : 00000000;
3E8 : 00000000;
3E9 : 00000000;
3EA : FFFFFFFF;
3EB : FFFF0000;
3EC : 00000001;
3ED : 00010000;
3EE : 0000FFFF;
3EF : FFFF0000;
3F0 : 00000000;
3F1 : 00000000;
3F2 : 00000000;
3F3 : 00000000;
3F4 : 00000000;
3F5 : 00010001;
3F6 : 00010000;
3F7 : 00000000;
3F8 : 00000000;
3F9 : 00010000;
3FA : 00000000;
3FB : 00000001;
3FC : 00010001;
3FD : 00000000;
3FE : 00010000;
3FF : 00000000;
400 : 00000001;
401 : 00000000;
402 : 00000000;
403 : 00000001;
404 : 00010001;
405 : 0000FFFF;
406 : FFFFFFFF;
407 : FFFF0000;
408 : 00000000;
409 : 0000FFFF;
40A : 00000000;
40B : 00000000;
40C : 00000000;
40D : 0000FFFF;
40E : FFFEFFFE;
40F : FFFF0000;
410 : FFFFFFFF;
411 : 0000FFFF;
412 : 0000FFFF;
413 : FFFF0000;
414 : FFFEFFFF;
415 : 00010000;
416 : 00000000;
417 : 00000000;
418 : 0000FFFF;
419 : FFFFFFFF;
41A : 00000000;
41B : 00000000;
41C : 00010001;
41D : FFFF0000;
41E : FFFF0000;
41F : FFFFFFFF;
420 : FFFF0001;
421 : FFFEFFFF;
422 : 00000000;
423 : FFFF0001;
424 : 00000001;
425 : FFFF0000;
426 : FFFF0001;
427 : FFFF0001;
428 : FFFF0002;
429 : 0001FFFE;
42A : FFFF0001;
42B : 00000001;
42C : FFFFFFFF;
42D : FFFE0000;
42E : 0000FFFF;
42F : FFFE0000;
430 : FFFFFFFE;
431 : FFFE0000;
432 : 0000FFFD;
433 : 00000000;
434 : 0000FFFF;
435 : 00000001;
436 : 0000FFFF;
437 : 00000000;
438 : FFFFFFFE;
439 : FFFEFFFF;
43A : FFFEFFFD;
43B : FFFEFFFF;
43C : FFFEFFFF;
43D : 00010000;
43E : FFFEFFFE;
43F : FFFE0000;
440 : 00000000;
441 : FFFFFFFF;
442 : 00000000;
443 : FFFEFFFE;
444 : FFFF0001;
445 : 00010001;
446 : 00010000;
447 : 00020000;
448 : FFFD0000;
449 : 0001FFFF;
44A : FFFD0000;
44B : 00010000;
44C : FFFF0000;
44D : 00010000;
44E : 0003FFFF;
44F : FFFE0001;
450 : FFFEFFFE;
451 : FFFF0000;
452 : 00010001;
453 : 00000001;
454 : 00000000;
455 : FFFF0004;
456 : FFFF0004;
457 : 00030012;
458 : 00180018;
459 : 001A0014;
45A : 00150016;
45B : 00130019;
45C : 001B001A;
45D : 0019001B;
45E : 001C001C;
45F : 0020001B;
460 : 0018001C;
461 : 00180019;
462 : 001A001A;
463 : 00180017;
464 : 001C0019;
465 : 001D0018;
466 : 001B0018;
467 : 00180019;
468 : 00140019;
469 : 00180017;
46A : 00150017;
46B : 00150015;
46C : 00170014;
46D : 0014000F;
46E : 0013000E;
46F : 00110011;
470 : 000B000F;
471 : 000B000F;
472 : 000B000D;
473 : 0006000A;
474 : 0008000A;
475 : 00070004;
476 : 00040005;
477 : 00030004;
478 : 00010001;
479 : 0002FFFF;
47A : FFFFFFFC;
47B : FFFCFFFD;
47C : FFF6FFFB;
47D : FFF8FFF9;
47E : FFF5FFF7;
47F : FFEBFFEC;
480 : FFF0FFEF;
481 : FFF0FFED;
482 : FFEEFFEA;
483 : FFE3FFE9;
484 : FFE5FFE2;
485 : FFE6FFE4;
486 : FFE5FFDF;
487 : FFE5FFE0;
488 : FFDFFFE0;
489 : FFDEFFDE;
48A : FFDBFFE0;
48B : FFDFFFDF;
48C : FFDEFFDE;
48D : FFE0FFE1;
48E : FFE1FFDB;
48F : FFDFFFDF;
490 : FFE0FFDF;
491 : FFE1FFE0;
492 : FFDFFFE1;
493 : FFE0FFDD;
494 : FFDAFFE1;
495 : FFE0FFE3;
496 : FFE2FFE2;
497 : FFE3FFE2;
498 : FFE1FFE2;
499 : FFE0FFDF;
49A : FFE5FFE5;
49B : FFE1FFE3;
49C : FFE6FFE8;
49D : FFE4FFE7;
49E : FFE5FFE8;
49F : FFEDFFED;
4A0 : FFE8FFF2;
4A1 : FFEDFFF0;
4A2 : FFEFFFEE;
4A3 : FFEFFFF0;
4A4 : FFECFFF1;
4A5 : FFF6FFF5;
4A6 : FFF2FFF3;
4A7 : FFF3FFF6;
4A8 : FFF4FFF3;
4A9 : FFF6FFF1;
4AA : FFF5FFF4;
4AB : FFF3FFF9;
4AC : FFF3FFF5;
4AD : FFF5FFF8;
4AE : FFF6FFF7;
4AF : FFF6FFF5;
4B0 : FFF9FFF7;
4B1 : FFF4FFF6;
4B2 : FFFCFFFA;
4B3 : FFFAFFFD;
4B4 : FFFCFFFD;
4B5 : FFFAFFFE;
4B6 : FFFFFFFD;
4B7 : FFFC0002;
4B8 : FFFE0000;
4B9 : FFFFFFFE;
4BA : FFFFFFFF;
4BB : FFFDFFFE;
4BC : 0000FFFE;
4BD : FFFEFFFB;
4BE : FFFFFFFB;
4BF : FFFDFFF7;
4C0 : FFF8FFFB;
4C1 : FFFAFFFD;
4C2 : FFFDFFF6;
4C3 : FFF9FFF7;
4C4 : FFEFFFF6;
4C5 : FFF4FFF6;
4C6 : FFF1FFF2;
4C7 : FFF6FFF3;
4C8 : FFF1FFF7;
4C9 : FFF0FFF4;
4CA : FFF4FFED;
4CB : FFF4FFEE;
4CC : FFF3FFF0;
4CD : FFEFFFEF;
4CE : FFEDFFF2;
4CF : FFEFFFF1;
4D0 : FFF3FFEF;
4D1 : FFF1FFF1;
4D2 : FFF3FFF1;
4D3 : FFF2FFF5;
4D4 : FFF4FFF4;
4D5 : FFF5FFF7;
4D6 : FFF1FFF8;
4D7 : FFF2FFF5;
4D8 : FFF3FFF2;
4D9 : FFF0FFF2;
4DA : FFF2FFF0;
4DB : FFF3FFF3;
4DC : FFF2FFF4;
4DD : FFF5FFF5;
4DE : FFF1FFF1;
4DF : FFF2FFF4;
4E0 : FFF3FFF7;
4E1 : FFF5FFF9;
4E2 : FFF6FFF2;
4E3 : FFFBFFFE;
4E4 : FFFBFFF9;
4E5 : FFF8FFFE;
4E6 : FFFEFFFB;
4E7 : FFFFFFFE;
4E8 : FFFDFFFE;
4E9 : 0001FFFC;
4EA : FFFCFFFD;
4EB : FFFCFFFF;
4EC : FFFFFFFB;
4ED : FFF90000;
4EE : FFFDFFFD;
4EF : FFFCFFFC;
4F0 : FFFAFFFD;
4F1 : FFFCFFF7;
4F2 : FFFAFFF5;
4F3 : FFF6FFFB;
4F4 : FFF5FFFB;
4F5 : FFF3FFF8;
4F6 : FFF9FFF4;
4F7 : FFF7FFF6;
4F8 : FFF8FFF8;
4F9 : FFF4FFF1;
4FA : FFF0FFF3;
4FB : FFF0FFED;
4FC : FFF1FFF1;
4FD : FFEEFFF7;
4FE : FFEDFFED;
4FF : FFEFFFEC;
500 : FFEFFFEE;
501 : FFEBFFE8;
502 : FFE8FFE8;
503 : FFE8FFE8;
504 : FFE7FFEA;
505 : FFE9FFE8;
506 : FFE7FFE7;
507 : FFE5FFE9;
508 : FFE8FFEC;
509 : FFEAFFEA;
50A : FFEBFFE9;
50B : FFE9FFEB;
50C : FFE7FFE9;
50D : FFE9FFEB;
50E : FFEAFFEB;
50F : FFEDFFEB;
510 : FFEAFFE8;
511 : FFEAFFEB;
512 : FFEBFFE9;
513 : FFECFFEC;
514 : FFEBFFEE;
515 : FFECFFEC;
516 : FFE8FFEB;
517 : FFEAFFEF;
518 : FFEBFFEB;
519 : FFE7FFE4;
51A : FFEBFFE8;
51B : FFE2FFE6;
51C : FFEAFFEA;
51D : FFE5FFEA;
51E : FFE9FFE5;
51F : FFE6FFE9;
520 : FFE9FFEA;
521 : FFE7FFEC;
522 : FFECFFEB;
523 : FFEDFFEA;
524 : FFEBFFEB;
525 : FFEDFFF0;
526 : FFF1FFF6;
527 : FFF2FFEF;
528 : FFF0FFF1;
529 : FFEFFFF6;
52A : FFEEFFEE;
52B : FFF9FFF6;
52C : FFF4FFF8;
52D : FFF4FFF7;
52E : FFF9FFF7;
52F : FFF6FFF5;
530 : FFF5FFF9;
531 : FFF7FFF7;
532 : FFF4FFF3;
533 : FFF5FFFC;
534 : FFF2FFF2;
535 : FFF1FFF3;
536 : FFF1FFEC;
537 : FFEFFFEF;
538 : FFEFFFF5;
539 : FFF2FFEE;
53A : FFEAFFEA;
53B : FFECFFEA;
53C : FFE8FFEA;
53D : FFE8FFED;
53E : FFEAFFE8;
53F : FFE7FFE6;
540 : FFE5FFEB;
541 : FFE4FFE3;
542 : FFE4FFE2;
543 : FFE2FFE4;
544 : FFE0FFE0;
545 : FFDDFFDF;
546 : FFE0FFDE;
547 : FFDEFFDD;
548 : FFDFFFDA;
549 : FFD7FFDB;
54A : FFD4FFD5;
54B : FFDCFFD7;
54C : FFD9FFDD;
54D : FFD4FFD9;
54E : FFD8FFD7;
54F : FFD5FFDB;
550 : FFDBFFDB;
551 : FFD8FFD8;
552 : FFDBFFDB;
553 : FFDAFFDC;
554 : FFDBFFE2;
555 : FFDDFFDF;
556 : FFE1FFDA;
557 : FFE2FFE4;
558 : FFE4FFE4;
559 : FFE3FFE6;
55A : FFE3FFE1;
55B : FFE5FFE5;
55C : FFE7FFE8;
55D : FFE4FFEA;
55E : FFE4FFEA;
55F : FFE4FFE7;
560 : FFE9FFE9;
561 : FFE6FFEA;
562 : FFECFFE8;
563 : FFEEFFEA;
564 : FFECFFF1;
565 : FFEAFFF1;
566 : FFEFFFF0;
567 : FFEFFFEA;
568 : FFECFFF5;
569 : FFF3FFF4;
56A : FFF7FFF7;
56B : FFF9FFFD;
56C : FFFFFFFF;
56D : FFFAFFFF;
56E : FFFEFFFC;
56F : FFFF0001;
570 : FFFDFFFC;
571 : FFFAFFFD;
572 : FFFCFFFD;
573 : 00000000;
574 : FFFE0000;
575 : FFFD0003;
576 : FFFF0002;
577 : 00030005;
578 : 00010007;
579 : 00060005;
57A : 0007000B;
57B : 0007000A;
57C : 0006000A;
57D : 000A000C;
57E : 000D000E;
57F : 000D000C;
580 : 000B000F;
581 : 000D000D;
582 : 000A000E;
583 : 0010000D;
584 : 0010000C;
585 : 000B0010;
586 : 000C0011;
587 : 000C000A;
588 : 000B000E;
589 : 000A000C;
58A : 0009000C;
58B : 00080009;
58C : 00070009;
58D : 00080008;
58E : 00090006;
58F : 00040005;
590 : 00000004;
591 : 00020004;
592 : 00020004;
593 : 00060004;
594 : 00040002;
595 : 00020007;
596 : 00020005;
597 : 00030002;
598 : 00040003;
599 : 0007000A;
59A : 00040004;
59B : 00020002;
59C : 00040002;
59D : 00040001;
59E : FFFC0003;
59F : 0001FFFF;
5A0 : FFFE0002;
5A1 : 00060006;
5A2 : 00040004;
5A3 : 00030004;
5A4 : 00080004;
5A5 : 00050003;
5A6 : 00050006;
5A7 : 0009000B;
5A8 : 0008000D;
5A9 : 000B000D;
5AA : 000B000F;
5AB : 00110010;
5AC : 00120012;
5AD : 00110014;
5AE : 00130013;
5AF : 00140017;
5B0 : 00140012;
5B1 : 0016001A;
5B2 : 00190018;
5B3 : 0016001A;
5B4 : 00150017;
5B5 : 0016001B;
5B6 : 001C0019;
5B7 : 0017001B;
5B8 : 001D0016;
5B9 : 00190016;
5BA : 00170014;
5BB : 00140014;
5BC : 000F0011;
5BD : 000F0013;
5BE : 000E0011;
5BF : 00130013;
5C0 : 00110012;
5C1 : 00110011;
5C2 : 00100011;
5C3 : 000F000E;
5C4 : 000F000C;
5C5 : 000E000E;
5C6 : 000D000D;
5C7 : 000F000B;
5C8 : 000D000D;
5C9 : 0008000C;
5CA : 00060008;
5CB : 0007000C;
5CC : 0006000A;
5CD : 00060007;
5CE : 0006000A;
5CF : 00030002;
5D0 : 00020006;
5D1 : 00080004;
5D2 : 00010003;
5D3 : 00020002;
5D4 : 00030006;
5D5 : 00060007;
5D6 : 00050008;
5D7 : 00070007;
5D8 : 00070009;
5D9 : 0008000B;
5DA : 000A0009;
5DB : 000A000D;
5DC : 0005000D;
5DD : 0009000C;
5DE : 00060009;
5DF : 00070008;
5E0 : 000A000B;
5E1 : 000C000A;
5E2 : 0007000B;
5E3 : 00080007;
5E4 : 000A0007;
5E5 : 000B000D;
5E6 : 00100010;
5E7 : 000D000F;
5E8 : 000A000A;
5E9 : 000C000D;
5EA : 000F000E;
5EB : 000E0011;
5EC : 0010000F;
5ED : 00100010;
5EE : 00140012;
5EF : 00130010;
5F0 : 00150014;
5F1 : 0010000F;
5F2 : 00140019;
5F3 : 00180014;
5F4 : 00130017;
5F5 : 00110016;
5F6 : 00160019;
5F7 : 00150016;
5F8 : 00170018;
5F9 : 00150013;
5FA : 00190015;
5FB : 00170019;
5FC : 00160016;
5FD : 00120015;
5FE : 00110013;
5FF : 00120014;
600 : 00140013;
601 : 00140011;
602 : 00110014;
603 : 00130011;
604 : 00100012;
605 : 00100010;
606 : 000F000E;
607 : 000F000C;
608 : 000B000A;
609 : 000C000A;
60A : 000F0009;
60B : 00030009;
60C : 00020009;
60D : 00040006;
60E : 00010002;
60F : FFFFFFFF;
610 : FFFAFFFC;
611 : FFFAFFFA;
612 : FFFCFFFA;
613 : FFF6FFF7;
614 : FFF4FFF7;
615 : FFF3FFF3;
616 : FFF1FFF4;
617 : FFF0FFEE;
618 : FFF3FFEF;
619 : FFF2FFF3;
61A : FFF0FFEF;
61B : FFF5FFF3;
61C : FFF2FFF3;
61D : FFF3FFF9;
61E : FFF8FFF7;
61F : FFF6FFF7;
620 : FFF7FFFE;
621 : FFFAFFFE;
622 : FFFCFFFA;
623 : FFFFFFFA;
624 : FFFD0002;
625 : 00010001;
626 : 0000FFFF;
627 : 0002FFFF;
628 : 00010001;
629 : 00020003;
62A : FFFFFFFE;
62B : 00010000;
62C : 00040005;
62D : 00090006;
62E : 00060009;
62F : 0006000A;
630 : 000A000D;
631 : 000D000A;
632 : 000D0011;
633 : 000A000D;
634 : 000B0010;
635 : 000B0011;
636 : 0010000E;
637 : 000D000D;
638 : 000A000A;
639 : 000D0009;
63A : 000F0008;
63B : 0005000A;
63C : 00080009;
63D : 000A000A;
63E : 00050004;
63F : 00060006;
640 : 00050007;
641 : 00060007;
642 : 0005000A;
643 : 00080005;
644 : 00040005;
645 : 00040005;
646 : 00090001;
647 : 00030007;
648 : 00050008;
649 : 00040004;
64A : 00000003;
64B : FFFF0004;
64C : 00020004;
64D : 00030001;
64E : 0001FFFE;
64F : 0002FFFF;
650 : FFFDFFFB;
651 : FFFDFFFC;
652 : FFF8FFFB;
653 : FFF9FFF8;
654 : FFF3FFF7;
655 : FFF8FFF8;
656 : FFF8FFF8;
657 : FFFAFFFA;
658 : FFF5FFF3;
659 : FFF1FFF2;
65A : FFEEFFEE;
65B : FFEEFFF0;
65C : FFF2FFEC;
65D : FFEEFFF2;
65E : FFEEFFED;
65F : FFEEFFED;
660 : FFECFFEE;
661 : FFE9FFEC;
662 : FFEAFFEE;
663 : FFF0FFEF;
664 : FFEBFFED;
665 : FFE9FFED;
666 : FFEAFFEC;
667 : FFECFFEC;
668 : FFE9FFEB;
669 : FFEBFFEB;
66A : FFE8FFE9;
66B : FFE7FFE4;
66C : FFE9FFEA;
66D : FFEBFFEA;
66E : FFE9FFE5;
66F : FFEAFFE8;
670 : FFE3FFEA;
671 : FFECFFEE;
672 : FFEDFFEE;
673 : FFECFFF1;
674 : FFF1FFF3;
675 : FFEEFFF5;
676 : FFF3FFF5;
677 : FFF7FFF4;
678 : FFF6FFF9;
679 : FFF9FFF8;
67A : FFFCFFF9;
67B : FFFEFFFF;
67C : FFFCFFFB;
67D : FFFD0001;
67E : 0000FFFF;
67F : FFFCFFFD;
680 : FFFF0002;
681 : FFFDFFFF;
682 : FFFDFFFC;
683 : FFFCFFFC;
684 : FFFAFFFB;
685 : FFFAFFF9;
686 : FFF9FFF6;
687 : FFFBFFF9;
688 : FFFDFFFB;
689 : FFFAFFF6;
68A : FFF9FFFB;
68B : FFF4FFFA;
68C : FFF7FFFD;
68D : FFF6FFF5;
68E : FFF5FFFA;
68F : FFF7FFF7;
690 : FFF9FFF9;
691 : FFF8FFF9;
692 : FFF8FFF6;
693 : FFF7FFFA;
694 : FFF6FFF5;
695 : FFF8FFF8;
696 : FFF6FFF3;
697 : FFF8FFF5;
698 : FFF2FFF5;
699 : FFF7FFF5;
69A : FFF3FFF6;
69B : FFF3FFF5;
69C : FFF7FFF6;
69D : FFF6FFF7;
69E : FFF8FFF8;
69F : FFF9FFFA;
6A0 : FFF9FFF9;
6A1 : FFF9FFF9;
6A2 : FFFBFFFC;
6A3 : FFFE0000;
6A4 : FFFDFFFE;
6A5 : FFFEFFFE;
6A6 : FFFF0001;
6A7 : 00020002;
6A8 : 00000008;
6A9 : 00010004;
6AA : FFFF0001;
6AB : 00020006;
6AC : 00060001;
6AD : 00040004;
6AE : 00070006;
6AF : 00030008;
6B0 : 00050006;
6B1 : 00050008;
6B2 : 00060007;
6B3 : 0009000A;
6B4 : 000C0007;
6B5 : 00030009;
6B6 : 00070007;
6B7 : 000C000E;
6B8 : 0009000B;
6B9 : 000A0007;
6BA : 00080009;
6BB : 00060007;
6BC : 000A0009;
6BD : 0007000B;
6BE : 000C000A;
6BF : 000B000A;
6C0 : 000B0007;
6C1 : 00040005;
6C2 : 00020004;
6C3 : 00030002;
6C4 : 00000001;
6C5 : FFFF0000;
6C6 : FFFAFFFC;
6C7 : FFFDFFFC;
6C8 : FFF9FFFE;
6C9 : FFFBFFF7;
6CA : FFFCFFF7;
6CB : FFFCFFF9;
6CC : FFFCFFFB;
6CD : FFFB0000;
6CE : FFFBFFFB;
6CF : FFFBFFF6;
6D0 : FFFBFFF6;
6D1 : FFF8FFF8;
6D2 : FFF8FFF6;
6D3 : FFF9FFF9;
6D4 : FFF4FFF4;
6D5 : FFF3FFF8;
6D6 : FFF1FFF0;
6D7 : FFEFFFF0;
6D8 : FFEDFFF2;
6D9 : FFEBFFEF;
6DA : FFEFFFEB;
6DB : FFEAFFEA;
6DC : FFE9FFEB;
6DD : FFE5FFEB;
6DE : FFEAFFE9;
6DF : FFE9FFE4;
6E0 : FFE7FFE3;
6E1 : FFE5FFE4;
6E2 : FFE3FFE9;
6E3 : FFE5FFEA;
6E4 : FFE9FFE8;
6E5 : FFECFFEC;
6E6 : FFEDFFED;
6E7 : FFECFFED;
6E8 : FFF1FFF2;
6E9 : FFF1FFF2;
6EA : FFF4FFF8;
6EB : FFF5FFFA;
6EC : FFF9FFF9;
6ED : FFF7FFFB;
6EE : FFF9FFF6;
6EF : FFFEFFFF;
6F0 : FFFF0003;
6F1 : 00040002;
6F2 : 00040001;
6F3 : 00040002;
6F4 : 00020006;
6F5 : 000C0008;
6F6 : 00070009;
6F7 : 0007000A;
6F8 : 0008000E;
6F9 : 0008000B;
6FA : 000E000E;
6FB : 000F000E;
6FC : 00110011;
6FD : 000F0014;
6FE : 00110013;
6FF : 00150013;
700 : 00170015;
701 : 00130013;
702 : 00180015;
703 : 00150017;
704 : 00130016;
705 : 00120017;
706 : 00120013;
707 : 00150014;
708 : 00130014;
709 : 00140018;
70A : 00150012;
70B : 00120016;
70C : 0019001A;
70D : 001B001B;
70E : 0018001C;
70F : 00150017;
710 : 001A001D;
711 : 001E0015;
712 : 001B0019;
713 : 001A001E;
714 : 001A001B;
715 : 001A001C;
716 : 001D001F;
717 : 001F001E;
718 : 00210020;
719 : 001A0021;
71A : 0021001C;
71B : 001F001E;
71C : 001D0020;
71D : 001E001B;
71E : 001D0019;
71F : 001F0020;
720 : 001D0021;
721 : 001E0020;
722 : 00190018;
723 : 001D001C;
724 : 0018001B;
725 : 001C001F;
726 : 001A0019;
727 : 001D001B;
728 : 001F001F;
729 : 001F0021;
72A : 00180021;
72B : 001D0020;
72C : 00200022;
72D : 00200020;
72E : 00200022;
72F : 001D001E;
730 : 001D0022;
731 : 001F0020;
732 : 001F001C;
733 : 001E0020;
734 : 001F0020;
735 : 001F0024;
736 : 001F0022;
737 : 00200022;
738 : 00210020;
739 : 001E0023;
73A : 001F0024;
73B : 00220026;
73C : 00230023;
73D : 00260024;
73E : 00250024;
73F : 00260026;
740 : 00280027;
741 : 00260027;
742 : 002A0026;
743 : 00240022;
744 : 00220023;
745 : 001E0027;
746 : 00220020;
747 : 001F001C;
748 : 001E001C;
749 : 001A001E;
74A : 001C0019;
74B : 001A0017;
74C : 00160018;
74D : 00160019;
74E : 00140012;
74F : 00150012;
750 : 000F000F;
751 : 000E0010;
752 : 000D000E;
753 : 00150010;
754 : 000E000E;
755 : 000D000E;
756 : 00070008;
757 : 00080009;
758 : 0006000B;
759 : 00060003;
75A : 00050002;
75B : FFFF0001;
75C : 0003FFFF;
75D : FFFEFFFF;
75E : FFFBFFFD;
75F : FFFEFFFB;
760 : FFF90000;
761 : FFFAFFFB;
762 : FFFBFFFB;
763 : FFFEFFFA;
764 : FFFCFFFF;
765 : FFFBFFFD;
766 : FFFE0001;
767 : FFFDFFFD;
768 : 00040002;
769 : 00030000;
76A : 00000009;
76B : 00010005;
76C : 00050006;
76D : 00080005;
76E : 00060005;
76F : 00020005;
770 : 00070004;
771 : 00040004;
772 : 00020002;
773 : 00050005;
774 : 00030006;
775 : 00010003;
776 : 00030000;
777 : 00020003;
778 : 0001FFFF;
779 : 00020007;
77A : 00070000;
77B : 0000FFFF;
77C : 00000005;
77D : 00020001;
77E : 00080004;
77F : 00050003;
780 : 00030006;
781 : 00040009;
782 : 0003000C;
783 : 00020002;
784 : 00050006;
785 : 00020001;
786 : FFFCFFFE;
787 : FFFF0000;
788 : FFFD0002;
789 : FFFC0000;
78A : FFFDFFF9;
78B : FFFAFFF9;
78C : FFF9FFFA;
78D : FFF5FFF7;
78E : FFF2FFF4;
78F : FFF7FFF2;
790 : FFF3FFEE;
791 : FFF6FFF2;
792 : FFF1FFF1;
793 : FFF1FFF3;
794 : FFF0FFF1;
795 : FFF4FFF1;
796 : FFF0FFF3;
797 : FFF1FFF7;
798 : FFF0FFF3;
799 : FFEEFFEF;
79A : FFF3FFEE;
79B : FFEAFFEA;
79C : FFECFFED;
79D : FFE5FFE9;
79E : FFE7FFE5;
79F : FFE4FFE3;
7A0 : FFE2FFE3;
7A1 : FFE1FFE2;
7A2 : FFDFFFDD;
7A3 : FFDFFFDC;
7A4 : FFDCFFDE;
7A5 : FFDBFFDC;
7A6 : FFD8FFD7;
7A7 : FFDBFFD8;
7A8 : FFD5FFDA;
7A9 : FFD8FFD5;
7AA : FFD6FFD9;
7AB : FFD5FFD7;
7AC : FFDBFFDC;
7AD : FFD6FFD9;
7AE : FFD9FFDA;
7AF : FFDCFFD9;
7B0 : FFD7FFDF;
7B1 : FFDAFFDA;
7B2 : FFD1FFDA;
7B3 : FFD7FFD5;
7B4 : FFDAFFDE;
7B5 : FFD9FFDE;
7B6 : FFDFFFDE;
7B7 : FFE1FFE0;
7B8 : FFDFFFDD;
7B9 : FFE0FFE1;
7BA : FFE2FFDE;
7BB : FFE2FFE5;
7BC : FFE4FFE5;
7BD : FFE3FFE7;
7BE : FFE7FFEA;
7BF : FFE7FFE8;
7C0 : FFE5FFEA;
7C1 : FFE8FFEF;
7C2 : FFEBFFEB;
7C3 : FFECFFEA;
7C4 : FFEBFFEF;
7C5 : FFEFFFF4;
7C6 : FFF0FFF3;
7C7 : FFEEFFEF;
7C8 : FFEFFFEF;
7C9 : FFEEFFF2;
7CA : FFF2FFEF;
7CB : FFF0FFF1;
7CC : FFF4FFF0;
7CD : FFF2FFF5;
7CE : FFF1FFF0;
7CF : FFF2FFF6;
7D0 : FFF2FFF6;
7D1 : FFF7FFF7;
7D2 : FFF9FFF6;
7D3 : FFFFFFF8;
7D4 : FFF6FFF7;
7D5 : FFF5FFF8;
7D6 : FFF4FFFB;
7D7 : FFF9FFF9;
7D8 : FFF9FFFB;
7D9 : FFF9FFF9;
7DA : FFFAFFFC;
7DB : FFF8FFF6;
7DC : FFF6FFF9;
7DD : FFF7FFF7;
7DE : FFF5FFF6;
7DF : FFF5FFF7;
7E0 : FFF7FFF6;
7E1 : FFF7FFF6;
7E2 : FFF8FFF8;
7E3 : FFF4FFF7;
7E4 : FFFBFFFB;
7E5 : FFF3FFF8;
7E6 : FFFAFFF7;
7E7 : FFF4FFF3;
7E8 : FFF8FFF4;
7E9 : FFF3FFF6;
7EA : FFF4FFF2;
7EB : FFF2FFF0;
7EC : FFF2FFEE;
7ED : FFF2FFF1;
7EE : FFEEFFF3;
7EF : FFEFFFF5;
7F0 : FFEEFFF0;
7F1 : FFF3FFF0;
7F2 : FFEBFFEF;
7F3 : FFEFFFEB;
7F4 : FFECFFEF;
7F5 : FFECFFED;
7F6 : FFE8FFEE;
7F7 : FFEEFFED;
7F8 : FFEEFFF0;
7F9 : FFF1FFEC;
7FA : FFF1FFED;
7FB : FFECFFEB;
7FC : FFEFFFEC;
7FD : FFEDFFED;
7FE : FFEEFFF1;
7FF : FFECFFED;
800 : FFF0FFF1;
801 : FFF2FFF2;
802 : FFF3FFF1;
803 : FFF2FFF5;
804 : FFF6FFF7;
805 : FFF0FFF7;
806 : FFF5FFF4;
807 : FFF7FFF2;
808 : FFF4FFF8;
809 : FFF5FFFB;
80A : FFF8FFF7;
80B : FFF7FFF9;
80C : FFEFFFF9;
80D : FFF7FFF9;
80E : FFF9FFF9;
80F : FFF9FFFB;
810 : FFF6FFF3;
811 : FFF9FFF5;
812 : FFF6FFF5;
813 : FFF0FFF4;
814 : FFF4FFF2;
815 : FFF3FFF3;
816 : FFF1FFF6;
817 : FFF2FFF7;
818 : FFF3FFF5;
819 : FFF3FFF5;
81A : FFF2FFF5;
81B : FFF9FFF4;
81C : FFF3FFF4;
81D : FFF4FFF4;
81E : FFF4FFF1;
81F : FFF2FFF7;
820 : FFF0FFEC;
821 : FFF3FFF0;
822 : FFF3FFF3;
823 : FFF0FFEE;
824 : FFEEFFF2;
825 : FFEDFFF0;
826 : FFEFFFEC;
827 : FFEEFFEF;
828 : FFEDFFEF;
829 : FFECFFEA;
82A : FFE9FFED;
82B : FFEBFFEF;
82C : FFEEFFED;
82D : FFF0FFF0;
82E : FFEDFFF0;
82F : FFEBFFF2;
830 : FFF0FFF3;
831 : FFEEFFF0;
832 : FFF1FFF4;
833 : FFF2FFF2;
834 : FFF5FFF2;
835 : FFEFFFF0;
836 : FFF3FFEC;
837 : FFF0FFF6;
838 : FFEDFFF0;
839 : FFF2FFF0;
83A : FFF5FFF4;
83B : FFF0FFF6;
83C : FFF1FFF5;
83D : FFF1FFF5;
83E : FFF5FFF3;
83F : FFF4FFF8;
840 : FFF5FFFA;
841 : FFF1FFF7;
842 : FFFAFFF6;
843 : FFF8FFFC;
844 : FFFEFFFC;
845 : FFFC0002;
846 : 00030000;
847 : FFFD0002;
848 : 00000003;
849 : 00020000;
84A : 00040006;
84B : 00050006;
84C : 00010004;
84D : 000A0006;
84E : 000B000B;
84F : 0003000D;
850 : 0003000B;
851 : 00040007;
852 : 000B0007;
853 : 00040005;
854 : 00060002;
855 : 00000002;
856 : 00060001;
857 : 00010001;
858 : FFFAFFFF;
859 : FFFEFFFB;
85A : FFFCFFFA;
85B : FFFFFFF7;
85C : 00010002;
85D : FFF9FFFD;
85E : FFFDFFFB;
85F : FFFFFFF9;
860 : FFFBFFFC;
861 : FFFAFFFC;
862 : FFF8FFF8;
863 : FFF7FFF5;
864 : FFF2FFF9;
865 : FFF0FFF6;
866 : FFF1FFF1;
867 : FFEFFFED;
868 : FFEBFFE9;
869 : FFE9FFE8;
86A : FFE6FFE6;
86B : FFE1FFE2;
86C : FFE2FFE5;
86D : FFE3FFE2;
86E : FFE3FFE2;
86F : FFE1FFE2;
870 : FFE3FFE4;
871 : FFE2FFE4;
872 : FFE9FFE5;
873 : FFE5FFE7;
874 : FFEAFFEC;
875 : FFE4FFED;
876 : FFE8FFEC;
877 : FFEEFFED;
878 : FFEEFFF2;
879 : FFF0FFF0;
87A : FFEDFFF5;
87B : FFEFFFF2;
87C : FFF2FFF3;
87D : FFF1FFF2;
87E : FFF2FFF6;
87F : FFF9FFF7;
880 : FFFCFFFB;
881 : FFF9FFFE;
882 : FFF9FFFB;
883 : FFFDFFFD;
884 : FFFF0002;
885 : 00030006;
886 : 00050001;
887 : 0003000C;
888 : 000B000A;
889 : 000C000F;
88A : 000F0010;
88B : 000F0013;
88C : 00150013;
88D : 00120016;
88E : 001F0018;
88F : 001A0019;
890 : 0017001F;
891 : 001B001A;
892 : 001B001D;
893 : 001D001F;
894 : 001B0021;
895 : 001E0020;
896 : 0021001D;
897 : 0021001F;
898 : 00240023;
899 : 0027002B;
89A : 00250025;
89B : 0027002B;
89C : 00250029;
89D : 00270028;
89E : 002A0027;
89F : 00280029;
8A0 : 0029002A;
8A1 : 00230027;
8A2 : 00260028;
8A3 : 00260024;
8A4 : 002A0023;
8A5 : 00220028;
8A6 : 00240028;
8A7 : 00240026;
8A8 : 00240021;
8A9 : 001F001F;
8AA : 001E0020;
8AB : 001E001F;
8AC : 0017001B;
8AD : 00160018;
8AE : 00170012;
8AF : 00150017;
8B0 : 00140011;
8B1 : 00130014;
8B2 : 0011000C;
8B3 : 000E0012;
8B4 : 0009000C;
8B5 : 00060007;
8B6 : 00080007;
8B7 : 00080006;
8B8 : 00070005;
8B9 : 00040007;
8BA : 00070003;
8BB : 00040008;
8BC : 00060003;
8BD : FFFF0001;
8BE : 00060000;
8BF : 00020003;
8C0 : 00020001;
8C1 : 00040001;
8C2 : 00030004;
8C3 : 0005000A;
8C4 : 00030005;
8C5 : 0006000A;
8C6 : 00070009;
8C7 : 0006000A;
8C8 : 0007000B;
8C9 : 0008000D;
8CA : 000C000C;
8CB : 000E000B;
8CC : 000B0010;
8CD : 00110013;
8CE : 00140010;
8CF : 00140015;
8D0 : 00150017;
8D1 : 00140019;
8D2 : 001B001D;
8D3 : 00180017;
8D4 : 001A0015;
8D5 : 0017001C;
8D6 : 0016001B;
8D7 : 00180012;
8D8 : 0018001B;
8D9 : 0015001A;
8DA : 001C0018;
8DB : 001D001B;
8DC : 00190019;
8DD : 00180019;
8DE : 00140018;
8DF : 00170015;
8E0 : 00170018;
8E1 : 00150018;
8E2 : 00150013;
8E3 : 00110018;
8E4 : 00170018;
8E5 : 00130017;
8E6 : 00120013;
8E7 : 0015000F;
8E8 : 00100011;
8E9 : 000F000C;
8EA : 000E000D;
8EB : 000E000F;
8EC : 000E0011;
8ED : 000E000C;
8EE : 000B000B;
8EF : 0009000A;
8F0 : 000B0009;
8F1 : 00070009;
8F2 : 00080007;
8F3 : 0007000C;
8F4 : 0008000B;
8F5 : 0009000D;
8F6 : 000B000B;
8F7 : 000A000A;
8F8 : 000B000B;
8F9 : 0008000A;
8FA : 000B000A;
8FB : 000E000C;
8FC : 00130014;
8FD : 000E000C;
8FE : 000C000C;
8FF : 000C0007;
900 : 0006000A;
901 : 00050009;
902 : 00090009;
903 : 00080005;
904 : 000C0009;
905 : 00060008;
906 : 00090008;
907 : 000B0008;
908 : 00060004;
909 : 00070008;
90A : 000B0007;
90B : 0006000B;
90C : 0007000A;
90D : 00090007;
90E : 000E000A;
90F : 000C000C;
910 : 00070009;
911 : 00080007;
912 : 00080009;
913 : 000E000B;
914 : 000C000B;
915 : 0006000D;
916 : 0007000E;
917 : 000C000B;
918 : 0008000B;
919 : 000B0004;
91A : 00080003;
91B : 00060007;
91C : 00000002;
91D : 0002FFFF;
91E : FFFF0001;
91F : FFFC0000;
920 : FFFE0001;
921 : FFFFFFFC;
922 : FFFB0001;
923 : FFFEFFF9;
924 : FFFAFFFF;
925 : FFF7FFFA;
926 : FFF8FFF7;
927 : FFF5FFF5;
928 : FFF7FFF6;
929 : FFEFFFF7;
92A : FFF3FFED;
92B : FFEFFFF0;
92C : FFF1FFED;
92D : FFEDFFEA;
92E : FFEAFFEB;
92F : FFE4FFEC;
930 : FFE9FFE3;
931 : FFE5FFE3;
932 : FFE1FFDE;
933 : FFE0FFE3;
934 : FFE1FFE2;
935 : FFE5FFE0;
936 : FFE2FFE1;
937 : FFE1FFE2;
938 : FFE2FFE1;
939 : FFDAFFDB;
93A : FFE2FFDE;
93B : FFE1FFE3;
93C : FFE3FFE2;
93D : FFE4FFE9;
93E : FFE5FFE0;
93F : FFE0FFE3;
940 : FFE8FFEA;
941 : FFEBFFE9;
942 : FFE7FFE9;
943 : FFE7FFE7;
944 : FFEAFFE7;
945 : FFE8FFE8;
946 : FFECFFEB;
947 : FFEEFFEF;
948 : FFECFFF1;
949 : FFEFFFEC;
94A : FFF2FFF4;
94B : FFF6FFF5;
94C : FFF0FFF8;
94D : FFF2FFF5;
94E : FFF7FFF8;
94F : FFFAFFFC;
950 : FFFD0001;
951 : FFFD0002;
952 : 00010002;
953 : 00040001;
954 : 00040005;
955 : 0006000D;
956 : 00090008;
957 : 00080007;
958 : 000A000D;
959 : 00080007;
95A : 0005000D;
95B : 000A000B;
95C : 00090008;
95D : 00070008;
95E : 00090007;
95F : 00060007;
960 : 00040007;
961 : 000A0003;
962 : 00080007;
963 : 00090007;
964 : 00060009;
965 : 00020008;
966 : 00090005;
967 : 00060007;
968 : 00050007;
969 : 00020002;
96A : 00070005;
96B : 00040001;
96C : FFFFFFFB;
96D : FFFAFFF6;
96E : FFF8FFF6;
96F : FFFFFFF7;
970 : FFF7FFF6;
971 : FFF6FFF6;
972 : FFF3FFF3;
973 : FFF6FFF3;
974 : FFF4FFF5;
975 : FFEEFFF6;
976 : FFF2FFEE;
977 : FFEBFFEC;
978 : FFEDFFEA;
979 : FFEBFFE8;
97A : FFE5FFE5;
97B : FFE5FFE2;
97C : FFE3FFE5;
97D : FFDFFFE6;
97E : FFE1FFE4;
97F : FFE6FFE3;
980 : FFE4FFE7;
981 : FFE0FFE5;
982 : FFE5FFE7;
983 : FFE6FFE4;
984 : FFE2FFE5;
985 : FFE6FFE6;
986 : FFEAFFE5;
987 : FFE2FFE8;
988 : FFE6FFE5;
989 : FFEAFFEB;
98A : FFEBFFE7;
98B : FFE7FFEC;
98C : FFECFFEB;
98D : FFE9FFEC;
98E : FFEBFFE9;
98F : FFEFFFEB;
990 : FFEBFFEC;
991 : FFF2FFF1;
992 : FFF1FFF3;
993 : FFF1FFF2;
994 : FFF4FFF8;
995 : FFF7FFF7;
996 : FFF6FFF9;
997 : FFF9FFFB;
998 : FFFAFFFD;
999 : FFFAFFFA;
99A : FFF9FFF8;
99B : FFF2FFFA;
99C : FFF9FFF9;
99D : FFFAFFFE;
99E : FFFBFFF9;
99F : FFF7FFFB;
9A0 : FFFAFFF4;
9A1 : FFF8FFEE;
9A2 : FFF7FFF0;
9A3 : FFEFFFF3;
9A4 : FFF1FFF1;
9A5 : FFEEFFF3;
9A6 : FFECFFEE;
9A7 : FFEAFFEC;
9A8 : FFEAFFEC;
9A9 : FFEEFFEB;
9AA : FFECFFF0;
9AB : FFEAFFF0;
9AC : FFE9FFEC;
9AD : FFEDFFE9;
9AE : FFEEFFF1;
9AF : FFEAFFE7;
9B0 : FFF0FFEB;
9B1 : FFEDFFEC;
9B2 : FFEBFFEC;
9B3 : FFEBFFF2;
9B4 : FFE9FFEE;
9B5 : FFEDFFEE;
9B6 : FFEEFFE8;
9B7 : FFE9FFE9;
9B8 : FFEAFFE8;
9B9 : FFEDFFEC;
9BA : FFEFFFEA;
9BB : FFEAFFEF;
9BC : FFEBFFEC;
9BD : FFEFFFF0;
9BE : FFF0FFF0;
9BF : FFF0FFF0;
9C0 : FFF2FFF4;
9C1 : FFF3FFF4;
9C2 : FFF0FFF3;
9C3 : FFF1FFF2;
9C4 : FFF4FFF4;
9C5 : FFF5FFF5;
9C6 : FFF5FFF1;
9C7 : FFF4FFF1;
9C8 : FFF2FFF7;
9C9 : FFF3FFEF;
9CA : FFEEFFF4;
9CB : FFF2FFF3;
9CC : FFF6FFF7;
9CD : FFF6FFFA;
9CE : FFF3FFF8;
9CF : FFF6FFF4;
9D0 : FFF2FFF7;
9D1 : FFF8FFF4;
9D2 : FFFAFFF6;
9D3 : FFF8FFF9;
9D4 : FFF9FFF8;
9D5 : FFF8FFFC;
9D6 : FFF7FFFF;
9D7 : FFFD0000;
9D8 : FFFEFFFB;
9D9 : FFFAFFFB;
9DA : FFFCFFFE;
9DB : FFFC0000;
9DC : 00010002;
9DD : 0003FFFD;
9DE : 00020000;
9DF : 00020004;
9E0 : 00000003;
9E1 : 0000FFFC;
9E2 : 00010004;
9E3 : FFFCFFFC;
9E4 : 0002FFF9;
9E5 : FFFBFFFA;
9E6 : FFFBFFFC;
9E7 : FFF6FFFE;
9E8 : FFF8FFFD;
9E9 : FFFEFFF8;
9EA : FFFEFFF6;
9EB : FFF7FFF9;
9EC : FFFAFFF3;
9ED : FFF8FFFD;
9EE : FFF5FFF5;
9EF : FFF7FFF9;
9F0 : FFF4FFF4;
9F1 : FFF3FFF6;
9F2 : FFF3FFF6;
9F3 : FFF1FFF0;
9F4 : FFF2FFF0;
9F5 : FFF2FFF2;
9F6 : FFEEFFED;
9F7 : FFF2FFF1;
9F8 : FFF1FFF1;
9F9 : FFEBFFF5;
9FA : FFF1FFED;
9FB : FFEEFFED;
9FC : FFEDFFEE;
9FD : FFECFFEF;
9FE : FFF1FFEF;
9FF : FFF2FFF2;
A00 : FFF0FFF6;
A01 : FFF5FFF6;
A02 : FFF5FFF1;
A03 : FFEFFFF4;
A04 : FFF5FFF7;
A05 : FFF9FFFD;
A06 : FFFBFFF9;
A07 : FFF9FFF9;
A08 : FFFDFFFF;
A09 : FFF7FFF7;
A0A : FFFE0001;
A0B : 0001FFFB;
A0C : FFFF0001;
A0D : FFFEFFFD;
A0E : 0004FFFE;
A0F : 00000004;
A10 : FFFC0001;
A11 : 0002FFFC;
A12 : FFFF0005;
A13 : 00010002;
A14 : 00000004;
A15 : FFFF0003;
A16 : 00030001;
A17 : 00010007;
A18 : 00010006;
A19 : 00070004;
A1A : 00040007;
A1B : 000A000A;
A1C : 00060009;
A1D : 000A000B;
A1E : 000C000A;
A1F : 000C000F;
A20 : 0012000D;
A21 : 000D000C;
A22 : 000A000D;
A23 : 00100011;
A24 : 000B000D;
A25 : 0006000B;
A26 : 0008000C;
A27 : 000A000A;
A28 : 000B000D;
A29 : 000E0008;
A2A : 00100009;
A2B : 000D000D;
A2C : 00080009;
A2D : 00110010;
A2E : 00080015;
A2F : 0010000E;
A30 : 000E0011;
A31 : 0010000E;
A32 : 000B0009;
A33 : 000F000D;
A34 : 00110011;
A35 : 000E000A;
A36 : 000B0014;
A37 : 0010000B;
A38 : 000B000E;
A39 : 000C000D;
A3A : 000D000A;
A3B : 000D000B;
A3C : 000B000C;
A3D : 000A0009;
A3E : 00090006;
A3F : 00060007;
A40 : 0006000A;
A41 : 00020008;
A42 : 00090009;
A43 : 00040005;
A44 : 0003000A;
A45 : 00070003;
A46 : 00060008;
A47 : 00080006;
A48 : 000D000E;
A49 : 000D000E;
A4A : 000C0007;
A4B : 000A000E;
A4C : 000D0010;
A4D : 00100010;
A4E : 0013000F;
A4F : 00130014;
A50 : 00120015;
A51 : 00110013;
A52 : 00140013;
A53 : 00160016;
A54 : 00130018;
A55 : 0012001D;
A56 : 0016001A;
A57 : 00160014;
A58 : 00180019;
A59 : 001C0017;
A5A : 001C0019;
A5B : 001A001A;
A5C : 0018001E;
A5D : 001A001B;
A5E : 001E001A;
A5F : 001A001D;
A60 : 001F0021;
A61 : 00180019;
A62 : 001E001C;
A63 : 001D0018;
A64 : 001B0018;
A65 : 00180017;
A66 : 001A0018;
A67 : 00170017;
A68 : 00140015;
A69 : 0012000F;
A6A : 00120015;
A6B : 00170014;
A6C : 00110017;
A6D : 00140011;
A6E : 0016001B;
A6F : 00180015;
A70 : 00190019;
A71 : 00100010;
A72 : 00120013;
A73 : 00150015;
A74 : 00120014;
A75 : 00140013;
A76 : 00130013;
A77 : 00150017;
A78 : 00130010;
A79 : 00150013;
A7A : 00120010;
A7B : 000F0013;
A7C : 0011000F;
A7D : 000D0016;
A7E : 0015000F;
A7F : 00120010;
A80 : 000D000C;
A81 : 000C000F;
A82 : 000E000B;
A83 : 0012000D;
A84 : 00110010;
A85 : 00140013;
A86 : 00100019;
A87 : 00160017;
A88 : 00140019;
A89 : 00190016;
A8A : 001D0019;
A8B : 001A0015;
A8C : 0018001C;
A8D : 00150018;
A8E : 00190013;
A8F : 00160016;
A90 : 00150018;
A91 : 00110016;
A92 : 0011000F;
A93 : 0010000E;
A94 : 000C0012;
A95 : 0011000F;
A96 : 000E000D;
A97 : 000E000E;
A98 : 000C0010;
A99 : 000D000F;
A9A : 000F000D;
A9B : 0009000D;
A9C : 0012000F;
A9D : 000C0013;
A9E : 001A000F;
A9F : 000D000F;
AA0 : 00140014;
AA1 : 00100012;
AA2 : 0010000F;
AA3 : 00100012;
AA4 : 00100012;
AA5 : 0010000C;
AA6 : 000F0013;
AA7 : 00080009;
AA8 : 000B000B;
AA9 : 000C000A;
AAA : 000B0007;
AAB : 00070008;
AAC : 00040009;
AAD : 00060003;
AAE : 00050000;
AAF : 0004FFFE;
AB0 : 0000FFFF;
AB1 : 0001FFFE;
AB2 : FFFEFFFE;
AB3 : FFFFFFFF;
AB4 : 0000FFFE;
AB5 : FFFEFFF8;
AB6 : FFFAFFFF;
AB7 : FFFDFFFC;
AB8 : FFF6FFFF;
AB9 : FFF9FFF9;
ABA : FFF8FFF3;
ABB : FFF5FFF6;
ABC : FFF1FFF1;
ABD : FFF5FFF3;
ABE : FFF2FFEF;
ABF : FFF5FFED;
AC0 : FFE6FFEE;
AC1 : FFEAFFEC;
AC2 : FFECFFE8;
AC3 : FFEBFFE7;
AC4 : FFEEFFEC;
AC5 : FFEDFFEF;
AC6 : FFE8FFEB;
AC7 : FFE9FFEC;
AC8 : FFEAFFEB;
AC9 : FFEAFFEF;
ACA : FFF0FFED;
ACB : FFEDFFF0;
ACC : FFF0FFEA;
ACD : FFF0FFF2;
ACE : FFF0FFF4;
ACF : FFF0FFF6;
AD0 : FFF3FFF6;
AD1 : FFF5FFF4;
AD2 : FFF6FFF5;
AD3 : FFF5FFF1;
AD4 : FFF5FFF1;
AD5 : FFF1FFF1;
AD6 : FFEDFFF1;
AD7 : FFF0FFF4;
AD8 : FFECFFF0;
AD9 : FFF2FFED;
ADA : FFF4FFF2;
ADB : FFF7FFF2;
ADC : FFF4FFF8;
ADD : FFF5FFF9;
ADE : FFF2FFF5;
ADF : FFF8FFF9;
AE0 : FFF8FFFD;
AE1 : FFFAFFFB;
AE2 : FFFEFFFA;
AE3 : 0001FFFF;
AE4 : FFFA0003;
AE5 : 0002FFFC;
AE6 : 0002FFFE;
AE7 : FFFFFFFF;
AE8 : FFFDFFFE;
AE9 : FFFEFFF8;
AEA : FFFBFFFA;
AEB : FFF8FFFD;
AEC : FFF6FFF9;
AED : FFF7FFFF;
AEE : FFF9FFF8;
AEF : FFF6FFF5;
AF0 : FFF8FFFD;
AF1 : FFFBFFFC;
AF2 : FFFBFFF9;
AF3 : FFF6FFFA;
AF4 : FFF4FFF8;
AF5 : FFF8FFFA;
AF6 : FFF4FFF3;
AF7 : FFF3FFEF;
AF8 : FFF5FFF3;
AF9 : FFF5FFF9;
AFA : FFF3FFF8;
AFB : FFF6FFF7;
AFC : FFF1FFF7;
AFD : FFF7FFF6;
AFE : FFF6FFF5;
AFF : FFF4FFF6;
B00 : FFF3FFF5;
B01 : FFF3FFF3;
B02 : FFF5FFF1;
B03 : FFF1FFF0;
B04 : FFEDFFEB;
B05 : FFEAFFEF;
B06 : FFF2FFEC;
B07 : FFECFFEF;
B08 : FFECFFF1;
B09 : FFF5FFEE;
B0A : FFEFFFEF;
B0B : FFF2FFF0;
B0C : FFECFFED;
B0D : FFECFFF1;
B0E : FFF0FFEF;
B0F : FFF5FFF3;
B10 : FFF5FFF7;
B11 : FFF4FFF4;
B12 : FFF1FFF6;
B13 : FFF9FFF9;
B14 : FFF8FFF8;
B15 : FFF8FFFE;
B16 : FFFBFFF6;
B17 : FFFAFFF8;
B18 : FFF4FFF5;
B19 : FFF7FFF8;
B1A : FFF8FFF9;
B1B : FFF9FFF8;
B1C : FFF8FFFA;
B1D : FFF7FFFE;
B1E : FFFEFFFE;
B1F : FFFEFFF9;
B20 : FFFBFFFD;
B21 : FFFD0001;
B22 : FFFF0002;
B23 : 00010009;
B24 : 00050005;
B25 : 0009000A;
B26 : 00060009;
B27 : 0009000C;
B28 : 000C000F;
B29 : 0009000E;
B2A : 0010000A;
B2B : 000F0010;
B2C : 000B0011;
B2D : 000F000B;
B2E : 000E0008;
B2F : 0009000E;
B30 : 00060007;
B31 : 0007000A;
B32 : 00050005;
B33 : 00040005;
B34 : 00060002;
B35 : FFFD0003;
B36 : 00020001;
B37 : 0000FFFD;
B38 : 00000001;
B39 : FFFEFFFF;
B3A : FFFFFFFE;
B3B : FFFDFFF8;
B3C : FFF8FFFB;
B3D : FFFEFFFB;
B3E : FFFDFFF9;
B3F : FFF8FFF7;
B40 : FFF2FFFB;
B41 : FFF3FFF8;
B42 : FFF4FFF4;
B43 : FFF3FFF2;
B44 : FFF3FFEE;
B45 : FFEDFFEC;
B46 : FFF0FFF0;
B47 : FFEFFFF5;
B48 : FFECFFEE;
B49 : FFF0FFEE;
B4A : FFEBFFED;
B4B : FFECFFE8;
B4C : FFE9FFEE;
B4D : FFE9FFEC;
B4E : FFE7FFEE;
B4F : FFEBFFE6;
B50 : FFEEFFEA;
B51 : FFECFFEB;
B52 : FFECFFE8;
B53 : FFEDFFEE;
B54 : FFEBFFF2;
B55 : FFE8FFEC;
B56 : FFE9FFE7;
B57 : FFE8FFE9;
B58 : FFE9FFE7;
B59 : FFE4FFE3;
B5A : FFE7FFE6;
B5B : FFE7FFE6;
B5C : FFE3FFEB;
B5D : FFE5FFE9;
B5E : FFEBFFEA;
B5F : FFE6FFEA;
B60 : FFE9FFE7;
B61 : FFE9FFE9;
B62 : FFE6FFEA;
B63 : FFEAFFEC;
B64 : FFEBFFEE;
B65 : FFEAFFEF;
B66 : FFF0FFEC;
B67 : FFEFFFEE;
B68 : FFEDFFF2;
B69 : FFF1FFED;
B6A : FFEFFFED;
B6B : FFF2FFF1;
B6C : FFEFFFF3;
B6D : FFEEFFF1;
B6E : FFF3FFF0;
B6F : FFF2FFF6;
B70 : FFEDFFEF;
B71 : FFEDFFED;
B72 : FFECFFE6;
B73 : FFE8FFE7;
B74 : FFE8FFEA;
B75 : FFE6FFED;
B76 : FFE2FFE5;
B77 : FFE4FFE5;
B78 : FFE7FFE4;
B79 : FFE8FFE5;
B7A : FFE2FFE4;
B7B : FFE2FFE5;
B7C : FFE3FFE6;
B7D : FFDDFFE3;
B7E : FFE3FFE0;
B7F : FFDFFFDF;
B80 : FFE2FFDD;
B81 : FFDCFFDF;
B82 : FFDFFFDA;
B83 : FFDCFFD8;
B84 : FFD0FFDA;
B85 : FFD9FFD4;
B86 : FFD8FFD7;
B87 : FFD3FFD3;
B88 : FFD4FFD6;
B89 : FFD3FFD3;
B8A : FFD5FFD3;
B8B : FFD4FFD2;
B8C : FFD1FFD5;
B8D : FFD0FFD8;
B8E : FFD0FFD4;
B8F : FFD6FFD0;
B90 : FFD2FFD5;
B91 : FFD1FFDA;
B92 : FFD8FFD7;
B93 : FFDAFFDF;
B94 : FFDEFFD8;
B95 : FFDEFFDE;
B96 : FFE1FFDF;
B97 : FFE4FFE5;
B98 : FFE5FFE6;
B99 : FFE4FFEA;
B9A : FFE8FFED;
B9B : FFEAFFE8;
B9C : FFEBFFEE;
B9D : FFEEFFF5;
B9E : FFF1FFF2;
B9F : FFF1FFF5;
BA0 : FFF5FFF6;
BA1 : FFF4FFFB;
BA2 : FFF8FFF5;
BA3 : FFFBFFFC;
BA4 : FFFCFFFB;
BA5 : FFFFFFFD;
BA6 : 00050003;
BA7 : 00040006;
BA8 : 00030007;
BA9 : 00040009;
BAA : 0007000B;
BAB : 0008000D;
BAC : 000E0010;
BAD : 000D000F;
BAE : 00110012;
BAF : 000F0011;
BB0 : 00110011;
BB1 : 00180010;
BB2 : 0012000E;
BB3 : 00100013;
BB4 : 00140014;
BB5 : 00140015;
BB6 : 00160015;
BB7 : 00140012;
BB8 : 00150014;
BB9 : 00130011;
BBA : 00120010;
BBB : 00120015;
BBC : 00140018;
BBD : 00150018;
BBE : 00140017;
BBF : 00170016;
BC0 : 00120019;
BC1 : 001A001B;
BC2 : 0019001D;
BC3 : 001B001C;
BC4 : 001A001D;
BC5 : 001B001E;
BC6 : 001C0019;
BC7 : 0018001B;
BC8 : 0015001A;
BC9 : 001D0018;
BCA : 00190019;
BCB : 00180014;
BCC : 00140014;
BCD : 00130015;
BCE : 00170014;
BCF : 0015000F;
BD0 : 00140015;
BD1 : 000D0011;
BD2 : 00130013;
BD3 : 000C0011;
BD4 : 000F0014;
BD5 : 00130015;
BD6 : 000F0018;
BD7 : 00110015;
BD8 : 00160017;
BD9 : 001D001A;
BDA : 001A0015;
BDB : 001D0017;
BDC : 001C0017;
BDD : 001B001A;
BDE : 00160018;
BDF : 00170016;
BE0 : 00140016;
BE1 : 0013001A;
BE2 : 001A0015;
BE3 : 00160016;
BE4 : 00160018;
BE5 : 000E001B;
BE6 : 00130012;
BE7 : 00190018;
BE8 : 00190019;
BE9 : 001B0019;
BEA : 001A001B;
BEB : 001F0019;
BEC : 001E001F;
BED : 00200022;
BEE : 001F0021;
BEF : 0022001F;
BF0 : 00190023;
BF1 : 0021001F;
BF2 : 00230021;
BF3 : 00200023;
BF4 : 0024002C;
BF5 : 00230027;
BF6 : 00270026;
BF7 : 00250023;
BF8 : 00270027;
BF9 : 00270027;
BFA : 002A0025;
BFB : 00240022;
BFC : 0021001B;
BFD : 001E0028;
BFE : 001E0021;
BFF : 00210021;
C00 : 0023001A;
C01 : 001E0020;
C02 : 001F0025;
C03 : 001F001E;
C04 : 001E0022;
C05 : 001E001D;
C06 : 001D001E;
C07 : 001C0022;
C08 : 0018001C;
C09 : 001F0018;
C0A : 001D001F;
C0B : 001C001D;
C0C : 00190018;
C0D : 0012001B;
C0E : 00150018;
C0F : 00130013;
C10 : 00190013;
C11 : 00130011;
C12 : 0014000E;
C13 : 00100016;
C14 : 00100010;
C15 : 00100011;
C16 : 00130013;
C17 : 00140015;
C18 : 00150016;
C19 : 00110011;
C1A : 00110014;
C1B : 00140012;
C1C : 000E0010;
C1D : 000F0011;
C1E : 000C000F;
C1F : 0010000F;
C20 : 000E000F;
C21 : 000D000C;
C22 : 0010000F;
C23 : 000A000C;
C24 : 000E000D;
C25 : 000B0012;
C26 : 000C000B;
C27 : 000D000A;
C28 : 000A0010;
C29 : 000E000E;
C2A : 000A000A;
C2B : 000D000B;
C2C : 000C000E;
C2D : 000A000B;
C2E : 000E0010;
C2F : 00110010;
C30 : 00110011;
C31 : 00150012;
C32 : 0010000F;
C33 : 00130011;
C34 : 00120014;
C35 : 000E0012;
C36 : 0014000E;
C37 : 000D0017;
C38 : 00100011;
C39 : 00120010;
C3A : 0016000F;
C3B : 000C000C;
C3C : 000A000C;
C3D : 00070009;
C3E : 000B0005;
C3F : 00070007;
C40 : 000A0008;
C41 : 0006000B;
C42 : 00080009;
C43 : 00090009;
C44 : 000A0008;
C45 : 0004000A;
C46 : 00040004;
C47 : 0003FFFD;
C48 : FFFD0000;
C49 : FFFAFFFC;
C4A : 0001FFFD;
C4B : 0000FFFD;
C4C : FFFCFFFB;
C4D : FFF7FFFC;
C4E : FFF4FFF2;
C4F : FFF6FFF2;
C50 : FFF2FFEE;
C51 : FFEEFFF2;
C52 : FFEEFFEE;
C53 : FFECFFEA;
C54 : FFEBFFEC;
C55 : FFE6FFEE;
C56 : FFE6FFE8;
C57 : FFE9FFE5;
C58 : FFE3FFE8;
C59 : FFEBFFE6;
C5A : FFE6FFE8;
C5B : FFE5FFE8;
C5C : FFE5FFE7;
C5D : FFE9FFE6;
C5E : FFE9FFEB;
C5F : FFE0FFE7;
C60 : FFEAFFE8;
C61 : FFEDFFE8;
C62 : FFE9FFEB;
C63 : FFEEFFEF;
C64 : FFE9FFEE;
C65 : FFE8FFEE;
C66 : FFEAFFEF;
C67 : FFECFFEA;
C68 : FFEFFFED;
C69 : FFEAFFED;
C6A : FFE8FFEB;
C6B : FFEAFFF1;
C6C : FFEEFFEB;
C6D : FFEFFFEC;
C6E : FFEFFFF5;
C6F : FFF4FFF9;
C70 : FFF9FFF5;
C71 : FFF6FFF9;
C72 : FFF4FFF7;
C73 : FFF9FFF6;
C74 : FFFCFFFB;
C75 : 00010000;
C76 : FFFDFFFF;
C77 : FFFBFFFD;
C78 : 00010001;
C79 : 00010006;
C7A : 00010004;
C7B : 00030004;
C7C : 00020000;
C7D : 00000002;
C7E : 00010000;
C7F : 00050004;
C80 : FFFF0008;
C81 : 00030002;
C82 : 00010005;
C83 : 00030005;
C84 : 00050008;
C85 : 00060003;
C86 : 00080008;
C87 : 00050004;
C88 : 00030007;
C89 : 00070003;
C8A : 00070005;
C8B : 0005FFFE;
C8C : 00020002;
C8D : 00040003;
C8E : FFFFFFFF;
C8F : FFFE0001;
C90 : FFFEFFFC;
C91 : FFFE0000;
C92 : FFF9FFFD;
C93 : FFFBFFFC;
C94 : FFF8FFF8;
C95 : FFF6FFF6;
C96 : FFF8FFF4;
C97 : FFF4FFF5;
C98 : FFF3FFF3;
C99 : FFF1FFF8;
C9A : FFF6FFF1;
C9B : FFF6FFF4;
C9C : FFF0FFF1;
C9D : FFF2FFEF;
C9E : FFEEFFF1;
C9F : FFEEFFEC;
CA0 : FFF2FFF6;
CA1 : FFF4FFF1;
CA2 : FFF5FFF3;
CA3 : FFEEFFF1;
CA4 : FFF1FFF2;
CA5 : FFF5FFF4;
CA6 : FFF3FFF5;
CA7 : FFF3FFF0;
CA8 : FFF3FFF5;
CA9 : FFF7FFF0;
CAA : FFF3FFF1;
CAB : FFF4FFF1;
CAC : FFF1FFF3;
CAD : FFF4FFF5;
CAE : FFF6FFF5;
CAF : FFF5FFF3;
CB0 : FFF7FFFA;
CB1 : FFF9FFF8;
CB2 : FFF7FFF6;
CB3 : FFF9FFF7;
CB4 : FFF8FFF9;
CB5 : FFF5FFFE;
CB6 : FFFDFFFC;
CB7 : FFF9FFFB;
CB8 : FFFE0000;
CB9 : 00000002;
CBA : 00040000;
CBB : FFF7FFFE;
CBC : FFFCFFFC;
CBD : FFFEFFFD;
CBE : FFFCFFF9;
CBF : FFFBFFFD;
CC0 : FFFBFFF8;
CC1 : FFF9FFF8;
CC2 : FFF7FFF6;
CC3 : FFF6FFFB;
CC4 : FFF6FFF8;
CC5 : FFF7FFF6;
CC6 : FFF6FFF6;
CC7 : FFF6FFF1;
CC8 : FFF4FFF5;
CC9 : FFF2FFF2;
CCA : FFEEFFF6;
CCB : FFF0FFF0;
CCC : FFECFFED;
CCD : FFEEFFED;
CCE : FFEEFFEE;
CCF : FFEBFFEB;
CD0 : FFEFFFEB;
CD1 : FFECFFEC;
CD2 : FFE7FFEA;
CD3 : FFE5FFEB;
CD4 : FFE7FFE5;
CD5 : FFE2FFE8;
CD6 : FFE2FFE2;
CD7 : FFE2FFE1;
CD8 : FFE1FFE0;
CD9 : FFDEFFE3;
CDA : FFDCFFDC;
CDB : FFDFFFE6;
CDC : FFE3FFDB;
CDD : FFDFFFE5;
CDE : FFE1FFDD;
CDF : FFE4FFDF;
CE0 : FFE1FFDF;
CE1 : FFE2FFE5;
CE2 : FFE1FFE6;
CE3 : FFE2FFE6;
CE4 : FFE4FFE6;
CE5 : FFE0FFE2;
CE6 : FFE6FFE8;
CE7 : FFE3FFE6;
CE8 : FFE4FFE6;
CE9 : FFE4FFE2;
CEA : FFE4FFE8;
CEB : FFE1FFE4;
CEC : FFE5FFE2;
CED : FFE3FFE6;
CEE : FFE6FFE5;
CEF : FFE9FFE6;
CF0 : FFE1FFE3;
CF1 : FFE8FFE5;
CF2 : FFE2FFE5;
CF3 : FFE4FFE6;
CF4 : FFEAFFE8;
CF5 : FFE8FFE6;
CF6 : FFEBFFED;
CF7 : FFE8FFEB;
CF8 : FFEAFFEC;
CF9 : FFEEFFF0;
CFA : FFE8FFEE;
CFB : FFF1FFF2;
CFC : FFF2FFEF;
CFD : FFEEFFF3;
CFE : FFF5FFF3;
CFF : FFF1FFF5;
D00 : FFF4FFF5;
D01 : FFF4FFF3;
D02 : FFEFFFF4;
D03 : FFF5FFEF;
D04 : FFEFFFF2;
D05 : FFF1FFF2;
D06 : FFEFFFF4;
D07 : FFEDFFED;
D08 : FFEFFFF3;
D09 : FFECFFF5;
D0A : FFF1FFEC;
D0B : FFF2FFF1;
D0C : FFEEFFED;
D0D : FFF2FFF0;
D0E : FFEFFFF2;
D0F : FFF1FFF1;
D10 : FFEFFFF2;
D11 : FFEEFFF0;
D12 : FFEBFFF2;
D13 : FFECFFED;
D14 : FFEDFFEF;
D15 : FFE9FFEE;
D16 : FFE8FFEB;
D17 : FFE9FFE7;
D18 : FFE5FFE7;
D19 : FFE5FFE7;
D1A : FFE7FFE7;
D1B : FFE8FFE0;
D1C : FFE4FFE3;
D1D : FFE5FFE0;
D1E : FFDFFFE1;
D1F : FFE4FFE0;
D20 : FFE4FFE3;
D21 : FFE2FFE2;
D22 : FFE2FFE4;
D23 : FFE4FFE5;
D24 : FFE7FFE8;
D25 : FFE9FFE5;
D26 : FFE4FFE9;
D27 : FFE9FFE8;
D28 : FFE9FFE7;
D29 : FFE8FFEC;
D2A : FFEDFFF0;
D2B : FFEDFFEF;
D2C : FFF3FFF2;
D2D : FFECFFEF;
D2E : FFEFFFF8;
D2F : FFF7FFF3;
D30 : FFF1FFF8;
D31 : FFF3FFF9;
D32 : FFF8FFFE;
D33 : FFF90000;
D34 : 00030006;
D35 : FFFC0000;
D36 : 00000009;
D37 : 00070008;
D38 : 0007000A;
D39 : 000A0009;
D3A : 00050008;
D3B : 000A000A;
D3C : 000B0011;
D3D : 00140016;
D3E : 000F000C;
D3F : 000F0011;
D40 : 000F0010;
D41 : 00130015;
D42 : 00140010;
D43 : 00140015;
D44 : 00120014;
D45 : 00120010;
D46 : 00130016;
D47 : 00130015;
D48 : 00110015;
D49 : 00160017;
D4A : 00130016;
D4B : 00170017;
D4C : 001A0019;
D4D : 00160017;
D4E : 0018001B;
D4F : 001C0016;
D50 : 00190017;
D51 : 00140016;
D52 : 00170016;
D53 : 00170014;
D54 : 001A001B;
D55 : 0014001D;
D56 : 00190017;
D57 : 00140019;
D58 : 0014001B;
D59 : 001B001A;
D5A : 001C0017;
D5B : 001D0017;
D5C : 00190019;
D5D : 00160012;
D5E : 0016001B;
D5F : 00170016;
D60 : 0014001C;
D61 : 00150017;
D62 : 0015001A;
D63 : 00170019;
D64 : 00140016;
D65 : 0013001A;
D66 : 001B001B;
D67 : 00180016;
D68 : 0018001B;
D69 : 001C001A;
D6A : 001C001A;
D6B : 001F0021;
D6C : 001F001C;
D6D : 00180021;
D6E : 001C0024;
D6F : 001E001F;
D70 : 00230022;
D71 : 00220026;
D72 : 001E0025;
D73 : 00220025;
D74 : 0025001E;
D75 : 00210027;
D76 : 00230022;
D77 : 00260027;
D78 : 00210027;
D79 : 00260029;
D7A : 00280020;
D7B : 002A0026;
D7C : 00290027;
D7D : 0026002A;
D7E : 002D0028;
D7F : 00290025;
D80 : 002B0030;
D81 : 002F002D;
D82 : 00280030;
D83 : 0028002D;
D84 : 0029002D;
D85 : 002D002E;
D86 : 002A0028;
D87 : 002A0029;
D88 : 00270028;
D89 : 002A0025;
D8A : 00250024;
D8B : 00230023;
D8C : 001F001F;
D8D : 001F0024;
D8E : 00220021;
D8F : 001E001F;
D90 : 001A0021;
D91 : 001B001A;
D92 : 001C001C;
D93 : 001A0016;
D94 : 001B001D;
D95 : 001A0018;
D96 : 001F0016;
D97 : 001D001B;
D98 : 00110019;
D99 : 001A0017;
D9A : 00110013;
D9B : 00160013;
D9C : 00140014;
D9D : 000D0010;
D9E : 000C000D;
D9F : 000E000E;
DA0 : 00080009;
DA1 : 00070006;
DA2 : 000B0002;
DA3 : 00030007;
DA4 : 00070006;
DA5 : 000A0004;
DA6 : 00080009;
DA7 : 00050005;
DA8 : 00050007;
DA9 : 00020004;
DAA : 00090004;
DAB : 00050006;
DAC : 00030007;
DAD : 00030003;
DAE : 0000FFFE;
DAF : 00010005;
DB0 : FFFFFFFC;
DB1 : 00010001;
DB2 : FFFDFFFF;
DB3 : FFFCFFFC;
DB4 : FFFCFFFE;
DB5 : FFFC0001;
DB6 : FFFD0000;
DB7 : FFF9FFF8;
DB8 : FFFFFFFF;
DB9 : FFFBFFFE;
DBA : FFFBFFFB;
DBB : FFF9FFFB;
DBC : FFF7FFF7;
DBD : FFFBFFFB;
DBE : FFF9FFF8;
DBF : FFFB0006;
DC0 : FFFE0000;
DC1 : FFFBFFF8;
DC2 : FFFC0000;
DC3 : FFFDFFFF;
DC4 : FFF7FFF8;
DC5 : FFF8FFFB;
DC6 : FFFAFFF4;
DC7 : FFFDFFF6;
DC8 : FFFAFFFA;
DC9 : FFF6FFFC;
DCA : FFFBFFF7;
DCB : FFF0FFF6;
DCC : FFF4FFF4;
DCD : FFF6FFEE;
DCE : FFF2FFF4;
DCF : FFF3FFF3;
DD0 : FFF3FFF9;
DD1 : FFF7FFF4;
DD2 : FFEFFFF5;
DD3 : FFF6FFF5;
DD4 : FFF3FFF5;
DD5 : FFEFFFF4;
DD6 : FFF1FFF0;
DD7 : FFEFFFF6;
DD8 : FFF1FFEE;
DD9 : FFEFFFEC;
DDA : FFF0FFEC;
DDB : FFEFFFED;
DDC : FFEDFFEA;
DDD : FFEAFFE6;
DDE : FFEAFFE7;
DDF : FFE6FFE9;
DE0 : FFE3FFE8;
DE1 : FFDFFFDE;
DE2 : FFE3FFE0;
DE3 : FFD9FFDF;
DE4 : FFD9FFDD;
DE5 : FFDEFFDE;
DE6 : FFDBFFD9;
DE7 : FFD9FFD9;
DE8 : FFDAFFD4;
DE9 : FFD4FFD5;
DEA : FFD8FFDA;
DEB : FFD5FFDB;
DEC : FFD7FFD9;
DED : FFDAFFD5;
DEE : FFD5FFD9;
DEF : FFDBFFDA;
DF0 : FFDCFFDD;
DF1 : FFDBFFD7;
DF2 : FFDAFFD8;
DF3 : FFD6FFDA;
DF4 : FFD8FFDB;
DF5 : FFDBFFDE;
DF6 : FFE0FFD9;
DF7 : FFD8FFDB;
DF8 : FFD9FFDE;
DF9 : FFDEFFDE;
DFA : FFDEFFE1;
DFB : FFE7FFDC;
DFC : FFDFFFE2;
DFD : FFDDFFE2;
DFE : FFE8FFE6;
DFF : FFE9FFEB;
E00 : FFECFFF3;
E01 : FFEAFFF0;
E02 : FFECFFEE;
E03 : FFEEFFF4;
E04 : FFF5FFF2;
E05 : FFF2FFF0;
E06 : FFF3FFF5;
E07 : FFF4FFF3;
E08 : FFFCFFFA;
E09 : FFF9FFF4;
E0A : FFF4FFF3;
E0B : FFF6FFF8;
E0C : FFF7FFF7;
E0D : FFF5FFFA;
E0E : FFF6FFF8;
E0F : FFF7FFF8;
E10 : FFFCFFF9;
E11 : FFFAFFFB;
E12 : FFF9FFFA;
E13 : FFFEFFFD;
E14 : FFFE0003;
E15 : FFFF0000;
E16 : FFFEFFFE;
E17 : 00040002;
E18 : FFFD0004;
E19 : FFFF0000;
E1A : 0000FFFF;
E1B : 00030000;
E1C : FFF90002;
E1D : FFFE0000;
E1E : 0000FFFF;
E1F : FFFB0001;
E20 : 0003FFFD;
E21 : FFFF0000;
E22 : FFFDFFFA;
E23 : FFFEFFFD;
E24 : FFF6FFFE;
E25 : FFFFFFFB;
E26 : FFFCFFF7;
E27 : FFFEFFF9;
E28 : FFF9FFFB;
E29 : FFF8FFF9;
E2A : FFFAFFFD;
E2B : FFF6FFF9;
E2C : FFF8FFFE;
E2D : FFFCFFF8;
E2E : FFFCFFF9;
E2F : FFF4FFFC;
E30 : FFFBFFF6;
E31 : FFFCFFFB;
E32 : FFFBFFFB;
E33 : 00010000;
E34 : FFFAFFFE;
E35 : FFFBFFFF;
E36 : 0001FFFB;
E37 : FFFE0003;
E38 : FFFCFFFE;
E39 : FFFAFFFA;
E3A : FFFDFFFD;
E3B : FFFE0002;
E3C : 0000FFFD;
E3D : FFFFFFFF;
E3E : FFFD0004;
E3F : 00040007;
E40 : 00010005;
E41 : 00030000;
E42 : 00040004;
E43 : 00040008;
E44 : 00080009;
E45 : 00050005;
E46 : 0009000A;
E47 : 000D000C;
E48 : 0006000A;
E49 : 0009000B;
E4A : 00060007;
E4B : 00060008;
E4C : 00030007;
E4D : 00060007;
E4E : 00070006;
E4F : 00030006;
E50 : 00040002;
E51 : 0002FFFF;
E52 : 0004FFFF;
E53 : 0000FFFD;
E54 : 00010003;
E55 : FFFA0000;
E56 : 00000001;
E57 : FFFEFFFD;
E58 : FFFBFFFD;
E59 : FFFDFFFE;
E5A : FFFFFFF5;
E5B : FFFBFFFA;
E5C : FFF5FFF3;
E5D : FFF7FFF5;
E5E : FFF9FFF4;
E5F : FFF4FFFC;
E60 : FFEFFFF4;
E61 : FFF5FFF3;
E62 : FFF1FFF5;
E63 : FFF0FFF0;
E64 : FFEDFFED;
E65 : FFF0FFF0;
E66 : FFEAFFF0;
E67 : FFF1FFE9;
E68 : FFE7FFE9;
E69 : FFEDFFEC;
E6A : FFE5FFEB;
E6B : FFE5FFE8;
E6C : FFE5FFEA;
E6D : FFE8FFEE;
E6E : FFE9FFE8;
E6F : FFF2FFE8;
E70 : FFEBFFEA;
E71 : FFE8FFEC;
E72 : FFECFFED;
E73 : FFEEFFEE;
E74 : FFEFFFF2;
E75 : FFE9FFF0;
E76 : FFEBFFED;
E77 : FFEDFFEE;
E78 : FFEDFFEE;
E79 : FFEAFFEA;
E7A : FFEEFFE7;
E7B : FFEAFFEA;
E7C : FFEAFFEF;
E7D : FFEBFFEB;
E7E : FFE8FFF1;
E7F : FFF0FFEC;
E80 : FFEBFFF1;
E81 : FFEDFFF0;
E82 : FFEEFFEE;
E83 : FFF3FFEF;
E84 : FFF1FFF5;
E85 : FFF3FFF7;
E86 : FFF9FFF8;
E87 : FFF8FFF8;
E88 : FFFAFFFD;
E89 : FFFBFFFF;
E8A : FFFFFFFA;
E8B : FFFCFFFE;
E8C : FFFFFFFF;
E8D : FFFC0001;
E8E : FFFCFFFF;
E8F : 00060001;
E90 : 00030002;
E91 : 00000000;
E92 : FFFF0001;
E93 : FFFF0000;
E94 : FFFE0001;
E95 : 00010001;
E96 : FFFF0004;
E97 : 00000008;
E98 : 00030003;
E99 : 00050002;
E9A : 00010005;
E9B : FFFE0002;
E9C : 0002FFFE;
E9D : FFFEFFFE;
E9E : 00000000;
E9F : FFFA0001;
EA0 : FFFCFFF9;
EA1 : FFFFFFFB;
EA2 : FFF5FFFA;
EA3 : FFF9FFFC;
EA4 : FFF8FFF6;
EA5 : FFF9FFF7;
EA6 : FFF7FFF8;
EA7 : FFF4FFF9;
EA8 : FFF8FFF7;
EA9 : FFF3FFF6;
EAA : FFF5FFF3;
EAB : FFF4FFF8;
EAC : FFF4FFF7;
EAD : FFF4FFF8;
EAE : FFF2FFF2;
EAF : FFF6FFF5;
EB0 : FFF4FFF4;
EB1 : FFF4FFF7;
EB2 : FFF5FFF7;
EB3 : FFF2FFF9;
EB4 : FFF6FFF4;
EB5 : FFF9FFF9;
EB6 : FFFDFFFC;
EB7 : FFFC0001;
EB8 : 00010001;
EB9 : FFFFFFFA;
EBA : FFFEFFFF;
EBB : 00040001;
EBC : FFFF0001;
EBD : 00010002;
EBE : 0000FFFF;
EBF : 00020002;
EC0 : 00000005;
EC1 : 00040003;
EC2 : 00050008;
EC3 : 00030008;
EC4 : 00060009;
EC5 : 00090007;
EC6 : 00090009;
EC7 : 00050007;
EC8 : 0005000C;
EC9 : 0006000B;
ECA : 000B000B;
ECB : 000B000C;
ECC : 0009000F;
ECD : 000E000E;
ECE : 000C0009;
ECF : 000D0013;
ED0 : 000F0010;
ED1 : 000B000D;
ED2 : 000B000A;
ED3 : 000B000A;
ED4 : 000D000A;
ED5 : 0004000B;
ED6 : 000C000C;
ED7 : 000B0005;
ED8 : 0008000C;
ED9 : 0008000A;
EDA : 0003000A;
EDB : 00060009;
EDC : 000B0008;
EDD : 0004000C;
EDE : 000D0006;
EDF : 000A0009;
EE0 : 0005000D;
EE1 : 00080004;
EE2 : 00080006;
EE3 : 00030005;
EE4 : 00020008;
EE5 : 00020005;
EE6 : 0004FFFD;
EE7 : 0001FFFF;
EE8 : 00010000;
EE9 : FFFBFFFF;
EEA : FFFF0001;
EEB : 0004FFFA;
EEC : 0000FFFF;
EED : FFFFFFFC;
EEE : FFF9FFFD;
EEF : FFFDFFFD;
EF0 : FFF4FFFA;
EF1 : FFFDFFF7;
EF2 : FFFDFFFB;
EF3 : 0001FFF8;
EF4 : FFF8FFF7;
EF5 : FFF5FFF7;
EF6 : FFF6FFFC;
EF7 : FFF9FFFC;
EF8 : FFFC0000;
EF9 : FFFDFFFB;
EFA : FFFEFFFB;
EFB : FFFEFFF8;
EFC : FFFFFFFF;
EFD : FFFB0000;
EFE : FFFD0002;
EFF : FFFC0000;
F00 : 00000005;
F01 : 00020000;
F02 : 00030006;
F03 : 00010001;
F04 : 00030004;
F05 : 00040007;
F06 : 0004000B;
F07 : 000D000A;
F08 : 00100011;
F09 : 0013000D;
F0A : 00130016;
F0B : 00150016;
F0C : 0011001B;
F0D : 0019001C;
F0E : 001A001B;
F0F : 0020001B;
F10 : 00230021;
F11 : 001A001F;
F12 : 001E0021;
F13 : 00210022;
F14 : 00270023;
F15 : 00220027;
F16 : 00260029;
F17 : 00230024;
F18 : 00240026;
F19 : 00240024;
F1A : 00200021;
F1B : 00240021;
F1C : 00250022;
F1D : 00220026;
F1E : 001E0022;
F1F : 001E001F;
F20 : 001D0019;
F21 : 0021001E;
F22 : 001B001B;
F23 : 001E0025;
F24 : 001E0020;
F25 : 001D001F;
F26 : 001F0018;
F27 : 0013001E;
F28 : 00140016;
F29 : 00140013;
F2A : 00100010;
F2B : 00120012;
F2C : 000E000B;
F2D : 00100011;
F2E : 0011000C;
F2F : 0009000F;
F30 : 000D000C;
F31 : 0009000C;
F32 : 00140010;
F33 : 00100011;
F34 : 0014000D;
F35 : 000B0013;
F36 : 00120014;
F37 : 00170013;
F38 : 00150017;
F39 : 00120018;
F3A : 00180019;
F3B : 001A0019;
F3C : 0018001D;
F3D : 00130018;
F3E : 00170010;
F3F : 00110015;
F40 : 00140013;
F41 : 00180015;
F42 : 0014001B;
F43 : 00180017;
F44 : 00180016;
F45 : 0016001A;
F46 : 00160016;
F47 : 001D0016;
F48 : 0018001A;
F49 : 001A0018;
F4A : 0018001B;
F4B : 0018001B;
F4C : 00160017;
F4D : 00150015;
F4E : 00130015;
F4F : 00160019;
F50 : 00180018;
F51 : 00160021;
F52 : 001D001E;
F53 : 001C0018;
F54 : 001F0019;
F55 : 0015001D;
F56 : 001F001C;
F57 : 001D001D;
F58 : 001A0022;
F59 : 00200018;
F5A : 001B0016;
F5B : 00160016;
F5C : 00100012;
F5D : 000B0010;
F5E : 00120011;
F5F : 000F0012;
F60 : 00130010;
F61 : 00110013;
F62 : 00100010;
F63 : 00120014;
F64 : 00110010;
F65 : 00110015;
F66 : 000E0012;
F67 : 000E000C;
F68 : 0009000F;
F69 : 000D0005;
F6A : 00060005;
F6B : 00020003;
F6C : 0001FFFF;
F6D : FFFEFFFF;
F6E : 0001FFFC;
F6F : FFF9FFFE;
F70 : FFF6FFF6;
F71 : FFFDFFF9;
F72 : FFF6FFF6;
F73 : FFF6FFF6;
F74 : FFF3FFF6;
F75 : FFF3FFF9;
F76 : FFF2FFF4;
F77 : FFF6FFEC;
F78 : FFF3FFF3;
F79 : FFEDFFEB;
F7A : FFECFFF1;
F7B : FFF1FFF0;
F7C : FFEFFFF4;
F7D : FFECFFF6;
F7E : FFF3FFEA;
F7F : FFF1FFF1;
F80 : FFEFFFEE;
F81 : FFF0FFEC;
F82 : FFEDFFF4;
F83 : FFF4FFF2;
F84 : FFEFFFF1;
F85 : FFEEFFF2;
F86 : FFF2FFED;
F87 : FFF5FFEF;
F88 : FFEEFFF9;
F89 : FFF0FFF1;
F8A : FFF4FFF1;
F8B : FFF5FFF7;
F8C : FFF2FFF6;
F8D : FFF8FFFA;
F8E : FFFCFFFA;
F8F : FFFBFFFE;
F90 : FFF60003;
F91 : 0003FFFF;
F92 : 0000FFFE;
F93 : 00040001;
F94 : 0002FFFF;
F95 : FFFF0007;
F96 : 0001FFFF;
F97 : 00010004;
F98 : FFFEFFFD;
F99 : FFFEFFFC;
F9A : FFFCFFF8;
F9B : FFF9FFFC;
F9C : FFFCFFFC;
F9D : FFFBFFFD;
F9E : FFFAFFFF;
F9F : FFFAFFFD;
FA0 : FFFB0001;
FA1 : FFFCFFF5;
FA2 : 0001FFFC;
FA3 : FFFC0000;
FA4 : FFFDFFFF;
FA5 : FFFF0002;
FA6 : 0003FFFC;
FA7 : FFFD0009;
FA8 : FFFD0004;
FA9 : FFFF0001;
FAA : 0005FFFB;
FAB : 0003FFFE;
FAC : FFFC0005;
FAD : 0000FFFE;
FAE : 0002FFFE;
FAF : FFFC0003;
FB0 : FFFA0000;
FB1 : FFFCFFF8;
FB2 : FFFBFFF9;
FB3 : FFF8FFFE;
FB4 : FFF4FFF0;
FB5 : FFF7FFF8;
FB6 : FFF4FFF5;
FB7 : FFEEFFF2;
FB8 : FFF3FFF3;
FB9 : FFF5FFF1;
FBA : FFF2FFF1;
FBB : FFF5FFF1;
FBC : FFF2FFF5;
FBD : FFF0FFF2;
FBE : FFF1FFEE;
FBF : FFEEFFF4;
FC0 : FFF0FFF1;
FC1 : FFF1FFF3;
FC2 : FFF3FFF1;
FC3 : FFF2FFF0;
FC4 : FFF5FFF0;
FC5 : FFEAFFF2;
FC6 : FFEFFFF3;
FC7 : FFEDFFF3;
FC8 : FFF5FFF2;
FC9 : FFEFFFF2;
FCA : FFF2FFF2;
FCB : FFF6FFF5;
FCC : FFF5FFF5;
FCD : FFF1FFF5;
FCE : FFF8FFFC;
FCF : FFF9FFFA;
FD0 : FFF7FFF7;
FD1 : FFF5FFF7;
FD2 : FFFD0000;
FD3 : FFF9FFFA;
FD4 : FFFC0003;
FD5 : FFFCFFFF;
FD6 : 00010000;
FD7 : 0000FFFF;
FD8 : 00000008;
FD9 : 00070008;
FDA : 00090009;
FDB : 0005000A;
FDC : 0006000B;
FDD : 000F000C;
FDE : 00100009;
FDF : 0009000B;
FE0 : 00050005;
FE1 : 0004000A;
FE2 : 00030001;
FE3 : FFFE0001;
FE4 : FFFCFFFB;
FE5 : 0003FFFA;
FE6 : FFFDFFFA;
FE7 : FFFCFFFB;
FE8 : FFFC0001;
FE9 : FFFC0000;
FEA : FFF60001;
FEB : FFFCFFFC;
FEC : FFFDFFFB;
FED : FFFCFFF7;
FEE : FFFCFFF8;
FEF : FFF9FFF6;
FF0 : FFF6FFF1;
FF1 : FFF2FFF6;
FF2 : FFF0FFF4;
FF3 : FFEFFFF0;
FF4 : FFF2FFF2;
FF5 : FFF2FFF0;
FF6 : FFEFFFEC;
FF7 : FFEFFFF1;
FF8 : FFEEFFED;
FF9 : FFEBFFEF;
FFA : FFEDFFEE;
FFB : FFEEFFED;
FFC : FFF3FFEC;
FFD : FFEDFFED;
FFE : FFECFFED;
FFF : FFEEFFF0;
1000 : FFEDFFF2;
1001 : FFEEFFF3;
1002 : FFF6FFF4;
1003 : FFF1FFED;
1004 : FFF3FFF2;
1005 : FFF5FFF5;
1006 : FFF2FFF1;
1007 : FFF2FFF1;
1008 : FFEFFFF4;
1009 : FFEEFFF3;
100A : FFF5FFF7;
100B : FFF7FFF9;
100C : FFF4FFF6;
100D : FFFAFFF4;
100E : FFF3FFF9;
100F : FFF7FFFE;
1010 : FFFCFFFC;
1011 : FFFBFFFE;
1012 : 0000FFF9;
1013 : 00020004;
1014 : 00010001;
1015 : 00040002;
1016 : 00020002;
1017 : 0001FFFE;
1018 : 00000001;
1019 : FFFC0001;
101A : FFFF0000;
101B : FFFF0000;
101C : FFF90001;
101D : FFFB0001;
101E : FFFDFFFA;
101F : FFFDFFFF;
1020 : FFF9FFFE;
1021 : FFFBFFFD;
1022 : FFFDFFF7;
1023 : 0002FFFC;
1024 : FFFCFFFE;
1025 : 0002FFF9;
1026 : FFFB0002;
1027 : FFFBFFF8;
1028 : FFFDFFF6;
1029 : FFF90001;
102A : FFF5FFFD;
102B : FFFBFFFC;
102C : FFF00000;
102D : FFFCFFFB;
102E : FFF2FFF7;
102F : FFFBFFF8;
1030 : FFFBFFEE;
1031 : FFF4FFFE;
1032 : FFF4FFF0;
1033 : FFF1FFED;
1034 : FFF6FFEC;
1035 : FFE9FFF4;
1036 : FFE7FFE5;
1037 : FFEEFFE7;
1038 : FFDAFFDD;
1039 : FFE3FFE1;
103A : FFE7FFD9;
103B : FFD0FFE6;
103C : FFE3FFDC;
103D : FFD9FFD8;
103E : FFE1FFDA;
103F : FFDCFFD2;
1040 : FFEAFFE4;
1041 : FFD5FFD5;
1042 : FFE9FFDA;
1043 : FFD3FFE3;
1044 : FFEAFFEF;
1045 : FFD6FFE0;
1046 : FFEEFFE5;
1047 : FFE0FFDF;
1048 : FFDBFFD5;
1049 : FFEBFFFD;
104A : FFCBFFD2;
104B : FFD4FFE5;
104C : FFEDFFD7;
104D : FFE0FFD1;
104E : FFF40000;
104F : FFDAFFDB;
1050 : FFECFFD6;
1051 : FFCD001C;
1052 : FFE1FF99;
1053 : FFF6FFE9;
1054 : FFFCFFF1;
1055 : FFEAFFC1;
1056 : FFEA001E;
1057 : FFF7FFA7;
1058 : FF94FFF3;
1059 : 002CFFCE;
105A : 0032FFD1;
105B : FFB1FF9C;
105C : 0061FFBB;
105D : FF31FFFF;
105E : 0088FF46;
105F : FFED0139;
1060 : FFB3FF4D;
1061 : 0065005C;
1062 : FF6C0054;
1063 : 0093FF61;
1064 : FF940167;
1065 : 002CFE9B;
1066 : FFE00131;
1067 : FFE1FF29;
1068 : 00E60092;
1069 : FFD3009B;
106A : 00DAFF2D;
106B : 00330031;
106C : 0072FFD7;
106D : 00090051;
106E : FF7DFFBD;
106F : 0091FFEE;
1070 : FF3AFFF2;
1071 : 00090071;
1072 : 000C000C;
1073 : 0112FF54;
1074 : FF4D0213;
1075 : 0040FF9D;
1076 : FFDC008A;
1077 : 00790069;
1078 : 00CCFFA0;
1079 : 00300044;
107A : 00CA0010;
107B : FED3002C;
107C : 00640010;
107D : FF5F00D9;
107E : 00A4FF2A;
107F : FF39013B;
1080 : 00CFFF02;
1081 : FF58FF51;
1082 : 006B0077;
1083 : 00D4FECD;
1084 : FEAF0047;
1085 : 011400E1;
1086 : FECEFF9E;
1087 : FF030108;
1088 : 0134FFDE;
1089 : FF6DFEB2;
108A : 01F40138;
108B : FF4DFCA4;
108C : 01E801B5;
108D : FFD50250;
108E : FEBAFDCE;
108F : 008001EF;
1090 : FE5B010A;
1091 : 02AEFFF1;
1092 : FF9BFFC0;
1093 : FFDCFE90;
1094 : 005900A2;
1095 : FE4EFF81;
1096 : 0050006E;
1097 : 0096010B;
1098 : 009AFEDA;
1099 : FD47018A;
109A : 044DFD93;
109B : FE9702F7;
109C : 01BAFF22;
109D : FFECFF2D;
109E : FE8E00E0;
109F : 01CAFCCE;
10A0 : FC580505;
10A1 : 02E7FCBE;
10A2 : 027B0539;
10A3 : 005C0245;
10A4 : 02CDFF55;
10A5 : FCEF01E2;
10A6 : 017AFCF0;
10A7 : FD6A0101;
10A8 : FD5DFF07;
10A9 : 03EE02B0;
10AA : FF6B02E5;
10AB : 05BEFD94;
10AC : FD92012B;
10AD : 0210FB51;
10AE : 022A01E0;
10AF : F72AFBAD;
10B0 : 07BB038C;
10B1 : FBBEFEEB;
10B2 : FFF2FDBB;
10B3 : FF1F011F;
10B4 : FD9CFADC;
10B5 : 00EEFED9;
10B6 : FBA80025;
10B7 : 04860456;
10B8 : 02AB04BF;
10B9 : FEDDFE9B;
10BA : 003E03D3;
10BB : FC62FD30;
10BC : FFEDFACB;
10BD : FC850050;
10BE : 04DC001B;
10BF : 00160364;
10C0 : FF5DFCAD;
10C1 : 01AF02C2;
10C2 : FDBCFF74;
10C3 : 01B3FC13;
10C4 : FD96062F;
10C5 : 06CCFF88;
10C6 : 009EFF37;
10C7 : FCA3FDEA;
10C8 : FDE5F7A6;
10C9 : FCE00618;
10CA : FF4FFB46;
10CB : 006400D3;
10CC : 022E060F;
10CD : 063AFEC7;
10CE : FE62FE79;
10CF : F900F96D;
10D0 : 02350027;
10D1 : F784FFF9;
10D2 : 00DEFBE3;
10D3 : FF70056B;
10D4 : 074B067E;
10D5 : 067E0364;
10D6 : F863FA4C;
10D7 : FE1FFA26;
10D8 : FC5F0218;
10D9 : FC2AF8E8;
10DA : FCA305AC;
10DB : 073D0B21;
10DC : 0A8B05D9;
10DD : FE97FAEB;
10DE : FA92F87D;
10DF : FC5C0087;
10E0 : 060A03FE;
10E1 : FC7BFAD1;
10E2 : FEF0FEB1;
10E3 : 00410552;
10E4 : 002DFC6D;
10E5 : F867F8BF;
10E6 : FB68FECD;
10E7 : 044E0BDD;
10E8 : 0852FEDC;
10E9 : 0376048C;
10EA : 0109FB26;
10EB : FB55FFF9;
10EC : FB0BFCEC;
10ED : FC2BFD2B;
10EE : FE38FE0C;
10EF : 05D00897;
10F0 : 096B0B2E;
10F1 : 0B0C025E;
10F2 : FC40F81E;
10F3 : F41DF77E;
10F4 : 00F705BA;
10F5 : 0A940BD0;
10F6 : 037EFFE3;
10F7 : 02B00824;
10F8 : 0E6509DA;
10F9 : FDA0F633;
10FA : F843FA55;
10FB : FD590157;
10FC : 04A308F0;
10FD : 055A01C4;
10FE : 022405D6;
10FF : 0570FE28;
1100 : FAD3EACC;
1101 : E7C3F274;
1102 : 023B0B50;
1103 : 074E014D;
1104 : F939F329;
1105 : FACC0556;
1106 : 0B7D0789;
1107 : 0084F7DA;
1108 : EEB2F10A;
1109 : 03510E5C;
110A : 0C17009F;
110B : F7EEF441;
110C : F22BF264;
110D : F44DF2C4;
110E : EBDDEFFD;
110F : F57CFBA8;
1110 : 01B20AB2;
1111 : 12AB061F;
1112 : F8A0F6E2;
1113 : FD2BFB74;
1114 : FE8101B3;
1115 : F859EF7A;
1116 : F87405EE;
1117 : 0E100B0E;
1118 : 0009FCF4;
1119 : FC71FF3D;
111A : F81BED2A;
111B : EBFCF7B2;
111C : 024405E8;
111D : 066E0ED1;
111E : 0C0C0638;
111F : 00010347;
1120 : FCC0FAC6;
1121 : F6C6F62E;
1122 : F6B7FC85;
1123 : FD7BFE6F;
1124 : FA86FA12;
1125 : 05E812C6;
1126 : 12B7114E;
1127 : 12D00CEA;
1128 : FA8EF668;
1129 : 03720A17;
112A : 07E107C4;
112B : 04EAFF09;
112C : FF65FA55;
112D : 000E08CE;
112E : 0FFE0F51;
112F : 0201FEEE;
1130 : 021CFFF6;
1131 : 00AEFD4D;
1132 : 0312038F;
1133 : 0783055B;
1134 : 09AD0CC9;
1135 : 0E680D36;
1136 : 0A2A009B;
1137 : F9E7006C;
1138 : 08A404CE;
1139 : FF0E03D5;
113A : 0BE10E9B;
113B : 050E0540;
113C : 00FDF691;
113D : F51A0044;
113E : FF3DF806;
113F : FB9606BC;
1140 : 0535025F;
1141 : FB0FF8B8;
1142 : FBCE0874;
1143 : 14750EAE;
1144 : 0329F9E1;
1145 : F9E0FDEF;
1146 : 00B3FF1A;
1147 : FBFAFAC5;
1148 : FDBFFFA5;
1149 : 045E02B5;
114A : F7CAF3A0;
114B : F716F8E1;
114C : F6A3FE17;
114D : FD7FF986;
114E : F55FF73D;
114F : FCFBFBD6;
1150 : F7D0F9A9;
1151 : FC58FD6C;
1152 : 026E0402;
1153 : FC9AFCAE;
1154 : 035C0147;
1155 : FF23FDD0;
1156 : 03A2FA56;
1157 : F582F6AE;
1158 : FA50FD05;
1159 : 0271032B;
115A : FCB8F3ED;
115B : F5F3FFA0;
115C : 07610676;
115D : 032DFC80;
115E : F48EF127;
115F : F47A0239;
1160 : 044204D9;
1161 : 03920147;
1162 : FE4CFF09;
1163 : FD61F957;
1164 : EEF2F2F6;
1165 : F63BF979;
1166 : F7D7F929;
1167 : FA38F95C;
1168 : FBA500B1;
1169 : 0118FF55;
116A : 046E0741;
116B : F9FDF37A;
116C : F7B9FE94;
116D : 07A2087D;
116E : 08D9F81D;
116F : F240FBAA;
1170 : 05F102BC;
1171 : FAA0F47D;
1172 : F750F9F1;
1173 : 041F0941;
1174 : 0C81FBE6;
1175 : EFBBEC47;
1176 : F6BB03F6;
1177 : 089A0933;
1178 : 0333F792;
1179 : F5C0F861;
117A : FA5EFA40;
117B : 03F90F4B;
117C : 0B9A054E;
117D : 002C01DE;
117E : FD56FCAD;
117F : 033D099B;
1180 : 09C20AFB;
1181 : 0B7807E7;
1182 : 00CC03A6;
1183 : 087F10A9;
1184 : 17DE141F;
1185 : 06F1FA11;
1186 : F764F7AE;
1187 : FFF409A3;
1188 : 0CFE070F;
1189 : 004BFCD4;
118A : 02D80548;
118B : 09710A66;
118C : 0C7D0984;
118D : 088F0920;
118E : 0396F92A;
118F : F40BF72C;
1190 : FA43FB0D;
1191 : 003E08E5;
1192 : 0B4F05F3;
1193 : 009906A1;
1194 : 0BED0E98;
1195 : 0E32112F;
1196 : 0F3D08E9;
1197 : 0A330B12;
1198 : 0A4B09CE;
1199 : 0FD210EC;
119A : 0AE40133;
119B : FDCAFD86;
119C : FF7AFF97;
119D : 025200AC;
119E : FE64FA96;
119F : 0159099E;
11A0 : 0393F7B9;
11A1 : ED0AEDBD;
11A2 : F4FAFDFF;
11A3 : FF8BFF33;
11A4 : FD00F8E5;
11A5 : F278F4ED;
11A6 : F5EFF4D0;
11A7 : F42FFEC2;
11A8 : 05280335;
11A9 : F9E9F282;
11AA : F391F517;
11AB : FB4D03F8;
11AC : 081903C9;
11AD : 00D505BD;
11AE : 071BFF7E;
11AF : FE1FFF51;
11B0 : 004CFFFB;
11B1 : 018102D5;
11B2 : 028C0104;
11B3 : 024404A8;
11B4 : FF4FFC51;
11B5 : 0372069C;
11B6 : 03FFFFFE;
11B7 : 000AFE62;
11B8 : FE410171;
11B9 : FFEDFAB5;
11BA : F910F809;
11BB : F34FEFAE;
11BC : F3CEFD66;
11BD : 033EFFBC;
11BE : F764F4B6;
11BF : F6FA02C9;
11C0 : 0B640DCA;
11C1 : 0998058A;
11C2 : 058A0814;
11C3 : 034603A3;
11C4 : 0C350E9C;
11C5 : 033FF8EC;
11C6 : F616F8FC;
11C7 : FE94FE6E;
11C8 : FA15F060;
11C9 : ECF9ED12;
11CA : F0FBF12B;
11CB : F49AFA57;
11CC : FE13FCC0;
11CD : FD95F993;
11CE : F061F2FB;
11CF : FA00F8F0;
11D0 : F2F5F231;
11D1 : F0D2F868;
11D2 : FDF5005A;
11D3 : 00780219;
11D4 : FD8AFCCE;
11D5 : FF0705AA;
11D6 : 05260405;
11D7 : 05550447;
11D8 : 03860B08;
11D9 : 151F12A4;
11DA : 0B09075C;
11DB : 0A5D08CC;
11DC : 05E4FEFE;
11DD : FB31FD87;
11DE : 080C0683;
11DF : FD1EF239;
11E0 : F5C7FD4A;
11E1 : 0379073A;
11E2 : 07740431;
11E3 : FD8DFC04;
11E4 : FCFBFC4B;
11E5 : F955F5B6;
11E6 : F63CFBD2;
11E7 : FEDB0061;
11E8 : FCADF70D;
11E9 : F1E4F75C;
11EA : F971FD6D;
11EB : 028B0B8E;
11EC : 0CA20733;
11ED : 03FF03B4;
11EE : FCAEF783;
11EF : F859001B;
11F0 : FFC2FDB3;
11F1 : FF68FD87;
11F2 : F5AAF24F;
11F3 : F8A1FA01;
11F4 : FC50FC0B;
11F5 : F7A6F31A;
11F6 : F2B8F442;
11F7 : F96EFF0B;
11F8 : 0395FE2E;
11F9 : F91DF8DC;
11FA : 0016FEAA;
11FB : FC22FB82;
11FC : FA48F949;
11FD : F7F9F5EC;
11FE : F93700F3;
11FF : 0061FB54;
1200 : FB93004F;
1201 : FC36F8D5;
1202 : FAB6FEC7;
1203 : 01AB0A61;
1204 : 0C860A6A;
1205 : 0A800B87;
1206 : 0362FA69;
1207 : F7D4FD22;
1208 : 01B9090A;
1209 : 0AA807EA;
120A : 053DFD21;
120B : F39FF4EB;
120C : F999FCFE;
120D : FBC6FD2D;
120E : 002E01DE;
120F : 086010F8;
1210 : 0F2604C8;
1211 : FEAF0051;
1212 : FE05FCD8;
1213 : FDC100BC;
1214 : FFCF0026;
1215 : FF400218;
1216 : 0BD815A0;
1217 : 15F311AC;
1218 : 0DF00C47;
1219 : 07D4037D;
121A : 00F803CD;
121B : 04D3FFD0;
121C : FC6600D0;
121D : 04B90228;
121E : FE55FEFF;
121F : FD00FAD7;
1220 : F3EDEDAE;
1221 : F331FC6F;
1222 : 046709DF;
1223 : 097608FF;
1224 : 07C708C0;
1225 : 076C06F9;
1226 : 05AD043F;
1227 : 00B300EF;
1228 : 02CF0760;
1229 : 0D2D13B9;
122A : 10AA0BA1;
122B : 08830834;
122C : FFF1FBF6;
122D : FFCD07A4;
122E : 0FF41477;
122F : 11491302;
1230 : 15C41578;
1231 : 0AA603C3;
1232 : FFF6FEE8;
1233 : FE1C01ED;
1234 : 070E0B9F;
1235 : 0B170428;
1236 : F795F477;
1237 : FC9E0704;
1238 : 09390D02;
1239 : 116A0CD2;
123A : FFF4FB97;
123B : FDE3FFFA;
123C : FC20F5DE;
123D : ED5CE88B;
123E : EB1FEF46;
123F : F6E8FD1E;
1240 : FB02FA90;
1241 : FB5EF9D2;
1242 : FE9207B2;
1243 : 0A1609A4;
1244 : 0941041D;
1245 : FF5C0022;
1246 : 039D04D0;
1247 : FE89F9D6;
1248 : F75AF86D;
1249 : F654F76D;
124A : F817F3CD;
124B : EF2CF1E1;
124C : F48FFAFE;
124D : FDB4073A;
124E : 0BAE0B1D;
124F : FDB6F7F8;
1250 : FA770467;
1251 : 0BF30D1C;
1252 : 06550715;
1253 : 062B03AC;
1254 : FF67FF26;
1255 : FF770089;
1256 : FBE3F5B7;
1257 : F498FAF3;
1258 : 00A20545;
1259 : 0AC40CAD;
125A : 0BE5102C;
125B : 13480EBE;
125C : 05C8014A;
125D : 00BAFF87;
125E : 0123064F;
125F : 056B03DE;
1260 : 0071FE16;
1261 : F5F3F260;
1262 : FAB502F2;
1263 : 00100123;
1264 : 0233076E;
1265 : 057EFFD0;
1266 : FC46FF7E;
1267 : 02860567;
1268 : 01C3FC43;
1269 : F5A6F634;
126A : F9E6FB8D;
126B : F542F7E6;
126C : FC15009F;
126D : 032A09D1;
126E : 082F0165;
126F : 003D03B2;
1270 : FD6BFCF0;
1271 : 005F03AE;
1272 : FE1EFD7E;
1273 : FDA7F9F6;
1274 : F1B1F516;
1275 : FB24FD9E;
1276 : FA73F739;
1277 : F259F530;
1278 : F988FE71;
1279 : 0287071E;
127A : 040AFCFD;
127B : FA13FA6C;
127C : FC3CFF85;
127D : FE44FD3B;
127E : 015107D6;
127F : 0968016B;
1280 : FD3001E7;
1281 : FFCFFB80;
1282 : FFB9FE67;
1283 : F7C4F9EB;
1284 : 03DF0556;
1285 : 02630849;
1286 : 0CCF0939;
1287 : 09150AB5;
1288 : 025BF99E;
1289 : FA4C013C;
128A : 009E02CA;
128B : 072305D3;
128C : FDC3F6FD;
128D : F103F675;
128E : FE7004DE;
128F : 0145FC5D;
1290 : F735F49E;
1291 : F563FE9B;
1292 : 0149FEE4;
1293 : FBE8F6E9;
1294 : EEE5F129;
1295 : F9CB001F;
1296 : 04870955;
1297 : 079C027C;
1298 : 0173FF13;
1299 : F7A3F25A;
129A : FAA80336;
129B : 01E3FE52;
129C : FD37FCB1;
129D : FCBBFC11;
129E : FAE8F988;
129F : F9E6F697;
12A0 : F502F8FC;
12A1 : FDADFC9F;
12A2 : F956F716;
12A3 : F850FB32;
12A4 : FB11FAB7;
12A5 : FE1FFFF4;
12A6 : FF5BFE40;
12A7 : 018D06AD;
12A8 : 0BA40C17;
12A9 : 05F9FF96;
12AA : FDCAFFD8;
12AB : 026302A0;
12AC : FFF3F7CC;
12AD : F434F4A7;
12AE : F2AFF2D5;
12AF : F8B6FC76;
12B0 : 01A90502;
12B1 : 02CF01AC;
12B2 : 06AB084B;
12B3 : 05AEFD94;
12B4 : FB0DFDF2;
12B5 : 0278062C;
12B6 : 09950611;
12B7 : 029AFA39;
12B8 : F244F5B2;
12B9 : 00BD0694;
12BA : 08CB0912;
12BB : 06EE0362;
12BC : 05170916;
12BD : 0B520E92;
12BE : 0BEDFEB5;
12BF : F99D0125;
12C0 : 061C037E;
12C1 : FF5CFB4B;
12C2 : F5DDF0ED;
12C3 : F93A01F2;
12C4 : 06FD0B1E;
12C5 : 0ED6091E;
12C6 : 032DFCF6;
12C7 : F970FCBE;
12C8 : 04F105B1;
12C9 : 03450006;
12CA : FDFFFD06;
12CB : FE2EFD75;
12CC : F9FFF7D5;
12CD : F4CDF425;
12CE : FABF0494;
12CF : 054803F8;
12D0 : 06FA09DB;
12D1 : 04EDFD4D;
12D2 : FF6F035A;
12D3 : 0186FF0D;
12D4 : FE91FB7B;
12D5 : FA24FAE0;
12D6 : FB75F660;
12D7 : F815FE38;
12D8 : 003EF90D;
12D9 : F901FB9D;
12DA : FAEDF7EC;
12DB : FC6F03F7;
12DC : 06330022;
12DD : FD4BFCFA;
12DE : FD55FBFB;
12DF : FB5AF82C;
12E0 : F635F5BE;
12E1 : F988FC1D;
12E2 : FB66F892;
12E3 : F6DEF79B;
12E4 : FD3AFE78;
12E5 : 007F00E3;
12E6 : 002D02B0;
12E7 : 0261FAB9;
12E8 : FC680596;
12E9 : 0DF80BC7;
12EA : 05C30044;
12EB : FE64FB54;
12EC : FC59FD7E;
12ED : FBB3F3CC;
12EE : F5A4FEDD;
12EF : 051B00E0;
12F0 : 05C8082E;
12F1 : 0279FC22;
12F2 : FCB8FDB8;
12F3 : 05170C9B;
12F4 : 0C2C020D;
12F5 : FF930076;
12F6 : FFAEFCE3;
12F7 : 027A0BBE;
12F8 : 0E1406D5;
12F9 : FF03FEA9;
12FA : 01A1063E;
12FB : 0EE811C0;
12FC : 0FD50B40;
12FD : 06F005A2;
12FE : 03E80210;
12FF : 033F05B5;
1300 : 07DE07F0;
1301 : 06CFFF1D;
1302 : F95AF85F;
1303 : F9CEF74E;
1304 : F84DFBBB;
1305 : FD4AFAF3;
1306 : FAD3FBBE;
1307 : FF73FE8D;
1308 : 00190268;
1309 : 033501B7;
130A : 01EE051E;
130B : 0922060C;
130C : 046F0229;
130D : FE42FC9B;
130E : FDF2F84C;
130F : F737FC8B;
1310 : 00BDFF89;
1311 : FF1EFE12;
1312 : FB9FF5D2;
1313 : F8FCFE09;
1314 : 019300C5;
1315 : 0190042F;
1316 : 02E5FE75;
1317 : FFBE015C;
1318 : 029AFF64;
1319 : FCD0FCA9;
131A : 01DF0327;
131B : 01FB00FF;
131C : 013CFCF3;
131D : FA16F966;
131E : FEC5036D;
131F : 07D20587;
1320 : 05B5067D;
1321 : 05F503F7;
1322 : 04D60771;
1323 : 0BC60CD5;
1324 : 08B70343;
1325 : 03F004DC;
1326 : 051104A5;
1327 : 03EA0518;
1328 : 0874083D;
1329 : 0A570C76;
132A : 0B8B047A;
132B : 03E90296;
132C : 01CA003C;
132D : 043C05D7;
132E : 069F04A6;
132F : 027BFBDF;
1330 : F94AF9E6;
1331 : FFF504C0;
1332 : 05BC0302;
1333 : 025D043A;
1334 : 03C303BF;
1335 : 08E20745;
1336 : 0228041D;
1337 : 09FC0437;
1338 : FF33001A;
1339 : 0363FFE3;
133A : FF090123;
133B : 062E089D;
133C : 0C0F09CA;
133D : 09150691;
133E : 02A5019E;
133F : 050A06C2;
1340 : 03AF048E;
1341 : 057B01B3;
1342 : FE9C0329;
1343 : 0337FE5B;
1344 : FA1BF991;
1345 : FA0C00BD;
1346 : 04EA0355;
1347 : 04170B64;
1348 : 0D4706D7;
1349 : 06BA0B65;
134A : 0C740708;
134B : 022A01A5;
134C : 006DFED9;
134D : 0411090E;
134E : 068B0108;
134F : FF95FD0E;
1350 : FC0F0054;
1351 : 0506040A;
1352 : 010EFEDE;
1353 : FD2DFB22;
1354 : FB81FBEE;
1355 : FCDBFAA8;
1356 : F9C7F888;
1357 : F5EEF464;
1358 : F1C7EE83;
1359 : EBE2EB77;
135A : EC85EDD1;
135B : ED76EF32;
135C : F359F782;
135D : F3C2F092;
135E : F086F267;
135F : F19CF6CC;
1360 : FAE4F789;
1361 : F196EEA4;
1362 : EC16E995;
1363 : EA86EF96;
1364 : F115EE88;
1365 : EC97ECE3;
1366 : F00AF246;
1367 : F6F6F6C0;
1368 : F209EF42;
1369 : F202F461;
136A : F850FE0C;
136B : 0152FFAA;
136C : FC50F73B;
136D : F76EFB34;
136E : 0010FEF1;
136F : FB42F95C;
1370 : F9D6FAA3;
1371 : FAD2F8ED;
1372 : FBF00056;
1373 : 02A9FFBF;
1374 : 00EF03D1;
1375 : 034601E8;
1376 : 02C8021A;
1377 : 013D0206;
1378 : 06DE0921;
1379 : 093D04E3;
137A : 04EC0325;
137B : 033B062C;
137C : 0C380BDD;
137D : 0BE50934;
137E : 088104B1;
137F : 06D506F8;
1380 : 08090716;
1381 : 06A80713;
1382 : 09150A29;
1383 : 0B4C0CA4;
1384 : 0C700747;
1385 : 01C4FF5A;
1386 : 006300F0;
1387 : FDA4FB35;
1388 : FC5EFF70;
1389 : 023103F7;
138A : 06450837;
138B : 0BC30A82;
138C : 07B30710;
138D : 05D50251;
138E : 002D0115;
138F : 055F09E5;
1390 : 0DF60CC8;
1391 : 0CE80B45;
1392 : 07DC0369;
1393 : 0081FC0F;
1394 : F9A4F90F;
1395 : FDD30719;
1396 : 1176126E;
1397 : 0E010964;
1398 : 05DF02C0;
1399 : 01CD03A8;
139A : 00BEFB23;
139B : F846F886;
139C : FA1EFA80;
139D : FCC2FF85;
139E : FF11FBD7;
139F : FAFEFCC8;
13A0 : 01A50695;
13A1 : 09CC062C;
13A2 : 035F01F6;
13A3 : 0175011E;
13A4 : 04430569;
13A5 : 045400F1;
13A6 : FC75FAA6;
13A7 : FDE0FE74;
13A8 : FE26FDF8;
13A9 : FE49FCB7;
13AA : FB8D0001;
13AB : 033200DC;
13AC : FBF7F876;
13AD : F48EF608;
13AE : FB4AFE85;
13AF : F870F2C4;
13B0 : EFBBEEDE;
13B1 : EBDDEAFB;
13B2 : EA42E801;
13B3 : E4E3E6C4;
13B4 : ED88F20A;
13B5 : F406F7F8;
13B6 : F968F807;
13B7 : F498F3BA;
13B8 : F4FEF72F;
13B9 : F8EBFCF2;
13BA : FD3CFBA4;
13BB : FA7AFE71;
13BC : 00A6FF9B;
13BD : FDD8FD2F;
13BE : FDB4FEA7;
13BF : 0015FE3F;
13C0 : FC81FEFE;
13C1 : 058B0839;
13C2 : 057306CD;
13C3 : 07100016;
13C4 : F8EDFC8B;
13C5 : FEF0FDB0;
13C6 : F986FCFB;
13C7 : FBD3FB70;
13C8 : FC9702E0;
13C9 : 0375013A;
13CA : FDE5FEB6;
13CB : FFF50540;
13CC : 0C8D122D;
13CD : 0FAF0D9A;
13CE : 0C140E23;
13CF : 117F1571;
13D0 : 166F13DC;
13D1 : 0A75076C;
13D2 : 0A970DE0;
13D3 : 0B400BD8;
13D4 : 0CC509EB;
13D5 : 09090CAA;
13D6 : 0ED60974;
13D7 : 040DFFA2;
13D8 : FA8EF89C;
13D9 : FB85FD3C;
13DA : FC1BFCE0;
13DB : FF54FFCF;
13DC : FF2EFFE5;
13DD : FD5AFBD3;
13DE : F9B3FAB8;
13DF : FA68FBBC;
13E0 : FE17034C;
13E1 : 08D20C26;
13E2 : 0BA209E5;
13E3 : 0749060E;
13E4 : 052906F8;
13E5 : 07B90A4D;
13E6 : 0DE60F87;
13E7 : 0B180630;
13E8 : 068D09ED;
13E9 : 065503BE;
13EA : 035A0455;
13EB : 040E082A;
13EC : 0D340D14;
13ED : 0A08097E;
13EE : 07550398;
13EF : 010D01E4;
13F0 : FEFFFC9F;
13F1 : F798F614;
13F2 : F797FA42;
13F3 : F90BF7A9;
13F4 : F3F3F52E;
13F5 : F61FF8C1;
13F6 : FB640142;
13F7 : 04DB0834;
13F8 : 085E0647;
13F9 : 059A058D;
13FA : 03B60529;
13FB : 08EA0C1D;
13FC : 0662FEDF;
13FD : FABBFBFC;
13FE : 013906C3;
13FF : 07AD03CF;
1400 : FF6AFE2C;
1401 : FF5C007F;
1402 : FF04F9CA;
1403 : F647F5E8;
1404 : FAEEF951;
1405 : F42EF0DF;
1406 : EE6DE996;
1407 : E8BAECBA;
1408 : EE72EF7C;
1409 : EFBBEF0B;
140A : EE5FF0BA;
140B : F259F5B1;
140C : FAC4006E;
140D : 02600664;
140E : 08D50721;
140F : 04C903DB;
1410 : 04D70638;
1411 : 06E10789;
1412 : 05A40508;
1413 : 043D057E;
1414 : 02450022;
1415 : 008D0068;
1416 : FEB0FFF1;
1417 : 0085FF9A;
1418 : FE38FED1;
1419 : FD83FC04;
141A : FA13F8C6;
141B : F9CEFE95;
141C : 0300017D;
141D : FE980023;
141E : FE19FC54;
141F : F91DF6FB;
1420 : F66BF867;
1421 : FEB80760;
1422 : 11E3138A;
1423 : 10040D56;
1424 : 0F320AE1;
1425 : 06BE05D4;
1426 : 073F06D2;
1427 : 08E70748;
1428 : 04C1036E;
1429 : 03180550;
142A : 05C00344;
142B : 00C30262;
142C : 0199009A;
142D : 01BD02EB;
142E : 0060FDD6;
142F : FDF4FBB9;
1430 : F7F7F58C;
1431 : F3E1F04E;
1432 : F252F5DE;
1433 : F8B1F375;
1434 : EFC0F0CF;
1435 : F3ECF310;
1436 : F2ACF88D;
1437 : FF3002E4;
1438 : 06CF09BD;
1439 : 07B401B6;
143A : 00CE0073;
143B : FD4EFE32;
143C : 053D072A;
143D : 063706AB;
143E : 0A5706F8;
143F : 0009FC57;
1440 : FE96FEAE;
1441 : FA8EFC2E;
1442 : FF770451;
1443 : 09B20CBE;
1444 : 0AA105D7;
1445 : FF82FADD;
1446 : F787F820;
1447 : FAF5FB6D;
1448 : F770F69E;
1449 : F5F5F426;
144A : F27BF213;
144B : F61CF78E;
144C : F735FA42;
144D : 00D50281;
144E : 032007F8;
144F : 09D7060A;
1450 : 03F70766;
1451 : 0CA80E2B;
1452 : 0B4507B7;
1453 : 0220FE3B;
1454 : FCA2FDEF;
1455 : FDCAF9E1;
1456 : F7ECF984;
1457 : FE06018A;
1458 : 04A3014C;
1459 : FC2AF9C8;
145A : FA28FA81;
145B : F983F9B9;
145C : F9B6FA60;
145D : F850F6CA;
145E : F559F7F0;
145F : F4F1F1F7;
1460 : F1ACF52D;
1461 : F94DFB08;
1462 : FB0AFBA0;
1463 : FE96FEF2;
1464 : FD49FD1E;
1465 : 00C50038;
1466 : 017E0209;
1467 : 05DB0664;
1468 : 059AFEE2;
1469 : FBE7FBC6;
146A : FF78FEF7;
146B : FF71013F;
146C : 00D6026A;
146D : 0624089C;
146E : 0A3909E6;
146F : 0949082C;
1470 : 03BCFF29;
1471 : FC70FF60;
1472 : FFB8F94B;
1473 : F669F8C6;
1474 : FB85F9B4;
1475 : F8B2F709;
1476 : F7E6FB39;
1477 : 004E0486;
1478 : 0858070F;
1479 : 0525060B;
147A : 08810B5E;
147B : 0CD20B7A;
147C : 0B790D50;
147D : 0BCD0A38;
147E : 079D0493;
147F : 05CB0768;
1480 : 0AAE0B98;
1481 : 0DEF0BE0;
1482 : 09E306CF;
1483 : 087908EB;
1484 : 067C02FA;
1485 : 01F201A0;
1486 : 00C6FF22;
1487 : FC59F930;
1488 : F721F5F1;
1489 : F3AEF55D;
148A : F8F5F997;
148B : F40FF4AA;
148C : F8F8FB0C;
148D : FB07FF05;
148E : 01B601EF;
148F : 037205E6;
1490 : 07370389;
1491 : 03F90486;
1492 : 04940339;
1493 : 00D4FEE5;
1494 : FF1304AA;
1495 : 0638061D;
1496 : 04E5036D;
1497 : 00ECFF18;
1498 : 00D604F1;
1499 : 09BE0D66;
149A : 0D780CAC;
149B : 0BF9062D;
149C : FFE5FF09;
149D : FF1CFD46;
149E : FC85FC41;
149F : FF5201AC;
14A0 : 006DFB06;
14A1 : FAF1FC77;
14A2 : FE7100A9;
14A3 : 031A0249;
14A4 : 041E05E0;
14A5 : 05100568;
14A6 : 0460050F;
14A7 : 07CD0D82;
14A8 : 102C0B57;
14A9 : 06EC0248;
14AA : 01930475;
14AB : 081B06DB;
14AC : 06A00871;
14AD : 09F505AD;
14AE : 022002C9;
14AF : 04C10466;
14B0 : 06C40632;
14B1 : 03E2FF00;
14B2 : FDD1FB8A;
14B3 : F8FFF506;
14B4 : F3B7F422;
14B5 : F666F5C1;
14B6 : F35CF26A;
14B7 : F37CF38B;
14B8 : F157F2F4;
14B9 : F989FD38;
14BA : FDF7F992;
14BB : F51DF241;
14BC : F315F6A3;
14BD : FB43FD45;
14BE : FE4FFAC5;
14BF : FA0DFAF0;
14C0 : FD2DFC1A;
14C1 : FBC9FD1B;
14C2 : FFA701C9;
14C3 : 01AE032C;
14C4 : 050008CD;
14C5 : 0842058A;
14C6 : 016BFB27;
14C7 : F6E8F532;
14C8 : F5F0F398;
14C9 : F2AEF193;
14CA : F390F8C7;
14CB : FEFFFBE2;
14CC : FAF7FA8F;
14CD : FB1CFA4C;
14CE : FFE905BE;
14CF : 098109B5;
14D0 : 0B320BE5;
14D1 : 0CCE0C2F;
14D2 : 0C9509A6;
14D3 : 09F609E3;
14D4 : 08240635;
14D5 : 05020419;
14D6 : 04240336;
14D7 : 06700AA7;
14D8 : 0B9D063D;
14D9 : 03BD05EB;
14DA : 089A0979;
14DB : 0993056A;
14DC : 021D013D;
14DD : 016CFE90;
14DE : FC52FBDE;
14DF : FC17F99B;
14E0 : FC53FBC4;
14E1 : F950FB2B;
14E2 : FFD3010D;
14E3 : FEADFCD1;
14E4 : FDBCFECF;
14E5 : 01AB045C;
14E6 : 024D01B0;
14E7 : FF22FC1E;
14E8 : FCE90035;
14E9 : 0118FFE5;
14EA : FFB1FD1A;
14EB : FAFEFD59;
14EC : FFF40205;
14ED : 05360489;
14EE : 030A0372;
14EF : 093C0C39;
14F0 : 0C150490;
14F1 : FF6BFC61;
14F2 : FCDFFD12;
14F3 : FE42FD1E;
14F4 : FCCFF76B;
14F5 : F47BF25D;
14F6 : F16BEEC0;
14F7 : EF48EFCA;
14F8 : F38FF581;
14F9 : F8CDFC80;
14FA : FF270199;
14FB : 0362008E;
14FC : FF6DFEE5;
14FD : 007200C4;
14FE : 018801B3;
14FF : 02120368;
1500 : 044404C9;
1501 : 070F08CD;
1502 : 0CB910BE;
1503 : 0E4F0AC2;
1504 : 075E0408;
1505 : 034B037C;
1506 : 01ADFEA1;
1507 : 018C01A7;
1508 : 0124FF9E;
1509 : FF45F952;
150A : F4FEF21F;
150B : F235F1DC;
150C : F549F7EF;
150D : F8F3FC3E;
150E : FEF2FD74;
150F : FBABFCA1;
1510 : FCA4FA02;
1511 : F726F510;
1512 : F354F4E6;
1513 : FAD1FDCD;
1514 : FF42FD40;
1515 : FE85FCAA;
1516 : FB05F998;
1517 : FAB9FBB3;
1518 : 035B05B3;
1519 : 03E700CD;
151A : 01890166;
151B : 001BFFA8;
151C : 0073FFD4;
151D : FE85FD6D;
151E : FA27F642;
151F : F44EF483;
1520 : F591F8A7;
1521 : FA1BF970;
1522 : FA49FAC4;
1523 : FB39FC58;
1524 : FF290339;
1525 : 07A0096C;
1526 : 070201FE;
1527 : 00DD028B;
1528 : 03420262;
1529 : 02650531;
152A : 062505CF;
152B : 03C80119;
152C : FFB9022C;
152D : 06220793;
152E : 09000AD8;
152F : 0B560773;
1530 : 070D08A4;
1531 : 0B90098F;
1532 : 08960640;
1533 : 0378FF90;
1534 : 0034FDF6;
1535 : FC49FB43;
1536 : FB5FFCCE;
1537 : FE4AFC00;
1538 : F742F771;
1539 : F8A4F7F5;
153A : F749F833;
153B : FAFCFE9A;
153C : FFF3FEF6;
153D : FC07FBA9;
153E : FDD0FBBD;
153F : FB7CFCC1;
1540 : FD11FAC2;
1541 : F9BEFC76;
1542 : FDFEFE3E;
1543 : 002B0399;
1544 : 02ED0308;
1545 : 051B04A4;
1546 : 02E4FFF3;
1547 : FE6CFBC4;
1548 : FB5AF8A0;
1549 : F5EBF137;
154A : F252F37D;
154B : F5BAF3FE;
154C : F26BEDDF;
154D : EE90F1C7;
154E : F53EF5BC;
154F : F63DF815;
1550 : FBEEFF41;
1551 : 02BB02AE;
1552 : 03D80346;
1553 : 040C026B;
1554 : 033F040F;
1555 : 04C70159;
1556 : 021C0094;
1557 : 0056FF3F;
1558 : 02B90721;
1559 : 08C80AE0;
155A : 0B6C09F6;
155B : 08230907;
155C : 0818073A;
155D : 05670472;
155E : 04A702C9;
155F : 010BFFCE;
1560 : 00ADFF0B;
1561 : FCBDF832;
1562 : FB1BFC76;
1563 : FFF40119;
1564 : 07010702;
1565 : 05F5013C;
1566 : 01FD02F8;
1567 : 034D0062;
1568 : 00C9FFD2;
1569 : 0082FE5D;
156A : FE4CFF5B;
156B : FFCBFC37;
156C : FA5CFC87;
156D : 02D704DC;
156E : 067405D5;
156F : 080C08D0;
1570 : 0AB50C97;
1571 : 0F7011D1;
1572 : 12C311A5;
1573 : 0F500ACB;
1574 : 062604DC;
1575 : 045E0240;
1576 : FEC2FCBC;
1577 : FAEFFBE3;
1578 : FE260168;
1579 : 00D9FF08;
157A : 0127033C;
157B : 04D10293;
157C : 015CFEEF;
157D : 00100299;
157E : 06E40766;
157F : 06F1076B;
1580 : 09960AB7;
1581 : 0CD70BF8;
1582 : 07180873;
1583 : 0A1C0AFF;
1584 : 098E0D49;
1585 : 0EDF103D;
1586 : 10C21317;
1587 : 0F620E3B;
1588 : 0CF40D99;
1589 : 0BED09DE;
158A : 036E00A0;
158B : FFAEFF9A;
158C : FD71FC7E;
158D : FCADFDD0;
158E : FEAFFF84;
158F : FF350133;
1590 : 0403076C;
1591 : 077D0407;
1592 : 00ADFCE1;
1593 : FC3DFD6D;
1594 : FF570015;
1595 : 01F90493;
1596 : 064F0470;
1597 : FDB6F84B;
1598 : F5DDF979;
1599 : FCFFFF21;
159A : FF5E018F;
159B : FF45FF70;
159C : FEC6FDF4;
159D : FD4701AE;
159E : 012701A6;
159F : FDD5FB91;
15A0 : F66FF513;
15A1 : F458F527;
15A2 : F283F1AB;
15A3 : F24DF61D;
15A4 : F81BF7D8;
15A5 : F77BF81F;
15A6 : FA35FAFA;
15A7 : F8FCF972;
15A8 : F9A0FA38;
15A9 : FCA3002F;
15AA : 01E402E9;
15AB : 04130319;
15AC : 00F5FF0B;
15AD : FE3CFDCE;
15AE : FEFCFF99;
15AF : 00BC0843;
15B0 : 0C890ECC;
15B1 : 0CB10A7C;
15B2 : 06C40627;
15B3 : 06340777;
15B4 : 065401C4;
15B5 : FBBBF9F1;
15B6 : F769F6E2;
15B7 : F4AEF3AA;
15B8 : F2A6F5F4;
15B9 : F877F721;
15BA : F37DF2D2;
15BB : F43FF49A;
15BC : F250F0E2;
15BD : F284F36C;
15BE : F4DBF850;
15BF : F89EF79E;
15C0 : F6E6F810;
15C1 : F925FBB0;
15C2 : FBF2FC0E;
15C3 : FA20F923;
15C4 : FB9CFEE1;
15C5 : 02170476;
15C6 : 07AB08BD;
15C7 : 08050880;
15C8 : 07510A46;
15C9 : 097B07A2;
15CA : 04130233;
15CB : 008DFEAF;
15CC : FBE8F7C5;
15CD : F5DBF598;
15CE : F749FAD7;
15CF : FDBAFD50;
15D0 : FD83FFDC;
15D1 : FFC6FDD3;
15D2 : FDFD0105;
15D3 : 03D9076A;
15D4 : 0943098C;
15D5 : 084C08E1;
15D6 : 09F10C20;
15D7 : 0BC007B6;
15D8 : 04A00454;
15D9 : 065C0969;
15DA : 0A360C37;
15DB : 0E780EAD;
15DC : 0E270D57;
15DD : 0BA008F6;
15DE : 0AB50B69;
15DF : 08F1069A;
15E0 : 057304F4;
15E1 : 020DFEC8;
15E2 : FB3EF837;
15E3 : F545F43B;
15E4 : F85EFA9C;
15E5 : FADEFB67;
15E6 : FD8EFD0D;
15E7 : FC48FCF3;
15E8 : FD0CFA55;
15E9 : F90FF9DA;
15EA : F96DF99A;
15EB : FAC5F9BD;
15EC : F85AF91A;
15ED : F84FF688;
15EE : F6A2F7A6;
15EF : F9F6F9D7;
15F0 : FD74009A;
15F1 : 01DAFECB;
15F2 : FDD3FD86;
15F3 : FE48FF9B;
15F4 : 020001FE;
15F5 : 02C7013B;
15F6 : FED6FB6E;
15F7 : F7F0F1D7;
15F8 : EE7DEE52;
15F9 : F021F1BD;
15FA : F44FF589;
15FB : F433F31A;
15FC : F44AF3E5;
15FD : F31CF4B5;
15FE : F5FDF743;
15FF : F921FB2C;
1600 : FD0FFE3B;
1601 : FFFCFFCB;
1602 : 001200C7;
1603 : 040C0465;
1604 : 046D047C;
1605 : 06E907B6;
1606 : 0957091F;
1607 : 09240708;
1608 : 068D053A;
1609 : 06C20670;
160A : 05F20470;
160B : 03EB000F;
160C : FCB3F8E0;
160D : F77DF4AF;
160E : F3BEF4FA;
160F : F826F972;
1610 : FA16FB3C;
1611 : FB74F9AF;
1612 : F88AF956;
1613 : FA10FB15;
1614 : FC06FC71;
1615 : FCF0FF4E;
1616 : 01740196;
1617 : 01380038;
1618 : FF52FDDA;
1619 : 003900A6;
161A : 009AFF0A;
161B : 008003E8;
161C : 08A908A9;
161D : 068A03D3;
161E : 037204A7;
161F : 064D070F;
1620 : 0685045D;
1621 : 02B90361;
1622 : 0282FF99;
1623 : FD33FBC0;
1624 : FA96FB19;
1625 : FDA7FE80;
1626 : FDD4FE89;
1627 : FE2AFD6B;
1628 : FBDAFD3F;
1629 : FDEC007B;
162A : 03C60673;
162B : 058105D8;
162C : 06CA06D8;
162D : 0582047B;
162E : 054A05CF;
162F : 067F073F;
1630 : 0B330DB6;
1631 : 10501160;
1632 : 134B12C5;
1633 : 118C0FEA;
1634 : 0EFB0D39;
1635 : 0D0F0DC1;
1636 : 0D9C0B2A;
1637 : 093C0699;
1638 : 02D2FF19;
1639 : FC68FAD6;
163A : F9CFFA15;
163B : FAF1FC47;
163C : FDE5FEE4;
163D : FDACF950;
163E : F691F83C;
163F : FAF4FCAF;
1640 : FD78FE28;
1641 : FD6BFC4F;
1642 : FA35F959;
1643 : F956FA17;
1644 : F9DFFADE;
1645 : FB77FBF9;
1646 : FCCDFEDA;
1647 : 005A0223;
1648 : 03A102BD;
1649 : FF62FD78;
164A : FE6C0158;
164B : 01E2008C;
164C : FD93FC8B;
164D : FAC4FA69;
164E : F8ACF775;
164F : F4B4F3D8;
1650 : F2D0F51C;
1651 : F6C5F8A1;
1652 : F80DF94D;
1653 : F90CF898;
1654 : F7A6FA57;
1655 : FE6A028B;
1656 : 04DF0735;
1657 : 0821077E;
1658 : 05DF058F;
1659 : 05BC06D8;
165A : 07C408A7;
165B : 0895095C;
165C : 0B630E4C;
165D : 0F420DC6;
165E : 0CBB0CFE;
165F : 0CC50B37;
1660 : 0AD209C8;
1661 : 08A00874;
1662 : 09030646;
1663 : 01C1FE3A;
1664 : FCDBFCCE;
1665 : FC77FC11;
1666 : FBFEFD56;
1667 : FDF2FEEC;
1668 : FE61FD53;
1669 : FBBAFC11;
166A : FD7F0051;
166B : 00F2FFB2;
166C : 002201B8;
166D : FED1F97F;
166E : F7DFF8FE;
166F : F962FA22;
1670 : FB98FD64;
1671 : FF9D02B7;
1672 : 043404F1;
1673 : 049A04CC;
1674 : 056B07C6;
1675 : 09D00B59;
1676 : 0A73087F;
1677 : 07280683;
1678 : 03E00019;
1679 : FD3BFC45;
167A : FC89FCAB;
167B : FAD7F9BE;
167C : FABDFD6D;
167D : FDABFCA7;
167E : FA95FB29;
167F : FB5CFC87;
1680 : FD42FF67;
1681 : FF9F012F;
1682 : 02B2040D;
1683 : 03B903C5;
1684 : 03220339;
1685 : 05D70AAA;
1686 : 0EDD0F7C;
1687 : 0D8E0C05;
1688 : 0CDE0DB2;
1689 : 0D7D0C74;
168A : 0AF10A5B;
168B : 0B960CA1;
168C : 0ABA08B1;
168D : 069F02FC;
168E : FD40FA0D;
168F : F988FB5F;
1690 : FCF1FE17;
1691 : FD55FCBF;
1692 : FBC1FB23;
1693 : F975FA0A;
1694 : FAEBFB37;
1695 : F9FCFCDD;
1696 : FF4A002E;
1697 : FF06FFE9;
1698 : FECBFF07;
1699 : FE27FBF3;
169A : F80EF94D;
169B : FC65FDF9;
169C : FC55FB98;
169D : FCA7FFC0;
169E : 017FFFFE;
169F : FD4EFD91;
16A0 : 0017026B;
16A1 : 041305A7;
16A2 : 04C1009C;
16A3 : FC16FB91;
16A4 : FC99FBFF;
16A5 : F930F710;
16A6 : F5DDF6EB;
16A7 : F860F8ED;
16A8 : F82EF7DB;
16A9 : F68CF5D5;
16AA : F65DF7DF;
16AB : F7B7F86F;
16AC : FA8CFEB7;
16AD : 011B01F8;
16AE : FFA3FE67;
16AF : FF0B02AC;
16B0 : 0333020D;
16B1 : 004901C3;
16B2 : 03CB061F;
16B3 : 0575043B;
16B4 : 03F70646;
16B5 : 077A0784;
16B6 : 074307BF;
16B7 : 06F00752;
16B8 : 08630704;
16B9 : 0085FB0B;
16BA : F7DFF827;
16BB : F92FFB8D;
16BC : FAB2FB15;
16BD : FBB0FCCE;
16BE : F90BF667;
16BF : F39DF3BA;
16C0 : F469F964;
16C1 : FB55FC88;
16C2 : FC32FD93;
16C3 : FB7DFA8E;
16C4 : F804F74B;
16C5 : F74EFBA3;
16C6 : FCE5FD11;
16C7 : FB3FFBD6;
16C8 : FB45FE54;
16C9 : 0100035D;
16CA : 020802BA;
16CB : 02B80502;
16CC : 07440A4F;
16CD : 09FA094E;
16CE : 06580353;
16CF : FFF3FD7A;
16D0 : FAABFA7B;
16D1 : FB45FB7A;
16D2 : FB20FBF3;
16D3 : FC45FC54;
16D4 : FC8AFCFF;
16D5 : FC73FD12;
16D6 : FE8000C8;
16D7 : 0172024A;
16D8 : 029305DC;
16D9 : 0789069E;
16DA : 02EA0519;
16DB : 08260951;
16DC : 056B0485;
16DD : 050B07D8;
16DE : 07BE07E1;
16DF : 072F08CD;
16E0 : 090708FE;
16E1 : 09020B13;
16E2 : 0A930832;
16E3 : 066F065C;
16E4 : 04E701B3;
16E5 : FD01FA1D;
16E6 : FB74FEA9;
16E7 : FE9FFC3A;
16E8 : FA9EFA9C;
16E9 : FA09F8CE;
16EA : F888FA5A;
16EB : FD24FFA4;
16EC : 0103003C;
16ED : FEE5FE98;
16EE : FEDEFC18;
16EF : F7C6F555;
16F0 : F6D5F87C;
16F1 : F8F0F83D;
16F2 : F964FC19;
16F3 : FE14FD1D;
16F4 : FC25FC92;
16F5 : FD71FF17;
16F6 : 023D05DA;
16F7 : 07CF0832;
16F8 : 06BD0588;
16F9 : 046603CF;
16FA : 01C1FF33;
16FB : FC4DFB66;
16FC : FAA9F949;
16FD : F675F53B;
16FE : F646F6CF;
16FF : F47BF2A2;
1700 : F42CF5F7;
1701 : F728F7ED;
1702 : F9FEFBBF;
1703 : FE01FDA7;
1704 : FCEBFCC6;
1705 : FF82013F;
1706 : 02F703AA;
1707 : 03B90272;
1708 : 02D60402;
1709 : 04DC056F;
170A : 05AF0642;
170B : 07D0098F;
170C : 08E8080E;
170D : 076F06B8;
170E : 064B0613;
170F : 03A1FF45;
1710 : FC94FA74;
1711 : FA64FB01;
1712 : FBD3F815;
1713 : F5C5F4E3;
1714 : F5DAF374;
1715 : F288F147;
1716 : F255F3F0;
1717 : F72FF955;
1718 : FC76FE39;
1719 : FC90F8C4;
171A : F5B8F3AE;
171B : F315F6E8;
171C : FC8BFF1A;
171D : FDD8FBDE;
171E : FB4FFB44;
171F : FB9DFAE6;
1720 : FD33010E;
1721 : 056A05AD;
1722 : 06D1071F;
1723 : 08FF0AF0;
1724 : 0DFF0ADB;
1725 : 053800D5;
1726 : 00E401E9;
1727 : 03D203B6;
1728 : 01A8FF04;
1729 : FFC801FB;
172A : 03AB03D8;
172B : 043502F6;
172C : 03030288;
172D : 027B0219;
172E : 05B80856;
172F : 09D20786;
1730 : 06AD05A5;
1731 : 07A108DB;
1732 : 096405F5;
1733 : 03A5027E;
1734 : 03A8046B;
1735 : 0657080B;
1736 : 0B340D79;
1737 : 0EA40E74;
1738 : 0FDB0F7B;
1739 : 0DD409E9;
173A : 0683022D;
173B : 0080FF92;
173C : 0100FFFA;
173D : FE52FAEC;
173E : FA88FB9D;
173F : FD8EFB8C;
1740 : F93BF731;
1741 : F714F862;
1742 : FB16FC98;
1743 : FE07FF9B;
1744 : FFF9FD5C;
1745 : F9CFF6F3;
1746 : F51AF54A;
1747 : FA02FEF5;
1748 : 00C3FFEA;
1749 : FF41FDC6;
174A : FCDFFCFB;
174B : FE58004C;
174C : 0391075E;
174D : 09570A63;
174E : 0AA20AFD;
174F : 090B0607;
1750 : 00FEFDB4;
1751 : FAC8FA37;
1752 : FABAFD95;
1753 : FE39FBFD;
1754 : F7C1F58F;
1755 : F482F41E;
1756 : F4DBF77A;
1757 : FA1AFB80;
1758 : FCA2FEE8;
1759 : 008F0243;
175A : 03350355;
175B : 00B901A5;
175C : 052E0A89;
175D : 0AA4097D;
175E : 04830263;
175F : 01B50470;
1760 : 037304AA;
1761 : 065609CD;
1762 : 0A930BD7;
1763 : 0BDE0B75;
1764 : 08B004BA;
1765 : 015700D3;
1766 : 01D4000D;
1767 : FE43FE32;
1768 : FF42FDCA;
1769 : FC2FFAC6;
176A : FA4BF7F3;
176B : F696F781;
176C : F900F966;
176D : F9B4FA90;
176E : FBF4FE7A;
176F : FE72FC4B;
1770 : F8B5F7A3;
1771 : F6A8F75E;
1772 : F87AFB14;
1773 : FB65FCC0;
1774 : FCC3FBC1;
1775 : F9C5FB45;
1776 : FD330038;
1777 : 03BB07C0;
1778 : 08AD09D4;
1779 : 0C931133;
177A : 13681223;
177B : 0C530738;
177C : 05BD08A7;
177D : 09A4082F;
177E : 06B906F9;
177F : 045D00A5;
1780 : FECAFF28;
1781 : FF150062;
1782 : 02B7031B;
1783 : 01A50204;
1784 : 030C03E7;
1785 : 045D0392;
1786 : 00A1FF19;
1787 : FEB50059;
1788 : 024A0494;
1789 : 02F0FFDF;
178A : FE130007;
178B : 00BB01E2;
178C : 0308056B;
178D : 08E70B82;
178E : 093B071C;
178F : 09B10C62;
1790 : 0A9D0672;
1791 : 03D201AC;
1792 : 005AFF73;
1793 : FD84FA50;
1794 : F87EF787;
1795 : F57DF398;
1796 : F2B0F32A;
1797 : F49CF937;
1798 : FDE6FFAE;
1799 : FED6FFBB;
179A : 00C9004E;
179B : FD8CFA30;
179C : F87CF9FB;
179D : FD00FF09;
179E : 000AFF99;
179F : FDA8FB33;
17A0 : FA4DFA13;
17A1 : F919F89E;
17A2 : FB0EFFA4;
17A3 : 02AC03A5;
17A4 : 03E1063C;
17A5 : 08E4074E;
17A6 : 009FFC97;
17A7 : FD05FE92;
17A8 : FE3BFD90;
17A9 : FD2EFD4A;
17AA : FB85F9E5;
17AB : F901F8A1;
17AC : F771F973;
17AD : FD7B00A4;
17AE : FE89FBFE;
17AF : FB61FEA6;
17B0 : 01F802B8;
17B1 : 000BFF7B;
17B2 : 0180024D;
17B3 : 018500BD;
17B4 : 0155FF6A;
17B5 : FE10FDC8;
17B6 : FF66FED8;
17B7 : 01AD0559;
17B8 : 0A410BE8;
17B9 : 0BEA0AA7;
17BA : 0C650D16;
17BB : 0B8F08D2;
17BC : 074D065A;
17BD : 051103D6;
17BE : 014CFD77;
17BF : F9EDF7A0;
17C0 : F4AEF28F;
17C1 : F311F4A9;
17C2 : F62DF6E4;
17C3 : F718F5D8;
17C4 : F668F726;
17C5 : F61EF352;
17C6 : F35FF3A5;
17C7 : F323F269;
17C8 : F312F374;
17C9 : F367F2E0;
17CA : F2D7F315;
17CB : F364F30F;
17CC : F456F859;
17CD : FE91024A;
17CE : 04240505;
17CF : 078F089D;
17D0 : 0B5E0C3E;
17D1 : 0A160639;
17D2 : 08530A14;
17D3 : 09B007CA;
17D4 : 0820073F;
17D5 : 054A02F2;
17D6 : 02B80285;
17D7 : 033E049C;
17D8 : 05460560;
17D9 : 073A0814;
17DA : 0850096A;
17DB : 0D080E48;
17DC : 0C54079C;
17DD : 05E7053B;
17DE : 05F804B5;
17DF : 04470307;
17E0 : 02F801B4;
17E1 : 01420018;
17E2 : 00C70128;
17E3 : 01D60298;
17E4 : 047305AC;
17E5 : 06B80592;
17E6 : 02C0000E;
17E7 : FE9EFC8D;
17E8 : FAFEFB85;
17E9 : FD30FC15;
17EA : F851F432;
17EB : F0ECEF18;
17EC : F09FF5DB;
17ED : FBA2FF1E;
17EE : FF3BFD6D;
17EF : FBD5FCE0;
17F0 : FEC0FE88;
17F1 : FBE0FA7A;
17F2 : FCC4FF8F;
17F3 : FFBEFDC3;
17F4 : FCD9FCCB;
17F5 : FCD3FA70;
17F6 : F810F6FD;
17F7 : F891FC91;
17F8 : 01C2045D;
17F9 : 03A00275;
17FA : 03630666;
17FB : 06F00627;
17FC : 04B4047F;
17FD : 047B05BB;
17FE : 05AD04F3;
17FF : 01C2FE32;
1800 : FBBCF9AD;
1801 : F7DAF6BB;
1802 : F80EFBB2;
1803 : FFB0FE25;
1804 : FB56F9AD;
1805 : FBB8FDEB;
1806 : FED7FC51;
1807 : FAF1FB0F;
1808 : FD08FE50;
1809 : FE34FE14;
180A : FFC6029A;
180B : 03D002C5;
180C : FFF1FF40;
180D : 010E04DA;
180E : 071708E5;
180F : 094309DA;
1810 : 0BB81054;
1811 : 11B90F1E;
1812 : 0A4F06ED;
1813 : 04610481;
1814 : 04A30279;
1815 : FE2BFBB9;
1816 : F959F556;
1817 : F290F3F7;
1818 : F755F9BC;
1819 : FB24F9C2;
181A : F756F5D6;
181B : F5C5F4DF;
181C : F5AFF616;
181D : F5EDF5A7;
181E : F784F824;
181F : F60FF389;
1820 : F559F681;
1821 : F47BF327;
1822 : F356F3B7;
1823 : F785FC8E;
1824 : FE40FE11;
1825 : FF98026F;
1826 : 047F05CA;
1827 : 07330700;
1828 : 068807C7;
1829 : 09680A9C;
182A : 0C110B78;
182B : 09C5088E;
182C : 0737049A;
182D : 03A507E9;
182E : 0F291246;
182F : 12F11440;
1830 : 12FC0F13;
1831 : 0DB10D1C;
1832 : 0B2B09B6;
1833 : 0A2009EC;
1834 : 08F7079C;
1835 : 066805B3;
1836 : 0633044A;
1837 : FF8BFBEB;
1838 : FC5CFDDE;
1839 : FF6B01CB;
183A : 04CF0617;
183B : 06680699;
183C : 04FF025C;
183D : 01CA02A9;
183E : 01DA00CB;
183F : FEE1FC59;
1840 : FAE2FAE1;
1841 : F604EF8C;
1842 : EDB2F1E1;
1843 : F595F97F;
1844 : FDACFF27;
1845 : FA41F662;
1846 : F6D7F845;
1847 : F929FACB;
1848 : FB2EFA84;
1849 : FB23FBA1;
184A : FB69F953;
184B : F818F77C;
184C : F77DF72F;
184D : F890FA62;
184E : FF0C038A;
184F : 051D0513;
1850 : 05A50538;
1851 : 034B023B;
1852 : 027C04CA;
1853 : 06530859;
1854 : 076006F0;
1855 : 05EF048B;
1856 : FEDEFC00;
1857 : F8C6F740;
1858 : F653FB02;
1859 : FFBA02CD;
185A : 00C50098;
185B : 00D20066;
185C : FE3BFE20;
185D : FE05FEA2;
185E : 00A8029B;
185F : 021A0143;
1860 : 01850137;
1861 : 00EE016B;
1862 : 0194FFB1;
1863 : FD6CFEEA;
1864 : 03ED0727;
1865 : 066D0772;
1866 : 0A680C5D;
1867 : 0A30077D;
1868 : 05330682;
1869 : 07D90885;
186A : 059A01B3;
186B : FD4CFC15;
186C : F932F47B;
186D : EFC4EF3D;
186E : F1F9F75A;
186F : FB1FFC90;
1870 : FB3CF7CC;
1871 : F412F179;
1872 : F02CF13C;
1873 : F3CFF5B0;
1874 : F5DAF468;
1875 : F1C6EEE6;
1876 : EC53EC0A;
1877 : EC32EC72;
1878 : EC35ED8B;
1879 : F08CF68C;
187A : FA87FDA4;
187B : 001803C0;
187C : 053C0537;
187D : 02CA02EA;
187E : 06180C48;
187F : 0FA00FAB;
1880 : 0EAA0E75;
1881 : 0C0B0970;
1882 : 07E10693;
1883 : 06920A78;
1884 : 0F5E11FD;
1885 : 13BB158B;
1886 : 1529131A;
1887 : 10980D2C;
1888 : 096A084D;
1889 : 08CB099F;
188A : 09AB09F3;
188B : 08D806CA;
188C : 04C904D8;
188D : 0330FFF2;
188E : FE79012A;
188F : 04CC07E9;
1890 : 09880A3A;
1891 : 0A130819;
1892 : 05B3055D;
1893 : 05D2044E;
1894 : 031A0282;
1895 : 0143FEBC;
1896 : FD71FCD9;
1897 : FAA0F66A;
1898 : F41DF435;
1899 : F4D6F74D;
189A : FB71FE54;
189B : FE0DFD34;
189C : FB9AF9A4;
189D : F83DF94E;
189E : F9B5FA2A;
189F : FB6CFCE4;
18A0 : FCF0FC53;
18A1 : FA2EF785;
18A2 : F67EF74E;
18A3 : FA38FC92;
18A4 : FD1AFC1D;
18A5 : FD3BFEB0;
18A6 : 00A30213;
18A7 : 04CC03AC;
18A8 : FFDFFE35;
18A9 : 01790239;
18AA : 01F00389;
18AB : 04A10099;
18AC : FCEBFCC3;
18AD : FC6DF9B1;
18AE : F88EFA68;
18AF : FCE5FF68;
18B0 : 02700578;
18B1 : 05B402D6;
18B2 : 0046FED1;
18B3 : FD8AFE20;
18B4 : 011101EE;
18B5 : 00EFFEE6;
18B6 : FDCEFDAA;
18B7 : 003C02C1;
18B8 : 043900E3;
18B9 : FDDEFF37;
18BA : 04540738;
18BB : 0AC60E94;
18BC : 10390DB9;
18BD : 0B600A61;
18BE : 0900067D;
18BF : 06EC0A57;
18C0 : 0B0D089E;
18C1 : 072E071C;
18C2 : 0495012C;
18C3 : FDE7F9C3;
18C4 : F599F5C3;
18C5 : F8A3FA50;
18C6 : F927F6B7;
18C7 : F4A1F1DE;
18C8 : EE6DED69;
18C9 : EF3DEF30;
18CA : EDF6ECC5;
18CB : EC0EEB7B;
18CC : EBE2EAB4;
18CD : E907E8C5;
18CE : EC04EF05;
18CF : F024F16C;
18D0 : F53EF81F;
18D1 : FA4BFD18;
18D2 : FF87FEA8;
18D3 : FD14FE72;
18D4 : 044708AF;
18D5 : 09560969;
18D6 : 0D650F9D;
18D7 : 0EEF0DB5;
18D8 : 0DB00AB8;
18D9 : 09E20C5D;
18DA : 10AC12B2;
18DB : 168B193D;
18DC : 1A4A16B4;
18DD : 12C40DF5;
18DE : 0AAE08F9;
18DF : 0D4B1055;
18E0 : 106D0E15;
18E1 : 0D690B0E;
18E2 : 09FC07A5;
18E3 : 0648034C;
18E4 : 00C2FFC9;
18E5 : 040B0722;
18E6 : 0963092F;
18E7 : 0719007C;
18E8 : FD85FD00;
18E9 : FCD5F998;
18EA : FAA7FD53;
18EB : 0035FE6A;
18EC : FD08FB44;
18ED : F8E6F415;
18EE : F32CF1F4;
18EF : EFA1EF62;
18F0 : F4F2F968;
18F1 : FBF8FC10;
18F2 : FACCF840;
18F3 : F762F8B2;
18F4 : FB87FBB7;
18F5 : FB64FBB5;
18F6 : FB3FF8A6;
18F7 : F74AF6A6;
18F8 : F704F7D7;
18F9 : FB1DFEBA;
18FA : 007BFE90;
18FB : FF4100C9;
18FC : 01010086;
18FD : 036A01E5;
18FE : FD34FBBD;
18FF : 0254066B;
1900 : 063303DC;
1901 : 037C0216;
1902 : 02BB0320;
1903 : 0231FD1B;
1904 : F978FA85;
1905 : FE650043;
1906 : 03730423;
1907 : 02E8004A;
1908 : FE69FBB8;
1909 : F947F7B1;
190A : FB4C00CB;
190B : 03D80276;
190C : 02380077;
190D : FF3CFF1E;
190E : FFF6FD1B;
190F : FC20FD8C;
1910 : 02F30776;
1911 : 0B410D3D;
1912 : 0F220C01;
1913 : 0905070E;
1914 : 069104F5;
1915 : 07C10BC0;
1916 : 0CCA0BBA;
1917 : 0C4709CD;
1918 : 052B015A;
1919 : 00F1FF86;
191A : FB7EF768;
191B : F641F61C;
191C : F75EF98A;
191D : F9DBF703;
191E : F390F0C7;
191F : EEB9EF10;
1920 : F0FAF2E1;
1921 : F219EE84;
1922 : EC97EC93;
1923 : EC23EA3C;
1924 : E9FAECE4;
1925 : F043F1FF;
1926 : F339F2B6;
1927 : F2A0F4E0;
1928 : F8A4FA39;
1929 : F930F866;
192A : FC03008E;
192B : 03A00692;
192C : 08EA096F;
192D : 08ED0951;
192E : 0A4D0A01;
192F : 09FE0AB7;
1930 : 0C010E49;
1931 : 1138150F;
1932 : 153513AB;
1933 : 126B10A2;
1934 : 0F8D11AC;
1935 : 14191668;
1936 : 16571203;
1937 : 0C830A52;
1938 : 0AC20A89;
1939 : 07DB048E;
193A : 03AC0594;
193B : 082708A9;
193C : 08C00915;
193D : 089B0676;
193E : 03CDFFAC;
193F : FC4AFC9D;
1940 : 011D04B0;
1941 : 04D00267;
1942 : 0027FE85;
1943 : FC59FA75;
1944 : F7D0F4F0;
1945 : F294F2CF;
1946 : F3E0F642;
1947 : F822F9B3;
1948 : F82FF61E;
1949 : F404F52D;
194A : F742F977;
194B : FB91FD74;
194C : FB94F87E;
194D : F647F617;
194E : F4E7F393;
194F : F36CF634;
1950 : F900FBEB;
1951 : FD2BFE06;
1952 : FEB1004D;
1953 : 01F1002C;
1954 : FDAFFEAC;
1955 : 00DA0185;
1956 : 01CE02E3;
1957 : 0274020D;
1958 : 02FA0346;
1959 : FFA0FDD4;
195A : FF710082;
195B : FFB70019;
195C : 00A30315;
195D : 04B50640;
195E : 0604034A;
195F : FF63FE15;
1960 : 015D0490;
1961 : 03FB0220;
1962 : 01320077;
1963 : FE0CFDCB;
1964 : FDABFC4C;
1965 : FC26007D;
1966 : 05AE083D;
1967 : 09A209A3;
1968 : 087C07EB;
1969 : 089E0823;
196A : 043D02A2;
196B : 05F90859;
196C : 08880819;
196D : 06320374;
196E : FFF4FE76;
196F : FC5DFA1B;
1970 : F83EF9C0;
1971 : FA09FA37;
1972 : FB33FC40;
1973 : FA1EF644;
1974 : F141EFF5;
1975 : F210F63E;
1976 : F824F773;
1977 : F3B9EFFC;
1978 : EE02EEAB;
1979 : ECDEE9E8;
197A : E94DECCE;
197B : F117F5AF;
197C : F89FF931;
197D : F9C6FAFB;
197E : FA73F783;
197F : F7B3FA63;
1980 : FD7202D7;
1981 : 09550C2D;
1982 : 0AE209A2;
1983 : 0B1B0BAA;
1984 : 09FB0967;
1985 : 0BB81027;
1986 : 132614F3;
1987 : 146D12E8;
1988 : 1244131C;
1989 : 11990EE8;
198A : 0C5F0CC5;
198B : 0EBF0FD8;
198C : 0F620E08;
198D : 0B260985;
198E : 073A0495;
198F : 0120FED4;
1990 : FFCE0326;
1991 : 051F05FF;
1992 : 071D0858;
1993 : 0779035C;
1994 : FE1AFB38;
1995 : F9F5FAB8;
1996 : FD45FF28;
1997 : FFD3FF3B;
1998 : FDE0FC84;
1999 : FACFF7AA;
199A : F484F42E;
199B : F52BF868;
199C : F9C0F9CF;
199D : F9C9FBE2;
199E : FC99FB2E;
199F : F751F598;
19A0 : F746FC9C;
19A1 : 001701B8;
19A2 : 00D1002E;
19A3 : FEA6FB90;
19A4 : F7F2F646;
19A5 : F4EDF6CD;
19A6 : FA2FFC75;
19A7 : FB66FB3B;
19A8 : FB91FBEB;
19A9 : FB58FACE;
19AA : F8C4F8CF;
19AB : FB37FDC1;
19AC : 013C04B9;
19AD : 03ED016D;
19AE : 0032FEE8;
19AF : FD17FDFC;
19B0 : FF870047;
19B1 : FFB300AF;
19B2 : FFC2009D;
19B3 : 023D02C9;
19B4 : 0016FEF2;
19B5 : FEEC0073;
19B6 : 0211046D;
19B7 : 03A6015E;
19B8 : FFFE0129;
19B9 : FFAEFE27;
19BA : FE83FF67;
19BB : FF66017C;
19BC : 01A0021B;
19BD : 049507C4;
19BE : 072F079A;
19BF : 0855069C;
19C0 : 03770495;
19C1 : 07A00855;
19C2 : 07020852;
19C3 : 088205C0;
19C4 : 00B0FBD4;
19C5 : F7B7F92C;
19C6 : FB2FFC9F;
19C7 : FABDF93B;
19C8 : F7AEF8DA;
19C9 : F80BF73A;
19CA : F269EE9D;
19CB : ED67F0D0;
19CC : F3B9F784;
19CD : F6F4F4B6;
19CE : F0FBF132;
19CF : F004EF55;
19D0 : EE35EF43;
19D1 : EF67F2B8;
19D2 : F419F47B;
19D3 : F4E5F8BB;
19D4 : F791F507;
19D5 : F55CFAD1;
19D6 : FEF60283;
19D7 : 0516082A;
19D8 : 08FC09AE;
19D9 : 0926095A;
19DA : 09140B74;
19DB : 0D99108F;
19DC : 136F1643;
19DD : 14BC13E4;
19DE : 14EA1635;
19DF : 151014E1;
19E0 : 12B4111E;
19E1 : 123D15D9;
19E2 : 16091486;
19E3 : 11FD0F8B;
19E4 : 0C6F0A78;
19E5 : 09460860;
19E6 : 06A60784;
19E7 : 075104C1;
19E8 : 04260640;
19E9 : 03EB0007;
19EA : FE1AFE08;
19EB : FE370131;
19EC : 03C4034F;
19ED : 0034FF03;
19EE : FC33F91C;
19EF : F611F4B4;
19F0 : F468F8E5;
19F1 : FC0BFCE9;
19F2 : FAFCFA6A;
19F3 : F919FA7F;
19F4 : FB0EFC7B;
19F5 : FA97FA98;
19F6 : FBD6FED8;
19F7 : FED900F5;
19F8 : 00CA008A;
19F9 : FF98FF4F;
19FA : FB6FF9FD;
19FB : F892F85F;
19FC : F855FAA1;
19FD : FA7BFB48;
19FE : FC81FE8E;
19FF : FD2FFBB0;
1A00 : FA37FC0A;
1A01 : FE610152;
1A02 : 0243036A;
1A03 : 024A023D;
1A04 : 0160FF1E;
1A05 : FAB0FB3B;
1A06 : FDDD015D;
1A07 : 015EFF66;
1A08 : FBDEFD3F;
1A09 : FE6AFE14;
1A0A : FC7FFEB4;
1A0B : FF7700B4;
1A0C : 020B03CF;
1A0D : 01CA0145;
1A0E : 01750206;
1A0F : 00B100EB;
1A10 : 00DB0087;
1A11 : FFE001A3;
1A12 : 01980052;
1A13 : 02410690;
1A14 : 075B0622;
1A15 : 03C8FFCF;
1A16 : FE720177;
1A17 : 04870581;
1A18 : 0691072B;
1A19 : 057500A4;
1A1A : FB13F6E8;
1A1B : F688F9A3;
1A1C : FC70FC74;
1A1D : FBB7FBB3;
1A1E : FBF7FCD1;
1A1F : FC5AFA86;
1A20 : F795F5D5;
1A21 : F70DFB40;
1A22 : FC8CFC29;
1A23 : FB2CFA0B;
1A24 : F7BFF5ED;
1A25 : F3ADF36F;
1A26 : F347F2C2;
1A27 : F252F35B;
1A28 : F4F2F6AF;
1A29 : F70EF6D7;
1A2A : F5E2F413;
1A2B : F3EDF6EC;
1A2C : FBCB0018;
1A2D : 032C05FC;
1A2E : 093A0A1B;
1A2F : 0969093C;
1A30 : 08E40714;
1A31 : 07AA0B32;
1A32 : 0E2E0F4C;
1A33 : 10F012F6;
1A34 : 143D1459;
1A35 : 13311198;
1A36 : 10F811CD;
1A37 : 129B13B9;
1A38 : 149A1433;
1A39 : 117F0EAA;
1A3A : 0CC10C95;
1A3B : 0C300B47;
1A3C : 09430643;
1A3D : 037D0288;
1A3E : 026302C3;
1A3F : 03F603C9;
1A40 : 01DBFEB3;
1A41 : FC88FBF5;
1A42 : FEF0022A;
1A43 : 022EFE79;
1A44 : FC1FFA3B;
1A45 : F871F686;
1A46 : F631F710;
1A47 : F79CF650;
1A48 : F6BAF8CB;
1A49 : F94EF7FB;
1A4A : F585F335;
1A4B : F3F0F849;
1A4C : FC2FFE59;
1A4D : FF380059;
1A4E : 00C60096;
1A4F : FE6EFBD1;
1A50 : F980F9C4;
1A51 : F9A9F8D0;
1A52 : F7F7F943;
1A53 : F987FA9E;
1A54 : FB77FB92;
1A55 : F9A9F813;
1A56 : F74DFA2E;
1A57 : FE400130;
1A58 : 0100FF9A;
1A59 : FF620030;
1A5A : FFA1FE55;
1A5B : FD00FCA4;
1A5C : FEF4027A;
1A5D : 0496040C;
1A5E : 026001B7;
1A5F : 01620071;
1A60 : 00710144;
1A61 : 021003D9;
1A62 : 060606B1;
1A63 : 064206D5;
1A64 : 07D306F9;
1A65 : 045E0195;
1A66 : FFADFFA1;
1A67 : 01190203;
1A68 : 00BDFFBD;
1A69 : 00D60348;
1A6A : 04850405;
1A6B : 007CFE86;
1A6C : FEF60066;
1A6D : 00B00285;
1A6E : 02E9024E;
1A6F : 00C70011;
1A70 : FCEBFA54;
1A71 : FA88FD26;
1A72 : FE77FECB;
1A73 : FCC6F9A4;
1A74 : F77BF6B2;
1A75 : F538F33B;
1A76 : F3A8F6B5;
1A77 : FA33FCB9;
1A78 : FD16FADE;
1A79 : F97AF8BE;
1A7A : F69EF2B8;
1A7B : EF82EF2F;
1A7C : F1FDF3DE;
1A7D : F371F1C1;
1A7E : F1C4F3CE;
1A7F : F5B2F550;
1A80 : F3D5F34F;
1A81 : F4F4F912;
1A82 : FDBA01F4;
1A83 : 04C00762;
1A84 : 0725063F;
1A85 : 0555063F;
1A86 : 06E509EB;
1A87 : 0BF60E3E;
1A88 : 0ECF0FD6;
1A89 : 0F7D102E;
1A8A : 0FBB0E62;
1A8B : 0C3D0D81;
1A8C : 104D1352;
1A8D : 14BA13FD;
1A8E : 11FA10E2;
1A8F : 103B0F3B;
1A90 : 0D340B20;
1A91 : 09D108BB;
1A92 : 081207A7;
1A93 : 067805BE;
1A94 : 05350340;
1A95 : 00C6FF90;
1A96 : FF8E0060;
1A97 : 01E302E8;
1A98 : 0270018A;
1A99 : 0085FEC0;
1A9A : FD14FBA8;
1A9B : F9C8F94A;
1A9C : FA21FB7C;
1A9D : FBCFFBCA;
1A9E : FB1AFAB0;
1A9F : FA1CFA27;
1AA0 : F893F7D7;
1AA1 : F9EEFDBB;
1AA2 : 001C01B4;
1AA3 : 02F30356;
1AA4 : 033A0321;
1AA5 : 0282004F;
1AA6 : FEEFFE58;
1AA7 : FF0FFF49;
1AA8 : FE54FC0D;
1AA9 : FA8CF976;
1AAA : F964F8AD;
1AAB : F778F728;
1AAC : F7CCF8EB;
1AAD : FB2EFDC2;
1AAE : FF580053;
1AAF : 0027FDAE;
1AB0 : FAA6FA6B;
1AB1 : FC29FE6B;
1AB2 : 011802D7;
1AB3 : 0353048F;
1AB4 : 057D045A;
1AB5 : 01CA0052;
1AB6 : FF5BFEB2;
1AB7 : FF9B02A0;
1AB8 : 04A005D7;
1AB9 : 0694060F;
1ABA : 03D2019F;
1ABB : 00E30083;
1ABC : FFEDFF0D;
1ABD : FEBAFDF1;
1ABE : FE52FE4F;
1ABF : FFA00164;
1AC0 : 03B1032F;
1AC1 : 02490264;
1AC2 : 0511066B;
1AC3 : 07A00796;
1AC4 : 05D30343;
1AC5 : 0336030E;
1AC6 : 01A3FFE9;
1AC7 : FEFDFDE7;
1AC8 : FE16FF86;
1AC9 : 0008FE06;
1ACA : F9DCF4E9;
1ACB : F251F274;
1ACC : F2EAF3BC;
1ACD : F573F880;
1ACE : FAE8FC02;
1ACF : FBD3FB82;
1AD0 : F895F5C5;
1AD1 : F3DBF41D;
1AD2 : F51EF6E4;
1AD3 : F5E9F426;
1AD4 : F34AF46D;
1AD5 : F514F527;
1AD6 : F453F3C1;
1AD7 : F4EDF772;
1AD8 : FA03FBFA;
1AD9 : FEC60208;
1ADA : 03EC0290;
1ADB : 0196027A;
1ADC : 04B10704;
1ADD : 09490A48;
1ADE : 0B930E34;
1ADF : 10610FA5;
1AE0 : 0DB10CC1;
1AE1 : 0CDA0ED7;
1AE2 : 130F16BC;
1AE3 : 171115BC;
1AE4 : 14701347;
1AE5 : 118F10B1;
1AE6 : 0E9F0C14;
1AE7 : 0A2E09B3;
1AE8 : 0816077D;
1AE9 : 06B2066C;
1AEA : 050203E6;
1AEB : 015BFF31;
1AEC : FE62002D;
1AED : 0091FF5F;
1AEE : FEC5008E;
1AEF : 0240008E;
1AF0 : FD52FAA4;
1AF1 : F917F841;
1AF2 : F93FF943;
1AF3 : F983F9F1;
1AF4 : FA64F94D;
1AF5 : F7FDF5B4;
1AF6 : F36CF313;
1AF7 : F5C4FA07;
1AF8 : FD6AFE88;
1AF9 : FCFAFC36;
1AFA : FC62FDCA;
1AFB : FDFCFE0A;
1AFC : FC9EFBE3;
1AFD : FB24FCA3;
1AFE : FBC8FAE5;
1AFF : F9F3FA6E;
1B00 : F8EBF8D9;
1B01 : F863FA81;
1B02 : FC64FF06;
1B03 : FF7E0053;
1B04 : 006D013E;
1B05 : 00D500DF;
1B06 : FFBBFE5F;
1B07 : FE25FFD5;
1B08 : 01A6028D;
1B09 : 042204F2;
1B0A : 037A00E6;
1B0B : FF6EFCAD;
1B0C : FBABFD63;
1B0D : 0152055E;
1B0E : 07DB080B;
1B0F : 08BD087E;
1B10 : 058301FC;
1B11 : 0031007E;
1B12 : 01180173;
1B13 : 012F01B9;
1B14 : 027902BC;
1B15 : 0147FFAC;
1B16 : FDC3FCD8;
1B17 : FE2F02C8;
1B18 : 06CC0726;
1B19 : 05930442;
1B1A : 023500AD;
1B1B : FF92FCB5;
1B1C : FAFBFC0F;
1B1D : FD97FCEB;
1B1E : FC64FC6E;
1B1F : FCCAFC15;
1B20 : FBC5F832;
1B21 : F3F3F2CC;
1B22 : F674F9D7;
1B23 : FC1AFB7F;
1B24 : FB2CFAA3;
1B25 : FA01F781;
1B26 : F5FDF5D8;
1B27 : F66FF5A4;
1B28 : F503F457;
1B29 : F446F456;
1B2A : F42EF2C7;
1B2B : F0B9F030;
1B2C : F206F41E;
1B2D : F730FA4E;
1B2E : FAD9F9C7;
1B2F : F994FAC6;
1B30 : FCE8FCD2;
1B31 : FBA9FDC5;
1B32 : 03240799;
1B33 : 0904089D;
1B34 : 089C093D;
1B35 : 0AB30B79;
1B36 : 09930814;
1B37 : 0AB50F87;
1B38 : 13731600;
1B39 : 179C17F2;
1B3A : 174614C7;
1B3B : 10AB0D0B;
1B3C : 0B900B45;
1B3D : 0D080E6A;
1B3E : 0F0F0EDE;
1B3F : 0CF708F4;
1B40 : 07B00746;
1B41 : 06B40591;
1B42 : 062E0730;
1B43 : 090F08CE;
1B44 : 073604C7;
1B45 : 04A2036E;
1B46 : 0037FBCD;
1B47 : FB19FCCD;
1B48 : FD57FAD1;
1B49 : F906F740;
1B4A : F68AF770;
1B4B : F712F47B;
1B4C : F3B9F582;
1B4D : F818FAE6;
1B4E : FD0DFC6C;
1B4F : F8F5F78B;
1B50 : F88DF9FB;
1B51 : FBDDFD6D;
1B52 : FC80FBD8;
1B53 : FC15FC13;
1B54 : FB16FAC2;
1B55 : FB04F996;
1B56 : F6A3F5FE;
1B57 : F6F1F938;
1B58 : FEC0035D;
1B59 : 0183FD7F;
1B5A : FD2AFE6B;
1B5B : FDDAFCB7;
1B5C : FBCEFB4C;
1B5D : FBDBFDFB;
1B5E : FFEC01A0;
1B5F : 02F403BD;
1B60 : 01FE00AC;
1B61 : FFE20044;
1B62 : 01A60512;
1B63 : 07710A77;
1B64 : 0B270B01;
1B65 : 0A750AED;
1B66 : 08B7058E;
1B67 : 01B70111;
1B68 : 00E101BF;
1B69 : 023F0328;
1B6A : 035103B2;
1B6B : 01B9FFF9;
1B6C : FE20FDEF;
1B6D : FF8B00EB;
1B6E : FFD4013D;
1B6F : 032902E0;
1B70 : 01940269;
1B71 : 0110FE85;
1B72 : FD83FE73;
1B73 : FCA8FC22;
1B74 : FCF6FDC4;
1B75 : FC80FC06;
1B76 : F983F729;
1B77 : F4F6F4A6;
1B78 : F525F872;
1B79 : F9CFF85B;
1B7A : F5E7F58B;
1B7B : F3DEF24C;
1B7C : F34CF610;
1B7D : F736F7C4;
1B7E : F739F538;
1B7F : F4FAF7BB;
1B80 : F944F7C8;
1B81 : F5B9F4CA;
1B82 : F4E0F772;
1B83 : FCA40112;
1B84 : 00C8FED7;
1B85 : FD77FD79;
1B86 : FD5DFE9B;
1B87 : FF3D0094;
1B88 : 024706DE;
1B89 : 09E10ADA;
1B8A : 0A070AFA;
1B8B : 0AE20B14;
1B8C : 096208AA;
1B8D : 09F40DA6;
1B8E : 108F13ED;
1B8F : 15A11625;
1B90 : 1637151B;
1B91 : 11830CB9;
1B92 : 09E40B1C;
1B93 : 0E0A0DE7;
1B94 : 0CE50B74;
1B95 : 0A8A0A35;
1B96 : 0A5F0692;
1B97 : 01C7FF3A;
1B98 : 01840442;
1B99 : 06E80749;
1B9A : 053A0234;
1B9B : 027101AD;
1B9C : FDAAF969;
1B9D : F8A3F9CB;
1B9E : FA1DF988;
1B9F : F8D5F8F8;
1BA0 : F939F9FA;
1BA1 : F8E1F72B;
1BA2 : F45CF33B;
1BA3 : F435F802;
1BA4 : F97DF96A;
1BA5 : F8CCF986;
1BA6 : F970FA56;
1BA7 : FB23FAFE;
1BA8 : FAC0FCA7;
1BA9 : FE2DFC85;
1BAA : FAF9FB69;
1BAB : FC36FA3F;
1BAC : F90CF87E;
1BAD : F9F7FCA8;
1BAE : 019B031F;
1BAF : 022FFFFC;
1BB0 : FF2EFDB0;
1BB1 : FD9BFD4F;
1BB2 : FCE4FCA5;
1BB3 : FDE0FFC1;
1BB4 : 021203F9;
1BB5 : 040B03C4;
1BB6 : 02BE00FE;
1BB7 : FE59FDF4;
1BB8 : FF2E035B;
1BB9 : 08520C2B;
1BBA : 0BE609DB;
1BBB : 076A0609;
1BBC : 049F0348;
1BBD : 02AB02BC;
1BBE : 03480453;
1BBF : 0621056E;
1BC0 : 035F01DC;
1BC1 : 01D4FFBC;
1BC2 : FF450162;
1BC3 : 04E105D9;
1BC4 : 0795092A;
1BC5 : 099C079B;
1BC6 : 06A404AF;
1BC7 : 0236FF80;
1BC8 : FEE8FFAC;
1BC9 : 021E02D2;
1BCA : 026B0167;
1BCB : 00DAFE57;
1BCC : FAE3F6FB;
1BCD : F4D7F558;
1BCE : F906FA66;
1BCF : F879F65F;
1BD0 : F5EDF56A;
1BD1 : F477F33B;
1BD2 : F2A8F3C2;
1BD3 : F5E9F8F7;
1BD4 : F8BDF52A;
1BD5 : F176F18C;
1BD6 : F1C2F29C;
1BD7 : F2CAF2A6;
1BD8 : F11FF467;
1BD9 : FAF8000C;
1BDA : FFA1FD6E;
1BDB : F9FBF7D9;
1BDC : F79BF849;
1BDD : F8EFFA6C;
1BDE : FC8EFF17;
1BDF : 032C0603;
1BE0 : 06DD06D1;
1BE1 : 076506A2;
1BE2 : 07770A40;
1BE3 : 0D690F8D;
1BE4 : 12481461;
1BE5 : 154715EE;
1BE6 : 15C11401;
1BE7 : 11ED11E9;
1BE8 : 115F10E5;
1BE9 : 108E109E;
1BEA : 0FA10EB9;
1BEB : 0C1F0A79;
1BEC : 092D0695;
1BED : 046B060C;
1BEE : 08EA0A39;
1BEF : 0B190ABF;
1BF0 : 089704DB;
1BF1 : 03250059;
1BF2 : FD21FAAA;
1BF3 : FB6EFC2A;
1BF4 : FDAFFC3D;
1BF5 : F9EEF740;
1BF6 : F5C3F42A;
1BF7 : F3FCF241;
1BF8 : F03FEFB8;
1BF9 : F171F359;
1BFA : F590F798;
1BFB : F7F5F636;
1BFC : F45CF3D9;
1BFD : F405F4AB;
1BFE : F635F87B;
1BFF : F9E5F988;
1C00 : F8DFF993;
1C01 : FB1FFB70;
1C02 : FB07FAE7;
1C03 : FC4BFF2E;
1C04 : 02050266;
1C05 : 01F001F9;
1C06 : 02180178;
1C07 : FFE3FDED;
1C08 : FCA4FD1B;
1C09 : FFD203C8;
1C0A : 05B505E0;
1C0B : 059A05C3;
1C0C : 051D0323;
1C0D : 00DD00FD;
1C0E : 031405AE;
1C0F : 07BF07A3;
1C10 : 0696065C;
1C11 : 06C904E8;
1C12 : 021DFF7C;
1C13 : FF3DFF74;
1C14 : 014502A3;
1C15 : 0351018C;
1C16 : 003CFE55;
1C17 : FDE8FCDB;
1C18 : FC30FC42;
1C19 : FEAD0087;
1C1A : 030A04DB;
1C1B : 05BA0533;
1C1C : 048E02B2;
1C1D : 003EFE09;
1C1E : FD3CFCF0;
1C1F : FD39FE3D;
1C20 : FF3AFFB4;
1C21 : 002900AE;
1C22 : FFF8FD15;
1C23 : F9D8F92D;
1C24 : FA42FB2C;
1C25 : FBEFFD8B;
1C26 : FE12FBF0;
1C27 : F8DEF673;
1C28 : F4CFF5CD;
1C29 : F8B8FAE7;
1C2A : FBD2FB43;
1C2B : F97DF83D;
1C2C : F806F7BA;
1C2D : F6F9F6E0;
1C2E : F829F976;
1C2F : FAFEFB83;
1C30 : F957F7AA;
1C31 : F864F85C;
1C32 : F7EFF848;
1C33 : F804F7EC;
1C34 : F967FBA2;
1C35 : FCEFFEB2;
1C36 : 028706D0;
1C37 : 08C10970;
1C38 : 08F60862;
1C39 : 09740CC4;
1C3A : 0FBC1128;
1C3B : 124113AA;
1C3C : 1363117E;
1C3D : 0F8E0D9B;
1C3E : 0DA10FD1;
1C3F : 11CA10F1;
1C40 : 0EBD0BE2;
1C41 : 0ACE0BA2;
1C42 : 0C6709D8;
1C43 : 08440994;
1C44 : 0B8A0C81;
1C45 : 0D660C57;
1C46 : 0A50092A;
1C47 : 07750312;
1C48 : FDBAFBD7;
1C49 : FC9CFDF7;
1C4A : FE8CFE9C;
1C4B : FD5AFD58;
1C4C : FCFBFB32;
1C4D : F715F307;
1C4E : F011F03A;
1C4F : F1F4F2EA;
1C50 : F157EF9E;
1C51 : EF6FF061;
1C52 : F1EEF247;
1C53 : F150F0E3;
1C54 : F351F580;
1C55 : F6BEF627;
1C56 : F646F703;
1C57 : F9EEFB52;
1C58 : FBBCFADE;
1C59 : FC6FFD97;
1C5A : FE0DFC87;
1C5B : FCE0FD29;
1C5C : FE5AFD69;
1C5D : FBDEF95F;
1C5E : F921FA33;
1C5F : FDF30066;
1C60 : 015D0027;
1C61 : 00AF0226;
1C62 : 03A50347;
1C63 : 037A0377;
1C64 : 06080950;
1C65 : 0B360ABB;
1C66 : 0ABE0A94;
1C67 : 0B0D08C9;
1C68 : 051101B6;
1C69 : 01DE038E;
1C6A : 060E05FA;
1C6B : 058703A4;
1C6C : 0390039E;
1C6D : 040001CE;
1C6E : 0087FEFD;
1C6F : 001B0032;
1C70 : 016B00CE;
1C71 : 002FFE9A;
1C72 : FF9AFED0;
1C73 : FE67FCCD;
1C74 : FCE8FD1D;
1C75 : FF6E000E;
1C76 : 0011FEE9;
1C77 : FEB0FCBD;
1C78 : FB88FA31;
1C79 : FA25FA64;
1C7A : FA68F89D;
1C7B : F8E7F9E6;
1C7C : FAC2F956;
1C7D : F7B6F5AC;
1C7E : F45FF324;
1C7F : F503F700;
1C80 : FA1AFBD8;
1C81 : FCF8FC10;
1C82 : FB92F9D7;
1C83 : F9FEF885;
1C84 : F8ACF9EC;
1C85 : FC68FC94;
1C86 : FD3EFC5A;
1C87 : FBE0F925;
1C88 : F7DCF80D;
1C89 : FA5AFC99;
1C8A : FFBD00D0;
1C8B : 02BF0516;
1C8C : 07AC0916;
1C8D : 095F07CC;
1C8E : 07AA0937;
1C8F : 0B660D48;
1C90 : 0F741064;
1C91 : 0F820ECB;
1C92 : 0F4A0F04;
1C93 : 0DED0D26;
1C94 : 0C7C0C8F;
1C95 : 0ECB10CC;
1C96 : 10910FAD;
1C97 : 0FF60EAB;
1C98 : 0B2007D1;
1C99 : 08860AA8;
1C9A : 0C4E0CA8;
1C9B : 0C070995;
1C9C : 094F09BE;
1C9D : 091606A5;
1C9E : 03EF0088;
1C9F : FF25FFAB;
1CA0 : 0078FF98;
1CA1 : FDCBFBE4;
1CA2 : FA2BF9B9;
1CA3 : F8D7F69C;
1CA4 : F50DF6BB;
1CA5 : F709F5C6;
1CA6 : F42EF3EF;
1CA7 : F2EFF305;
1CA8 : F26DF165;
1CA9 : F043F2B4;
1CAA : F66CF986;
1CAB : FAF5FC5D;
1CAC : FD15FF0F;
1CAD : 00EBFF78;
1CAE : FBF3FAC8;
1CAF : FBEBFE0B;
1CB0 : FFF50079;
1CB1 : 00AB016E;
1CB2 : 026101D9;
1CB3 : FF78FCBD;
1CB4 : FAC2FA80;
1CB5 : FDED0143;
1CB6 : 00CBFF94;
1CB7 : 0086023A;
1CB8 : 03830424;
1CB9 : 04CC0580;
1CBA : 07580996;
1CBB : 08E7059F;
1CBC : 0452047D;
1CBD : 052704F4;
1CBE : 0348008D;
1CBF : FF5DFF81;
1CC0 : 012D0113;
1CC1 : FF43FD3F;
1CC2 : FDBEFEE4;
1CC3 : 00590119;
1CC4 : 02340227;
1CC5 : 028F02B9;
1CC6 : 0323033B;
1CC7 : 043D049E;
1CC8 : 04A4037A;
1CC9 : 01F2FF98;
1CCA : FF1F0148;
1CCB : 043104A4;
1CCC : 03FD042C;
1CCD : 04D202C3;
1CCE : FEBEFB19;
1CCF : F968FB2A;
1CD0 : FEA4FF82;
1CD1 : FDB0FB3E;
1CD2 : F809F4D7;
1CD3 : F2E9F2D2;
1CD4 : F1FAF0B9;
1CD5 : F198F46C;
1CD6 : F5DAF775;
1CD7 : F85EF8CF;
1CD8 : F9C9FC4C;
1CD9 : FC7BFAD8;
1CDA : F954FA4B;
1CDB : FA50FA24;
1CDC : FA37FA6D;
1CDD : F99EF980;
1CDE : F88EF7E2;
1CDF : F84EF975;
1CE0 : FA2EFB76;
1CE1 : FD07FE23;
1CE2 : FF5A014B;
1CE3 : 028D0287;
1CE4 : 03730561;
1CE5 : 07610A34;
1CE6 : 0CEA0CB5;
1CE7 : 0B9C0CB5;
1CE8 : 0D750CA7;
1CE9 : 0CEB0E7F;
1CEA : 0ECA0F01;
1CEB : 0FB00FB2;
1CEC : 0F5F10FF;
1CED : 129E1272;
1CEE : 11900FF2;
1CEF : 0D170B28;
1CF0 : 0B080A06;
1CF1 : 0816062E;
1CF2 : 052F047C;
1CF3 : 0484036B;
1CF4 : 00C2FE38;
1CF5 : FE2DFEC4;
1CF6 : FE74FDF3;
1CF7 : FD47FBFF;
1CF8 : FA93FA16;
1CF9 : F8A0F6B2;
1CFA : F52BF4F4;
1CFB : F3F3F3CB;
1CFC : F44EF3E2;
1CFD : F043ED4D;
1CFE : EC8AEC37;
1CFF : EB33EBA5;
1D00 : ED1BEE16;
1D01 : F00BF3CA;
1D02 : F7A6F9DC;
1D03 : FC20FD5F;
1D04 : FD4DFD38;
1D05 : FE25FDB8;
1D06 : FCFDFD62;
1D07 : FF0900F8;
1D08 : 033C0497;
1D09 : 03F10285;
1D0A : 01EA023C;
1D0B : 03FD066B;
1D0C : 07250623;
1D0D : 05E505F3;
1D0E : 066106CE;
1D0F : 06F10563;
1D10 : 05BC0742;
1D11 : 07D505AB;
1D12 : 04D30352;
1D13 : 012EFF06;
1D14 : FF08FDD3;
1D15 : FC7DFCBA;
1D16 : 00150342;
1D17 : 045502AB;
1D18 : 009DFFDA;
1D19 : FFB9FE25;
1D1A : FB9CFAFE;
1D1B : FCF3FF31;
1D1C : FFEB0036;
1D1D : 012B01D1;
1D1E : 021A01EE;
1D1F : 016DFF7D;
1D20 : FE71FEAD;
1D21 : 013902E3;
1D22 : 03AF0265;
1D23 : 02C5029A;
1D24 : 02510026;
1D25 : FFE9FF3A;
1D26 : 005D009C;
1D27 : 00F8FE0C;
1D28 : FC1BF9D5;
1D29 : F985F83C;
1D2A : F88FF7E3;
1D2B : F9EFFC07;
1D2C : FDC5FBE3;
1D2D : FC53FEAA;
1D2E : 021501C1;
1D2F : FFAFFBBA;
1D30 : F9FAFAA1;
1D31 : FC57FB08;
1D32 : F959F93F;
1D33 : FA05F9FE;
1D34 : FA57F964;
1D35 : F6BEF512;
1D36 : F656F880;
1D37 : FB59FCE3;
1D38 : FD9AFE15;
1D39 : 00A7014C;
1D3A : 0153005A;
1D3B : 032205E7;
1D3C : 0988094C;
1D3D : 09F208DA;
1D3E : 095C06DB;
1D3F : 07790889;
1D40 : 0BDD0C8F;
1D41 : 0F2A0E93;
1D42 : 0D5D0C31;
1D43 : 0EBF0F14;
1D44 : 0E380B45;
1D45 : 096B08C1;
1D46 : 0A4A09D5;
1D47 : 081906E8;
1D48 : 083507FD;
1D49 : 075A0701;
1D4A : 077E05AC;
1D4B : 043202CA;
1D4C : 041A048A;
1D4D : 055E0420;
1D4E : 03A30172;
1D4F : FF0AF99E;
1D50 : F78DF69F;
1D51 : F71DF64B;
1D52 : F618F3FF;
1D53 : F366F0E5;
1D54 : EDEFEA5B;
1D55 : E98CEA9A;
1D56 : EE0FF002;
1D57 : F1F8F395;
1D58 : F6EDF87E;
1D59 : F98DFA0A;
1D5A : FAFFFA0B;
1D5B : FB16FB88;
1D5C : FCF8FE48;
1D5D : 00870155;
1D5E : 03610457;
1D5F : 05B70498;
1D60 : 035D02BB;
1D61 : 03A40322;
1D62 : 040F0553;
1D63 : 06660605;
1D64 : 060D04F3;
1D65 : 044D0488;
1D66 : 076E09CD;
1D67 : 0A540917;
1D68 : 09CF085F;
1D69 : 067F04F6;
1D6A : 0484031A;
1D6B : 042F041B;
1D6C : 053205EC;
1D6D : 06FD0609;
1D6E : 04C70200;
1D6F : 00B0FF27;
1D70 : FE8BFDFE;
1D71 : FE6FFE85;
1D72 : FD51FC23;
1D73 : FCF9FDC5;
1D74 : FEF2004D;
1D75 : FF5DFDBF;
1D76 : FE5B00C9;
1D77 : 0331028F;
1D78 : 01E10301;
1D79 : 03C601D5;
1D7A : FFE7FCAA;
1D7B : FB58FB5A;
1D7C : FCE1FCFB;
1D7D : FE5AFEF6;
1D7E : FED4FC01;
1D7F : FA69F77B;
1D80 : F54AF519;
1D81 : F7B2F8E3;
1D82 : F991F98F;
1D83 : FA50FAF9;
1D84 : FBB7FB6F;
1D85 : FA41F9C4;
1D86 : FAD1FBD7;
1D87 : FC5AFC8F;
1D88 : FB2AFA67;
1D89 : FC81FF60;
1D8A : FFA4FE96;
1D8B : FCD3FBF5;
1D8C : FC69FD80;
1D8D : FEA801B3;
1D8E : 04930675;
1D8F : 05FE0403;
1D90 : 01F10198;
1D91 : 02140503;
1D92 : 07B50912;
1D93 : 0A270BF4;
1D94 : 0BD50AAF;
1D95 : 090A0892;
1D96 : 09EA0D84;
1D97 : 10B111BE;
1D98 : 104D0F12;
1D99 : 0F070FB0;
1D9A : 0F5D0DF8;
1D9B : 0ACB07D4;
1D9C : 06C506FB;
1D9D : 061705DA;
1D9E : 07020870;
1D9F : 082E06E8;
1DA0 : 04880214;
1DA1 : 003AFF2A;
1DA2 : FE1DFD7F;
1DA3 : FD40FDC8;
1DA4 : FE9FFDA8;
1DA5 : FA5BF5FD;
1DA6 : F2D7F1B9;
1DA7 : F282F29F;
1DA8 : F24DF191;
1DA9 : F19AF0AB;
1DAA : EF6AECD9;
1DAB : EB81EBD7;
1DAC : EE68F03D;
1DAD : F25DF36C;
1DAE : F4ADF57F;
1DAF : F755F8C9;
1DB0 : F9A3F97C;
1DB1 : FB07FB91;
1DB2 : FAC3FB08;
1DB3 : FD8EFFD8;
1DB4 : 02070381;
1DB5 : 03A70245;
1DB6 : 019E0204;
1DB7 : 019300C8;
1DB8 : 01D003AB;
1DB9 : 058B0713;
1DBA : 073C0593;
1DBB : 04040457;
1DBC : 06290775;
1DBD : 082807AC;
1DBE : 075C07B4;
1DBF : 070604E4;
1DC0 : 037001DE;
1DC1 : 008BFFFA;
1DC2 : 0057016B;
1DC3 : 02840364;
1DC4 : 028AFEB9;
1DC5 : FB5BFB32;
1DC6 : F9D4F7E9;
1DC7 : F8A1FAAD;
1DC8 : F9DCF9BE;
1DC9 : FBE0FE4B;
1DCA : FF330070;
1DCB : FF38FD6E;
1DCC : FEA301EF;
1DCD : 02C70337;
1DCE : 051A0715;
1DCF : 071506FD;
1DD0 : 06C30512;
1DD1 : 030001CA;
1DD2 : 00CEFF85;
1DD3 : FE48FCCD;
1DD4 : FB6FF9FC;
1DD5 : F898F5C9;
1DD6 : F425F55C;
1DD7 : F75CF780;
1DD8 : F85EF934;
1DD9 : FA06FB41;
1DDA : FC82FA39;
1DDB : F6DFF627;
1DDC : F848FA06;
1DDD : FC2DFDAB;
1DDE : FD3FFBE2;
1DDF : FB87FB43;
1DE0 : FA92FA77;
1DE1 : FA5EF93F;
1DE2 : F833F97E;
1DE3 : FB5EFD72;
1DE4 : FE5AFED0;
1DE5 : FE63FDB3;
1DE6 : FBF4FC95;
1DE7 : FF3B03F3;
1DE8 : 06B0077A;
1DE9 : 07A009C6;
1DEA : 0AE60BF1;
1DEB : 0B9F0BAC;
1DEC : 0D0510D9;
1DED : 12F41407;
1DEE : 14DD16CC;
1DEF : 16F71661;
1DF0 : 14A412D6;
1DF1 : 10160ECD;
1DF2 : 0E480E5E;
1DF3 : 0D770D72;
1DF4 : 0C6F0A93;
1DF5 : 087307AF;
1DF6 : 054C02A6;
1DF7 : 0183024E;
1DF8 : 0127FFCF;
1DF9 : FF88010C;
1DFA : 0189FFD2;
1DFB : FAA7F69D;
1DFC : F44CF3A6;
1DFD : F23EF15E;
1DFE : EFE0EF87;
1DFF : EE7CEE4D;
1E00 : EC7CEABA;
1E01 : E8B3EA18;
1E02 : EC98F01E;
1E03 : F139F25F;
1E04 : F1B7F278;
1E05 : F30BF42B;
1E06 : F430F670;
1E07 : F817FA83;
1E08 : FBC3FD3D;
1E09 : FE2A00BD;
1E0A : 02AA0458;
1E0B : 04230418;
1E0C : 03E00542;
1E0D : 07DA0ABC;
1E0E : 0BBD0C8B;
1E0F : 0CFF0CC3;
1E10 : 0B2C0857;
1E11 : 055604AE;
1E12 : 065E07A1;
1E13 : 07D4082B;
1E14 : 09540A06;
1E15 : 09680686;
1E16 : 03080083;
1E17 : 01650505;
1E18 : 085809A0;
1E19 : 0A5909FD;
1E1A : 08380517;
1E1B : 010FFE2C;
1E1C : FCF7FC87;
1E1D : FB9BFA38;
1E1E : F8DEF99E;
1E1F : FBB4FECF;
1E20 : 004B004E;
1E21 : FF49FE1E;
1E22 : FCD6FE14;
1E23 : FFEF018C;
1E24 : 024A02AF;
1E25 : 02140106;
1E26 : FEE5FDD4;
1E27 : FE0EFF02;
1E28 : FF680013;
1E29 : 006A00D2;
1E2A : FFE9FD8E;
1E2B : FA18F80C;
1E2C : F6EDF74D;
1E2D : F8A7FA77;
1E2E : FB53FC0F;
1E2F : FCC1FD35;
1E30 : FC0FF9AE;
1E31 : F92BFB67;
1E32 : FE2AFD6E;
1E33 : FBA8FA7D;
1E34 : FA66F94F;
1E35 : FA71FB3B;
1E36 : FBE4FA97;
1E37 : FA3AF9D7;
1E38 : FB31FB55;
1E39 : FB76FAB2;
1E3A : FB8EFC11;
1E3B : FBA6FA12;
1E3C : F98FFB13;
1E3D : FDAFFF84;
1E3E : 013A04C7;
1E3F : 07910966;
1E40 : 09B10A35;
1E41 : 0A200A81;
1E42 : 0B4F0EB0;
1E43 : 1172130C;
1E44 : 134B1385;
1E45 : 12FB11D7;
1E46 : 0F5C0C84;
1E47 : 0A350959;
1E48 : 094308CE;
1E49 : 088809B2;
1E4A : 0BBD0C9F;
1E4B : 0B8508F6;
1E4C : 05F403DF;
1E4D : 033A040A;
1E4E : 04DC0481;
1E4F : 041404C0;
1E50 : 04B20375;
1E51 : 00E6FD33;
1E52 : FA35F83F;
1E53 : F70FF6A0;
1E54 : F568F2E8;
1E55 : F097ED3B;
1E56 : E915E639;
1E57 : E5B7E771;
1E58 : E98EEB2F;
1E59 : EB74EB21;
1E5A : EA9AEC92;
1E5B : EE7CF062;
1E5C : F072F201;
1E5D : F34CF58D;
1E5E : F748FBA0;
1E5F : FEA60174;
1E60 : 02990368;
1E61 : 01BC01A4;
1E62 : 037105F6;
1E63 : 06FC07A8;
1E64 : 077B06DF;
1E65 : 067F05DA;
1E66 : 0565041B;
1E67 : 02A7027D;
1E68 : 042A05B2;
1E69 : 070608B6;
1E6A : 097A08B3;
1E6B : 06A90631;
1E6C : 056405F4;
1E6D : 068F09C0;
1E6E : 0BD00EA9;
1E6F : 0F0F1005;
1E70 : 0D720B54;
1E71 : 06D90449;
1E72 : 020C028D;
1E73 : 009EFEED;
1E74 : FCA5FD7B;
1E75 : FE7CFFD8;
1E76 : FFF2FF77;
1E77 : FDB7FDDA;
1E78 : FEB9FF03;
1E79 : FE8BFEA6;
1E7A : FF7000E6;
1E7B : 01620089;
1E7C : FE54FCE5;
1E7D : FD2FFF6B;
1E7E : 01240240;
1E7F : 0184004B;
1E80 : FED2FDEE;
1E81 : FAA3F794;
1E82 : F69AF79B;
1E83 : F6D8F64D;
1E84 : F70EF9EC;
1E85 : FB63FB77;
1E86 : F91EF605;
1E87 : F3B8F4F5;
1E88 : F668F7DF;
1E89 : F88CFA9E;
1E8A : FB8EFC2B;
1E8B : FC0AFC75;
1E8C : FA01F9C6;
1E8D : FB86FDFC;
1E8E : FE36FEFB;
1E8F : FE64FEB2;
1E90 : FE9EFE88;
1E91 : FD30FC22;
1E92 : FB84FCBE;
1E93 : FF810220;
1E94 : 037C03D3;
1E95 : 04DE064C;
1E96 : 0808080E;
1E97 : 07CB0858;
1E98 : 0B880EA8;
1E99 : 102B10C7;
1E9A : 12C21446;
1E9B : 13CF1197;
1E9C : 0E7F0BBC;
1E9D : 096408B0;
1E9E : 08AA0893;
1E9F : 082D08E5;
1EA0 : 09670943;
1EA1 : 07BD05E5;
1EA2 : 047F0352;
1EA3 : 02F302C8;
1EA4 : 02C801FE;
1EA5 : 020A0289;
1EA6 : 0334FF9A;
1EA7 : FB90F8CD;
1EA8 : F7B8F5B5;
1EA9 : F5ABF668;
1EAA : F7EFF754;
1EAB : F5BCF242;
1EAC : EE3EEB53;
1EAD : EB63EC46;
1EAE : ED28EDFF;
1EAF : EF9DF0DC;
1EB0 : F1DEF332;
1EB1 : F3D7F1FF;
1EB2 : F094F070;
1EB3 : F212F493;
1EB4 : F915FCE2;
1EB5 : 00610216;
1EB6 : 04D3062D;
1EB7 : 071B0671;
1EB8 : 07EE07B9;
1EB9 : 074306B8;
1EBA : 088D08E3;
1EBB : 09C608C7;
1EBC : 07640472;
1EBD : 01D4007B;
1EBE : 029E044B;
1EBF : 06250814;
1EC0 : 0967086B;
1EC1 : 06E905FE;
1EC2 : 06BC0772;
1EC3 : 09290A38;
1EC4 : 098A0841;
1EC5 : 096E0A00;
1EC6 : 08D205BD;
1EC7 : 041001FF;
1EC8 : 009BFFBD;
1EC9 : 004CFEC2;
1ECA : FDAEFC59;
1ECB : FCE9FC52;
1ECC : FC56FBE3;
1ECD : FD67FDD6;
1ECE : FFFE00B9;
1ECF : 01C90185;
1ED0 : 037A04D3;
1ED1 : 063503D0;
1ED2 : 022A00E3;
1ED3 : 01B20201;
1ED4 : 05570842;
1ED5 : 0A2108F8;
1ED6 : 07A403C1;
1ED7 : FED5F990;
1ED8 : F829F88A;
1ED9 : F94DF97E;
1EDA : FA11F900;
1EDB : F897F814;
1EDC : F667F3AC;
1EDD : F35BF490;
1EDE : F642F657;
1EDF : F78BF898;
1EE0 : FA21FAC3;
1EE1 : FC09FB2D;
1EE2 : FAB8F93A;
1EE3 : FA84FB21;
1EE4 : FBC4FA0E;
1EE5 : FA77FA28;
1EE6 : FB65F9B7;
1EE7 : F83CF524;
1EE8 : F4C1F4CF;
1EE9 : F767F85C;
1EEA : FA87FBC5;
1EEB : FE76FF4F;
1EEC : 00A9017B;
1EED : 04380789;
1EEE : 0CA30E8A;
1EEF : 0F27106E;
1EF0 : 135814AC;
1EF1 : 163415CF;
1EF2 : 143C1284;
1EF3 : 13911474;
1EF4 : 14C112C6;
1EF5 : 10E20E8D;
1EF6 : 0DBA0C3B;
1EF7 : 0B340884;
1EF8 : 076C06C3;
1EF9 : 0769067C;
1EFA : 069C05DC;
1EFB : 068A0543;
1EFC : 03AD0028;
1EFD : FDFAFC1E;
1EFE : FCB0FBCB;
1EFF : FBD6FACF;
1F00 : FA7AF969;
1F01 : F8EFF617;
1F02 : F39EF024;
1F03 : EF1EEF5B;
1F04 : F070EF92;
1F05 : EF42EDCF;
1F06 : EE0CEE56;
1F07 : EE8DEC6F;
1F08 : EC5EED7C;
1F09 : EF6CF01D;
1F0A : F391F6E5;
1F0B : FA82FD05;
1F0C : FFC4FF90;
1F0D : FF0CFEB0;
1F0E : 01BA049F;
1F0F : 06FF0773;
1F10 : 08E909D6;
1F11 : 0A210831;
1F12 : 07110590;
1F13 : 04E8051E;
1F14 : 05C704D3;
1F15 : 05B40823;
1F16 : 09DA08DA;
1F17 : 07920620;
1F18 : 04E5041F;
1F19 : 06740957;
1F1A : 0A360955;
1F1B : 09D20862;
1F1C : 069C0584;
1F1D : 041A0061;
1F1E : FEBEFCAA;
1F1F : FB1EFA13;
1F20 : FB07FB27;
1F21 : FBB4FA2B;
1F22 : F8D0F655;
1F23 : F5B1F652;
1F24 : F8C2FA26;
1F25 : FBF5FCEA;
1F26 : FE3DFE45;
1F27 : FE1DFDF7;
1F28 : FE6BFEAF;
1F29 : FF63FFB0;
1F2A : FF960050;
1F2B : 02D30541;
1F2C : 04D80273;
1F2D : FF5BFC63;
1F2E : FAECFB76;
1F2F : FC60FD01;
1F30 : FD4AFD03;
1F31 : FC88FB6F;
1F32 : FA8DF918;
1F33 : F81CF805;
1F34 : F99CFA4A;
1F35 : FBCBFD06;
1F36 : FE6AFE54;
1F37 : FEC4FD61;
1F38 : FC50FB69;
1F39 : FC87FD78;
1F3A : FED5FDBF;
1F3B : FCACFBF4;
1F3C : FB59F846;
1F3D : F549F373;
1F3E : F344F3C6;
1F3F : F524F603;
1F40 : F73EFA66;
1F41 : FCDCFD32;
1F42 : FE5400E4;
1F43 : 024A0409;
1F44 : 073B0B54;
1F45 : 0E8010B4;
1F46 : 11F91237;
1F47 : 11E21241;
1F48 : 11DA1055;
1F49 : 10121026;
1F4A : 0F250E0B;
1F4B : 0DD60D1B;
1F4C : 0CD50C61;
1F4D : 0A28067D;
1F4E : 05A306DD;
1F4F : 078B076F;
1F50 : 07E607A7;
1F51 : 06E406E2;
1F52 : 067E04D8;
1F53 : 03BA0465;
1F54 : 03F0030B;
1F55 : 0223018C;
1F56 : 00980117;
1F57 : FF5DFBBA;
1F58 : F753F574;
1F59 : F36EF252;
1F5A : F131F1E5;
1F5B : F13BEFEF;
1F5C : ED3FEC58;
1F5D : EAB7E9D3;
1F5E : E939EAD0;
1F5F : EC50EF58;
1F60 : F20CF5EE;
1F61 : F879FA44;
1F62 : FACBFC82;
1F63 : FE1701DB;
1F64 : 056107AE;
1F65 : 07600798;
1F66 : 077E07D8;
1F67 : 070C06D6;
1F68 : 058B04B0;
1F69 : 03C60426;
1F6A : 04BD076C;
1F6B : 096B0A3F;
1F6C : 08FF0836;
1F6D : 070D064B;
1F6E : 053F0712;
1F6F : 0A500CF2;
1F70 : 0CD90D12;
1F71 : 0D020CE6;
1F72 : 0B9D0A34;
1F73 : 07F50708;
1F74 : 064B056F;
1F75 : 03AE03B0;
1F76 : 03E302F3;
1F77 : FF55FBF6;
1F78 : F987F98D;
1F79 : F94EF942;
1F7A : F9E2FCA6;
1F7B : FDFCFE1A;
1F7C : FC4CFA8D;
1F7D : F7C9F666;
1F7E : F64AF8BD;
1F7F : FB7BFF8D;
1F80 : 019501E7;
1F81 : 012F027F;
1F82 : 029C01F7;
1F83 : 0022FF8B;
1F84 : FE46FE8C;
1F85 : FF14FFB5;
1F86 : FDBBFC10;
1F87 : F960F757;
1F88 : F508F494;
1F89 : F492F6B3;
1F8A : F786F811;
1F8B : F7E3F972;
1F8C : FA27FA91;
1F8D : F919F905;
1F8E : F9A7FBFD;
1F8F : FD10FE59;
1F90 : FF3300B4;
1F91 : FFB8FE52;
1F92 : FC4DFB46;
1F93 : F994F8CF;
1F94 : F807F96E;
1F95 : FACBFBF2;
1F96 : FB4BFB7C;
1F97 : FBD9FCFB;
1F98 : FC6AFCC8;
1F99 : FE94031B;
1F9A : 06EE09AC;
1F9B : 0A540CB4;
1F9C : 0F2C10A8;
1F9D : 0EDD0D00;
1F9E : 0B330BE3;
1F9F : 0D380F44;
1FA0 : 0F070F92;
1FA1 : 0FE10F79;
1FA2 : 0BDE098A;
1FA3 : 074C0749;
1FA4 : 07AE098B;
1FA5 : 094009C0;
1FA6 : 09120955;
1FA7 : 078D06C3;
1FA8 : 04390287;
1FA9 : 0036011B;
1FAA : 0130025C;
1FAB : 01C10188;
1FAC : FF1FFE18;
1FAD : FB49F8F7;
1FAE : F601F63B;
1FAF : F658F6BD;
1FB0 : F45DF279;
1FB1 : EFD1EEED;
1FB2 : ED6CECB2;
1FB3 : EAEBEB0C;
1FB4 : EB5EEE1E;
1FB5 : F062F2BA;
1FB6 : F37FF604;
1FB7 : F76BF964;
1FB8 : FAC8FE41;
1FB9 : FFFE0224;
1FBA : 037F0606;
1FBB : 06B60881;
1FBC : 079F060B;
1FBD : 04080423;
1FBE : 01C6003D;
1FBF : 0045031D;
1FC0 : 03A903DB;
1FC1 : 03C2045C;
1FC2 : 0360039E;
1FC3 : 030E025F;
1FC4 : 029505CC;
1FC5 : 082D09A1;
1FC6 : 0A6B0C26;
1FC7 : 0C560B74;
1FC8 : 09180714;
1FC9 : 04C60466;
1FCA : 044904BA;
1FCB : 0407036C;
1FCC : 0102FF6A;
1FCD : FD7AFC26;
1FCE : F94DF7E9;
1FCF : F74EF956;
1FD0 : FA9AFBE9;
1FD1 : FB67FBD5;
1FD2 : FB13FAE0;
1FD3 : FA34FBB7;
1FD4 : FC6FFDBA;
1FD5 : FE7601A6;
1FD6 : 04D507D5;
1FD7 : 07DC07C9;
1FD8 : 062604FC;
1FD9 : 032202A8;
1FDA : 01DD02FF;
1FDB : 03DE04F6;
1FDC : 036000D3;
1FDD : FCF5FA64;
1FDE : F7CEF6D2;
1FDF : F5ADF5B4;
1FE0 : F581F5FA;
1FE1 : F5EBF70B;
1FE2 : F789F83C;
1FE3 : F7FAF87E;
1FE4 : F990FC28;
1FE5 : FD30FE49;
1FE6 : FF0E009E;
1FE7 : 0012FF3B;
1FE8 : FCB4FACB;
1FE9 : F803F858;
1FEA : F8F2FA35;
1FEB : F896F897;
1FEC : F783F79C;
1FED : F664F801;
1FEE : F781F829;
1FEF : F86EFBBA;
1FF0 : FE57040B;
1FF1 : 083C0C02;
1FF2 : 0D080EFF;
1FF3 : 0E960E63;
1FF4 : 0D860F00;
1FF5 : 10CD142F;
1FF6 : 159D1569;
1FF7 : 13671348;
1FF8 : 13061235;
1FF9 : 10320F91;
1FFA : 0E860E3F;
1FFB : 0CF40C66;
1FFC : 0B7E0B48;
1FFD : 08CF06BC;
1FFE : 038001EC;
1FFF : FFCBFFF4;
2000 : FFAD009D;
2001 : FFD20123;
2002 : 0086FF27;
2003 : FB5FF9BF;
2004 : F779F6F3;
2005 : F5F2F62D;
2006 : F4D6F45E;
2007 : F1E4EF8F;
2008 : ED07EAC6;
2009 : E69FE46F;
200A : E413E636;
200B : E8C9EB23;
200C : EB3FEB64;
200D : EC90F013;
200E : F352F636;
200F : F87FFC37;
2010 : FFBF02F1;
2011 : 04B0068C;
2012 : 07F009FF;
2013 : 0A3B0958;
2014 : 07BC0759;
2015 : 081C0A59;
2016 : 0B620BF1;
2017 : 0C320C59;
2018 : 0B9C0A80;
2019 : 095108E0;
201A : 09540B25;
201B : 0CFF0E57;
201C : 100F117F;
201D : 10A20E42;
201E : 0BEC09C8;
201F : 07340602;
2020 : 060705F1;
2021 : 04CC0310;
2022 : 00B2FFEA;
2023 : FF13FCF3;
2024 : F9D6F7FB;
2025 : F7F7F9A3;
2026 : FA2BF9C9;
2027 : F940F8B8;
2028 : F7C7F753;
2029 : F768F731;
202A : F72BF880;
202B : FAD0FCDB;
202C : FE15FEAE;
202D : 005F01D6;
202E : 01B20198;
202F : 02D2044D;
2030 : 0587061D;
2031 : 06F30860;
2032 : 08920667;
2033 : 0318005E;
2034 : FEF1FE9D;
2035 : FEE8FE6B;
2036 : FDFEFEA4;
2037 : FFB0FF14;
2038 : FE78FE58;
2039 : FF72FFAF;
203A : 01300351;
203B : 050D03E0;
203C : 02DE0141;
203D : 00B0FEB2;
203E : FC92F939;
203F : F64AF3A4;
2040 : F3FCF448;
2041 : F4B3F4B8;
2042 : F57FF598;
2043 : F566F440;
2044 : F302F222;
2045 : F374F612;
2046 : F98AFD54;
2047 : 00780261;
2048 : 03C704AF;
2049 : 064D0773;
204A : 08440A15;
204B : 0CED0EA9;
204C : 103C10CB;
204D : 106D0EA2;
204E : 0D7C0DB5;
204F : 0EF50EAC;
2050 : 0D630C54;
2051 : 0C970CB5;
2052 : 0C490C1F;
2053 : 0B1A0967;
2054 : 074A0656;
2055 : 05F906C7;
2056 : 072108B1;
2057 : 087807D6;
2058 : 069406B3;
2059 : 05360388;
205A : 010800CB;
205B : FFE0FEBD;
205C : FC92FB57;
205D : F882F4AC;
205E : F04BECB5;
205F : E899E66E;
2060 : E6B5E7F3;
2061 : E8E4E8C9;
2062 : E84CE902;
2063 : EAB3EBF2;
2064 : ED93EF7A;
2065 : F301F719;
2066 : FAB1FD51;
2067 : 0027018E;
2068 : 01FC01FA;
2069 : 0286029F;
206A : 02B0021C;
206B : 025F03D1;
206C : 05680548;
206D : 04E20472;
206E : 048D0451;
206F : 0342020D;
2070 : 03000595;
2071 : 07E40897;
2072 : 09110A07;
2073 : 0B220C2F;
2074 : 0C460B33;
2075 : 09D50943;
2076 : 09610952;
2077 : 07DB067F;
2078 : 04FA02DC;
2079 : FFA7FC87;
207A : FB00FBB4;
207B : FC2AFBA1;
207C : FA44F8C4;
207D : F726F557;
207E : F49CF466;
207F : F3D3F3A7;
2080 : F44BF4F8;
2081 : F6F1F8A0;
2082 : FA3CFC07;
2083 : FD9CFE3E;
2084 : FE8CFDC2;
2085 : FE0E0014;
2086 : 02DC0466;
2087 : 042F0309;
2088 : 024C01CC;
2089 : 00D1FEB8;
208A : FC1DFA67;
208B : FA88FBFA;
208C : FC87FC26;
208D : FCC5FD74;
208E : FD6DFC65;
208F : FAFDFA76;
2090 : FCAAFF3E;
2091 : 015401B5;
2092 : 02CC034B;
2093 : 037F0279;
2094 : 01F0FFF3;
2095 : FEA8FCCA;
2096 : FCD3FCE2;
2097 : FD0BFC23;
2098 : FC74FBAD;
2099 : FB18F916;
209A : F6DBF4B7;
209B : F555F81B;
209C : FBD4FDE2;
209D : FF89015F;
209E : 0370053E;
209F : 06EB08A6;
20A0 : 098109DA;
20A1 : 0ADF0C5B;
20A2 : 0C800D02;
20A3 : 0E290F9E;
20A4 : 0F820DEA;
20A5 : 0B650A6E;
20A6 : 09FF09B6;
20A7 : 09A209EF;
20A8 : 08D206FF;
20A9 : 055304A3;
20AA : 05220579;
20AB : 04B4031A;
20AC : 021301A4;
20AD : 027B02BE;
20AE : 02FC01CC;
20AF : 0028FD08;
20B0 : FBFDFC2E;
20B1 : FDBFFDBB;
20B2 : FE0DFBAA;
20B3 : F9ACF6D9;
20B4 : F4A0F1AA;
20B5 : F09AEEE5;
20B6 : EF3FEE27;
20B7 : ED0AED46;
20B8 : EFB7F022;
20B9 : F06EF03E;
20BA : F0CFF246;
20BB : F561F981;
20BC : FDAE0036;
20BD : 01CD044B;
20BE : 06150698;
20BF : 067106DC;
20C0 : 069D0741;
20C1 : 074B0770;
20C2 : 07DA0901;
20C3 : 09870A57;
20C4 : 0934075E;
20C5 : 05D6050C;
20C6 : 057B076B;
20C7 : 088C088F;
20C8 : 08FC0987;
20C9 : 09DB0999;
20CA : 0A9C0B7F;
20CB : 0B4E08AA;
20CC : 06DB0621;
20CD : 06E106B5;
20CE : 06B40428;
20CF : 00F7FD93;
20D0 : FB7BF98F;
20D1 : F965F8E5;
20D2 : F8F5F893;
20D3 : F894F87E;
20D4 : F821F660;
20D5 : F4FEF4E3;
20D6 : F637F796;
20D7 : F82AF90F;
20D8 : FAF6FD83;
20D9 : FF2CFFD0;
20DA : FFBF007F;
20DB : 01D303E2;
20DC : 05B80793;
20DD : 089E08D0;
20DE : 0819072F;
20DF : 0557036D;
20E0 : 02C6032A;
20E1 : 035202A9;
20E2 : 011EFF7F;
20E3 : FED0FE10;
20E4 : FDE3FD37;
20E5 : FAC0F87F;
20E6 : FA33FDC7;
20E7 : 00F701F8;
20E8 : 021201CA;
20E9 : 00B8FE7E;
20EA : FD30FC92;
20EB : FCC9FD03;
20EC : FBF7F990;
20ED : F7EFF896;
20EE : FAA8FB28;
20EF : F84DF428;
20F0 : F1A5F1A4;
20F1 : F31AF5FF;
20F2 : F889F9D2;
20F3 : FB2DFD26;
20F4 : FE76FF83;
20F5 : 01180399;
20F6 : 066A0813;
20F7 : 08E509B6;
20F8 : 0C2D0F99;
20F9 : 120C116B;
20FA : 0F960D91;
20FB : 0D2B0DC1;
20FC : 0FED1130;
20FD : 1142105F;
20FE : 10440F73;
20FF : 0E600BBA;
2100 : 09D6090B;
2101 : 08680694;
2102 : 050503B6;
2103 : 04A30613;
2104 : 05B40307;
2105 : FFD4FD45;
2106 : FC9AFC00;
2107 : FB00F9D1;
2108 : F8ECF76F;
2109 : F5C7F3A8;
210A : F1A3EF30;
210B : EDDFEC76;
210C : EB5AEAAD;
210D : EB65EB72;
210E : EB9CEA69;
210F : E9CCE9A7;
2110 : EB25ED24;
2111 : F0B2F33B;
2112 : F627F907;
2113 : FC48FE46;
2114 : FFCCFFE3;
2115 : 00DD02A9;
2116 : 05600821;
2117 : 0A7B0B1E;
2118 : 0BDD0CC4;
2119 : 0D5D0DEF;
211A : 0E2A0CF3;
211B : 0C070C20;
211C : 0C340CDB;
211D : 0F2D1121;
211E : 118E1093;
211F : 0EDB0CF1;
2120 : 0B9F0A8A;
2121 : 0B800C55;
2122 : 0AD107DC;
2123 : 066D0532;
2124 : 0452020F;
2125 : FF68FC4E;
2126 : F983F6C6;
2127 : F635F5BC;
2128 : F526F3B7;
2129 : F2DEF188;
212A : EFFAEE0D;
212B : EE1EEF44;
212C : F0AFF125;
212D : F1FAF29A;
212E : F451F7CA;
212F : FB43FB7F;
2130 : FA96FA18;
2131 : FA68FB41;
2132 : FD5E002B;
2133 : 031F0505;
2134 : 05FE0543;
2135 : 042203DB;
2136 : 04E505DB;
2137 : 05F3046A;
2138 : 03C103D8;
2139 : 03F70400;
213A : 04DA0474;
213B : 03E003FF;
213C : 058F0670;
213D : 07750833;
213E : 090D0826;
213F : 06890420;
2140 : 02DC01D4;
2141 : 01D400F2;
2142 : FF5BFD3F;
2143 : FC65FA42;
2144 : F7C3F617;
2145 : F5B6F485;
2146 : F33AF25F;
2147 : F2F7F38E;
2148 : F45AF631;
2149 : F76AF709;
214A : F78DF8A1;
214B : F98BFC6E;
214C : FFD3023F;
214D : 048D064D;
214E : 07200832;
214F : 089F0894;
2150 : 087E085C;
2151 : 08A9086E;
2152 : 07EA086A;
2153 : 095A09C0;
2154 : 0AC40B37;
2155 : 0B2D0A72;
2156 : 0A450B04;
2157 : 0C110BDB;
2158 : 0C030BCF;
2159 : 0ADE09B9;
215A : 08A80706;
215B : 061E0600;
215C : 05520414;
215D : 028300FA;
215E : FFD1FECE;
215F : FC3EF8F6;
2160 : F577F298;
2161 : F02AEE90;
2162 : ED15EB94;
2163 : E9E0E923;
2164 : E927E9A8;
2165 : E994E872;
2166 : E834E9AC;
2167 : EBD6EE48;
2168 : F0E5F2ED;
2169 : F56CF7FC;
216A : FAB3FCE4;
216B : FEE7013D;
216C : 03F105D7;
216D : 07A90888;
216E : 08F00989;
216F : 0A1A0A76;
2170 : 0AD80AA1;
2171 : 0AD80B9B;
2172 : 0C5F0D43;
2173 : 0E450FB5;
2174 : 10F51071;
2175 : 0ED60D97;
2176 : 0CEE0D5B;
2177 : 0E7A0F32;
2178 : 0F260F2F;
2179 : 0F890F09;
217A : 0D350AC7;
217B : 087206F8;
217C : 05880343;
217D : 00F0FF2F;
217E : FD8AFBF1;
217F : FA96F9C9;
2180 : F842F60E;
2181 : F3FDF2C3;
2182 : F273F2EF;
2183 : F28FF227;
2184 : F1BEF190;
2185 : F1EDF3C3;
2186 : F5AAF730;
2187 : F7FAF9D1;
2188 : FBC0FCD5;
2189 : FD7EFF13;
218A : FF8AFEE3;
218B : FDEDFDBA;
218C : FE26FFB7;
218D : 0172023C;
218E : 01E101B6;
218F : 0110004B;
2190 : 0006000B;
2191 : 002B0183;
2192 : 025B0261;
2193 : 02300307;
2194 : 034B03DA;
2195 : 04650552;
2196 : 050A0551;
2197 : 051E05DC;
2198 : 05EE0651;
2199 : 04F80338;
219A : 00F900A7;
219B : 003E0013;
219C : FEA3FD71;
219D : FB65F9A9;
219E : F984FAC6;
219F : FAA1F98A;
21A0 : F861F7D8;
21A1 : F896FA04;
21A2 : FCC40034;
21A3 : 02F60407;
21A4 : 04A6048C;
21A5 : 04A80545;
21A6 : 0603064B;
21A7 : 070B0802;
21A8 : 088F09CF;
21A9 : 0B450C06;
21AA : 0BC70BD1;
21AB : 0B1E0AC9;
21AC : 09950847;
21AD : 077407C9;
21AE : 076D0717;
21AF : 05F505C6;
21B0 : 055103AF;
21B1 : 02CD029B;
21B2 : 015D00B0;
21B3 : 00C4FFD6;
21B4 : FF22FDDE;
21B5 : FCD4FAC4;
21B6 : F889F675;
21B7 : F5FFF4CB;
21B8 : F3E4F254;
21B9 : F1B5F0E8;
21BA : F0AFEF54;
21BB : EE0CECC4;
21BC : EC6BED0F;
21BD : EF65F18A;
21BE : F345F53B;
21BF : F71BF90B;
21C0 : FB05FD22;
21C1 : FECA00E0;
21C2 : 03160647;
21C3 : 08A6099C;
21C4 : 099F095E;
21C5 : 081507A0;
21C6 : 08530934;
21C7 : 0A7D0BAA;
21C8 : 0BE70AAC;
21C9 : 09E0093F;
21CA : 08F70804;
21CB : 075905C0;
21CC : 050905AB;
21CD : 07840781;
21CE : 07560832;
21CF : 0866069E;
21D0 : 04350264;
21D1 : 0143009C;
21D2 : FF4FFE8E;
21D3 : FCD8FB49;
21D4 : F928F7C2;
21D5 : F628F504;
21D6 : F306F1AC;
21D7 : F03DF070;
21D8 : F277F4C8;
21D9 : F4FAF41B;
21DA : F417F363;
21DB : F322F3B0;
21DC : F5B2F779;
21DD : FA28FC46;
21DE : FEE3FF25;
21DF : FF7BFF30;
21E0 : FF7B005E;
21E1 : 023702A6;
21E2 : 03180331;
21E3 : 039C04B6;
21E4 : 054A0556;
21E5 : 044602AF;
21E6 : 01190128;
21E7 : 00E5015E;
21E8 : 00FF00B9;
21E9 : 005C0139;
21EA : 01620200;
21EB : 025D02F3;
21EC : 026B01FB;
21ED : 02EB0425;
21EE : 04350425;
21EF : 03FB01F1;
21F0 : FF67FD0A;
21F1 : FBA6FA5D;
21F2 : FAFEFBF6;
21F3 : FC73FAC4;
21F4 : F898F63F;
21F5 : F5FBF6EF;
21F6 : F874F7CD;
21F7 : F74DF835;
21F8 : FA8AFD74;
21F9 : 010A0431;
21FA : 073E08A0;
21FB : 087B0885;
21FC : 09950B46;
21FD : 0CEE0E9B;
21FE : 1021109B;
21FF : 110B1225;
2200 : 128D1154;
2201 : 0FDE0F7B;
2202 : 107D1054;
2203 : 0F770E56;
2204 : 0E0B0D11;
2205 : 0C5B0937;
2206 : 057B016C;
2207 : FF52FDAF;
2208 : FEF4FF5A;
2209 : FFD8FE75;
220A : FDA7FC45;
220B : FB6CF7E8;
220C : F51DF210;
220D : F10EF05B;
220E : F019EE82;
220F : EE27EDA8;
2210 : ED8FEB9E;
2211 : E994E7F8;
2212 : E874E8A2;
2213 : E98DEA8B;
2214 : EC05ED08;
2215 : EF95F1D9;
2216 : F4CAF6B0;
2217 : F9A6FCFE;
2218 : 002C01AC;
2219 : 054A0930;
221A : 0D070E10;
221B : 0E680DEC;
221C : 0E230EDB;
221D : 12F115F8;
221E : 16F615EA;
221F : 15451391;
2220 : 13081243;
2221 : 11F80F61;
2222 : 0CC90C01;
2223 : 0E5C0F05;
2224 : 0F390E11;
2225 : 0E0C0C77;
2226 : 0A3A06F3;
2227 : 04EB025D;
2228 : 02410138;
2229 : 003EFDDF;
222A : FD06FB24;
222B : F8D2F55D;
222C : F2EBEE87;
222D : ECD7ECA4;
222E : EDF1EDF6;
222F : EECBEF73;
2230 : F0DDEEE7;
2231 : ED4BEAC9;
2232 : EAB0ECA0;
2233 : F139F3C8;
2234 : F6F4F83F;
2235 : FACFFC05;
2236 : FE56FF1F;
2237 : 010B01BB;
2238 : 03C80537;
2239 : 087C092C;
223A : 0A490B31;
223B : 0C780B36;
223C : 0963063B;
223D : 062C0771;
223E : 094D090E;
223F : 07C7064F;
2240 : 07AC08EA;
2241 : 0A3B0990;
2242 : 081006AA;
2243 : 07420713;
2244 : 06EE06BF;
2245 : 07AB05A0;
2246 : 01FFFE04;
2247 : FA30F736;
2248 : F897F9DE;
2249 : F980F7BC;
224A : F6CDF55C;
224B : F3D9F30C;
224C : F335F1D0;
224D : F235F43B;
224E : F656F77D;
224F : F97BFB47;
2250 : FC66FCA3;
2251 : FD56FCBE;
2252 : FD81FFFD;
2253 : 03850773;
2254 : 0A670B33;
2255 : 0CE10D52;
2256 : 0C670BC9;
2257 : 0BFB0BD6;
2258 : 0C650DDA;
2259 : 10AE11C1;
225A : 12651380;
225B : 13770FB6;
225C : 0B99081B;
225D : 063C0577;
225E : 072407E9;
225F : 078606BE;
2260 : 06880476;
2261 : 01C7FDD9;
2262 : FA7EF85D;
2263 : F7DBF7CA;
2264 : F7F7F6EC;
2265 : F5D0F4D3;
2266 : F3BCF004;
2267 : E9E3E5A3;
2268 : E51DE5A6;
2269 : E5F1E72E;
226A : E989EACA;
226B : EAADEC70;
226C : EEC9EF84;
226D : F087F38D;
226E : F6F8F9DB;
226F : FC16FF0F;
2270 : 0327060E;
2271 : 06C40633;
2272 : 06520800;
2273 : 0BD50FFE;
2274 : 126F12AD;
2275 : 134F137E;
2276 : 132F1264;
2277 : 1218114D;
2278 : 10BD1162;
2279 : 11FA1017;
227A : 0F5210BE;
227B : 11A91030;
227C : 0D550AC0;
227D : 08860671;
227E : 06530737;
227F : 063B0394;
2280 : 00B2FECE;
2281 : FD09FA9B;
2282 : F7EAF593;
2283 : F3EFF3A6;
2284 : F4CCF50F;
2285 : F2FDF04E;
2286 : EE63EB92;
2287 : E8A4E6CF;
2288 : E752E758;
2289 : E83DEADE;
228A : EE58EFF3;
228B : F22BF385;
228C : F368F31D;
228D : F5E2F889;
228E : FB0BFD51;
228F : 0093037A;
2290 : 059C07C6;
2291 : 09980859;
2292 : 05C80329;
2293 : 0222030B;
2294 : 04510565;
2295 : 070507DC;
2296 : 082008AF;
2297 : 09540882;
2298 : 076206E9;
2299 : 06C505DE;
229A : 061D07D0;
229B : 0903086B;
229C : 075204F2;
229D : 0145FECE;
229E : FEFDFF70;
229F : FFEB00B5;
22A0 : 005DFE74;
22A1 : FCD0FB9C;
22A2 : FA03F876;
22A3 : F95CFB1B;
22A4 : FA90F8C5;
22A5 : F882F9BC;
22A6 : FB7BFB8C;
22A7 : FA04F887;
22A8 : F879FA8A;
22A9 : FD60FF81;
22AA : 01A60369;
22AB : 054B06FE;
22AC : 07F607E0;
22AD : 084C08C2;
22AE : 09FE0C0D;
22AF : 0FCF11C9;
22B0 : 12060F9A;
22B1 : 0CC008D8;
22B2 : 061502EF;
22B3 : 02170255;
22B4 : 0397044D;
22B5 : 05B80568;
22B6 : 059C03EE;
22B7 : 004EFB80;
22B8 : F7FEF6D0;
22B9 : F812F8C8;
22BA : F85BF7D1;
22BB : F7ECF838;
22BC : F786F53B;
22BD : F0DDED3E;
22BE : EBB7EBAC;
22BF : EB3AEBAF;
22C0 : ED3BEF8C;
22C1 : F167F32F;
22C2 : F452F3AD;
22C3 : F3ABF5F5;
22C4 : F8E4FB52;
22C5 : FDF80039;
22C6 : 030E04D3;
22C7 : 067A0689;
22C8 : 05DD0539;
22C9 : 068708CA;
22CA : 0C870FB4;
22CB : 129613B9;
22CC : 12C21091;
22CD : 0F860F0C;
22CE : 0FEB113B;
22CF : 11070FD4;
22D0 : 0EBE0E90;
22D1 : 0EA90D59;
22D2 : 0ACB0885;
22D3 : 063904A1;
22D4 : 04A504EF;
22D5 : 038F02EF;
22D6 : 04010440;
22D7 : 0259FF1D;
22D8 : FC4DFAD3;
22D9 : FAB6FB11;
22DA : FB9BFADD;
22DB : F9ABF835;
22DC : F5C9F1A5;
22DD : EE24EB58;
22DE : EA82EB2E;
22DF : EE3FF155;
22E0 : F3D0F5CB;
22E1 : F7D3F854;
22E2 : F77AF5B3;
22E3 : F61EF83F;
22E4 : FB75FFAD;
22E5 : 03DE0607;
22E6 : 071907CE;
22E7 : 077A0606;
22E8 : 04380236;
22E9 : 00F8FFFA;
22EA : FF59004E;
22EB : 02AF0454;
22EC : 0529056D;
22ED : 03F2015D;
22EE : 00FD013F;
22EF : 0082003A;
22F0 : 023D04F1;
22F1 : 058C049D;
22F2 : 03C5011E;
22F3 : FD4DFB4A;
22F4 : FB59FBF1;
22F5 : FD62FF79;
22F6 : 0014FEF4;
22F7 : FDCDFC3D;
22F8 : F98EF739;
22F9 : F6EDF842;
22FA : F9AFFA59;
22FB : FAD1FBA4;
22FC : FC2CFCC0;
22FD : FD14FCBC;
22FE : FCAEFDE3;
22FF : 00D60564;
2300 : 08F00C3C;
2301 : 0FA410ED;
2302 : 104C1117;
2303 : 12E41380;
2304 : 12A41303;
2305 : 13EF1439;
2306 : 14B31567;
2307 : 12C90D8D;
2308 : 087E04D3;
2309 : 0234016B;
230A : 021A032B;
230B : 032F0388;
230C : 03260083;
230D : FC64F90A;
230E : F721F679;
230F : F6CAF841;
2310 : F8F4F93B;
2311 : F92BF7F0;
2312 : F4F4F144;
2313 : EDC1EB89;
2314 : E99AE8D3;
2315 : E950EB14;
2316 : EC7DED9D;
2317 : ED6AEDF9;
2318 : ED92ECC1;
2319 : EDBBF0C5;
231A : F2B3F66E;
231B : FAB8FF37;
231C : 020B0441;
231D : 053C0600;
231E : 067508E6;
231F : 0B960E44;
2320 : 10811489;
2321 : 18321A4E;
2322 : 1A4B187B;
2323 : 14AC11FA;
2324 : 117612E5;
2325 : 14921507;
2326 : 142112E8;
2327 : 10570D9D;
2328 : 0B4B084F;
2329 : 04F80226;
232A : 00BFFFF0;
232B : FE5EFE6A;
232C : FF60FE51;
232D : FCF9FC3E;
232E : FA7DF776;
232F : F57CF5A7;
2330 : F5CDF3D4;
2331 : F1BAEFC0;
2332 : EC8DE866;
2333 : E518E315;
2334 : E2ECE42C;
2335 : E6C0E8D6;
2336 : EA4FEC92;
2337 : EE3EEE53;
2338 : EDC7ED85;
2339 : EF01F260;
233A : F6BFFC33;
233B : 00B80461;
233C : 0764098F;
233D : 0946079D;
233E : 061006DA;
233F : 08E20AC5;
2340 : 0BC00CC6;
2341 : 0D160DA2;
2342 : 0E870F6E;
2343 : 0ED10C93;
2344 : 0B490BE0;
2345 : 0C800BFD;
2346 : 0C260B57;
2347 : 099A083A;
2348 : 075D03D8;
2349 : FFFDFD08;
234A : FCD8FC0A;
234B : FBF6FC9A;
234C : FDB6FC65;
234D : FAE9F7BA;
234E : F527F2CB;
234F : F26AF1F2;
2350 : F27DF31D;
2351 : F5EFF7DC;
2352 : F852F62C;
2353 : F47EF30D;
2354 : F3EEF6AA;
2355 : FB31FDD3;
2356 : 000902EF;
2357 : 072A0B12;
2358 : 0E890FC6;
2359 : 10631057;
235A : 11771373;
235B : 14541359;
235C : 128811FC;
235D : 12CE136D;
235E : 126E0F44;
235F : 0D0C0BD8;
2360 : 0BD80BDD;
2361 : 0C350B73;
2362 : 0ABC08DB;
2363 : 06E503F3;
2364 : 02F60215;
2365 : 026A025C;
2366 : 03550287;
2367 : 0130FDD0;
2368 : F995F35D;
2369 : EEE4EB4D;
236A : EA48E8D6;
236B : E84AE75A;
236C : E739E77D;
236D : E858E747;
236E : E647E548;
236F : E646E8AA;
2370 : ED0CF0D0;
2371 : F3EEF638;
2372 : F888FA7B;
2373 : FCA5FCD1;
2374 : FD2FFF5B;
2375 : 03B70717;
2376 : 0AA70EBE;
2377 : 138915C9;
2378 : 1698151D;
2379 : 12ED1093;
237A : 10B910D0;
237B : 124912C6;
237C : 140C1442;
237D : 13C91098;
237E : 0E6C0B20;
237F : 099207D4;
2380 : 083207D2;
2381 : 085D07D3;
2382 : 08BE0733;
2383 : 066C0497;
2384 : 03640163;
2385 : 006CFE13;
2386 : FD7FFAA3;
2387 : F8A5F796;
2388 : F4DEEF25;
2389 : EB8DE81B;
238A : E78BE7C5;
238B : E7F9E6E0;
238C : E6E2E737;
238D : E967EB00;
238E : ED48EDA8;
238F : EE7AEFBA;
2390 : F382F6D3;
2391 : FB8CFE94;
2392 : 01C70392;
2393 : 05530463;
2394 : 043A04C3;
2395 : 084B0A46;
2396 : 0B5A0B17;
2397 : 0C7E0CD8;
2398 : 0D9C0CF6;
2399 : 0C1F0A57;
239A : 0AB50B51;
239B : 0BB10AB6;
239C : 0B310A48;
239D : 098E0856;
239E : 073B03AF;
239F : 01290073;
23A0 : 025102F3;
23A1 : 03F40453;
23A2 : 0595051D;
23A3 : 04620152;
23A4 : FD8EF918;
23A5 : F7A6F777;
23A6 : F829F799;
23A7 : F734F6B5;
23A8 : F6B3F4CD;
23A9 : F2D8F06A;
23AA : EF7AEFC6;
23AB : F279F517;
23AC : F763FA31;
23AD : FE3300DB;
23AE : 0369053B;
23AF : 07D30976;
23B0 : 0BB30D35;
23B1 : 0E510EF4;
23B2 : 105710FA;
23B3 : 10C60EF6;
23B4 : 0E3F0DAF;
23B5 : 0DD60DBD;
23B6 : 0D250B2F;
23B7 : 0ABD0B2E;
23B8 : 0B120992;
23B9 : 069702B9;
23BA : 01490164;
23BB : 01E30097;
23BC : FF8DFEB5;
23BD : FEA6FD95;
23BE : FB13F772;
23BF : F425F1A3;
23C0 : F275F315;
23C1 : F36EF233;
23C2 : F10DF047;
23C3 : F0B4EFBE;
23C4 : EDFBEC1D;
23C5 : EC57EE82;
23C6 : F1CCF30F;
23C7 : F422F4FC;
23C8 : F6E0F8D2;
23C9 : FA79FB6C;
23CA : FC4BFE59;
23CB : 0245057E;
23CC : 07930A01;
23CD : 0D8C10DD;
23CE : 130112BE;
23CF : 113B10AC;
23D0 : 11561327;
23D1 : 134F12C6;
23D2 : 1281121F;
23D3 : 11770EE5;
23D4 : 0A9706BA;
23D5 : 03F20440;
23D6 : 061306E8;
23D7 : 0629053F;
23D8 : 0593064F;
23D9 : 05A302D0;
23DA : FFACFE0F;
23DB : FEBEFF1B;
23DC : FCB7F994;
23DD : F7E2F797;
23DE : F593F1C2;
23DF : EE65EBAB;
23E0 : EA2FEA9A;
23E1 : EA25E956;
23E2 : E87FE9D4;
23E3 : EC06EEBA;
23E4 : F0B7F23D;
23E5 : F33FF542;
23E6 : F872FB72;
23E7 : FDFF0064;
23E8 : 02FA0616;
23E9 : 07D30731;
23EA : 070107CF;
23EB : 0B160D08;
23EC : 0CD70BE8;
23ED : 0BC20C1C;
23EE : 0CE50B96;
23EF : 08C10670;
23F0 : 05D306B7;
23F1 : 0780072C;
23F2 : 072F070D;
23F3 : 06D20626;
23F4 : 035D00B1;
23F5 : FF3A0057;
23F6 : 02640232;
23F7 : 0012FF25;
23F8 : FF66001F;
23F9 : FF34FC74;
23FA : F87CF568;
23FB : F38DF301;
23FC : F1E6F019;
23FD : EFBDF030;
23FE : F070F04F;
23FF : EEF6ED46;
2400 : ED3AEFDA;
2401 : F391F6F8;
2402 : F951FC61;
2403 : FED80133;
2404 : 040206CD;
2405 : 08850B20;
2406 : 0E021120;
2407 : 129213B1;
2408 : 155A1624;
2409 : 15041307;
240A : 100E0D9B;
240B : 0DBF0F5E;
240C : 0F130D4B;
240D : 0AC509E3;
240E : 09A207F6;
240F : 04A7022C;
2410 : 0038FF50;
2411 : FE33FCFA;
2412 : FB57FAE7;
2413 : FACAFA58;
2414 : F7EEF4FA;
2415 : F166F057;
2416 : F0BCF162;
2417 : F087EF58;
2418 : ECB1EB82;
2419 : EA6FE953;
241A : E7E6E782;
241B : E785E92A;
241C : EBA4EDB0;
241D : EF68F1BA;
241E : F3ADF4F2;
241F : F56AF650;
2420 : F881FC9D;
2421 : 0102055C;
2422 : 085B0C93;
2423 : 112B15D0;
2424 : 17FD1912;
2425 : 19011A12;
2426 : 1B5A1C71;
2427 : 1AD919C8;
2428 : 19BB1A5C;
2429 : 192D1729;
242A : 135A1030;
242B : 0DA30D7F;
242C : 0D0A0D05;
242D : 0B210907;
242E : 05E803A6;
242F : 00CAFEAF;
2430 : FBD3FA82;
2431 : FB57FC1C;
2432 : FA37F7EC;
2433 : F683F53A;
2434 : F2D9EFC2;
2435 : ED11EB26;
2436 : EA23EAFD;
2437 : EC78ECAF;
2438 : ED07EEB1;
2439 : EF11EEA9;
243A : EEB5EF99;
243B : F015F130;
243C : F35BF619;
243D : F834FBF6;
243E : FFC302EB;
243F : 0412056A;
2440 : 0649096A;
2441 : 0BF40EC8;
2442 : 10D0130D;
2443 : 12CB11FE;
2444 : 10DB1087;
2445 : 0F950F93;
2446 : 107311A5;
2447 : 12AD1344;
2448 : 12371024;
2449 : 0E2C0BBE;
244A : 08A90503;
244B : 01FA0220;
244C : 02C60205;
244D : 012B00C3;
244E : FF18FCDA;
244F : FBB3FA27;
2450 : F76FF514;
2451 : F419F25B;
2452 : F039EE3A;
2453 : EDF3EEAD;
2454 : EE2DECBA;
2455 : EBF9EB5B;
2456 : EBA3EEF1;
2457 : F1C7F36C;
2458 : F479F6B7;
2459 : F906FB28;
245A : FC91FF31;
245B : 01FF03F4;
245C : 07590C41;
245D : 0F5D107F;
245E : 11F012A3;
245F : 12C5126E;
2460 : 11940FE2;
2461 : 10121175;
2462 : 1354130B;
2463 : 11FF1117;
2464 : 11D61092;
2465 : 0F050D14;
2466 : 0BC2093F;
2467 : 08200680;
2468 : 057F0490;
2469 : 03D001BA;
246A : FFE7FDDD;
246B : FBB8F98C;
246C : F819F678;
246D : F4C4F2B6;
246E : F132EEAF;
246F : EC31E91C;
2470 : E6DBE484;
2471 : E474E4BC;
2472 : E5DBE672;
2473 : E8CFEB16;
2474 : ED46EE35;
2475 : EF1DEF76;
2476 : F106F42D;
2477 : F988FF28;
2478 : 040F0744;
2479 : 0A8D0D72;
247A : 10B611C7;
247B : 11DE1234;
247C : 141B1426;
247D : 13E412D0;
247E : 12CD1335;
247F : 13F212AF;
2480 : 11F8106C;
2481 : 0EDB0D47;
2482 : 0D5A0C86;
2483 : 0D030C6E;
2484 : 0B9408A0;
2485 : 07070454;
2486 : 030000F6;
2487 : 0030FE4E;
2488 : FD6BFC6A;
2489 : FD5CFCBA;
248A : F9E4F4F0;
248B : F0D9ED09;
248C : EB78EB7D;
248D : EBEBEACE;
248E : E9CCE8CC;
248F : E96CE92B;
2490 : E8D3E79A;
2491 : E799E7D0;
2492 : EA8DECD2;
2493 : EEB9F03D;
2494 : F3B5F675;
2495 : F891F9FC;
2496 : FD11003D;
2497 : 046A087F;
2498 : 0C950EE6;
2499 : 102A0FD5;
249A : 0F3F0E24;
249B : 0D4A0BF4;
249C : 0B940BCA;
249D : 0CC10E61;
249E : 100B1001;
249F : 0EBF0C82;
24A0 : 0953065F;
24A1 : 05350494;
24A2 : 057905D8;
24A3 : 0606054F;
24A4 : 060504FF;
24A5 : 0352009A;
24A6 : FF28FCCF;
24A7 : FC20FB15;
24A8 : FA56F883;
24A9 : F7CEF7C6;
24AA : F84DF6CF;
24AB : F4C3F310;
24AC : F296F3D9;
24AD : F6E8F7D2;
24AE : F824F893;
24AF : F8ECF7A9;
24B0 : F772F7C2;
24B1 : F907FA73;
24B2 : FCE4FFC9;
24B3 : 0318054F;
24B4 : 07930833;
24B5 : 07320698;
24B6 : 073E07D6;
24B7 : 09DD0C80;
24B8 : 0E500F05;
24B9 : 109E112E;
24BA : 113E0FD7;
24BB : 0E0F0B47;
24BC : 0A340908;
24BD : 070A04A4;
24BE : 032A00CA;
24BF : FFA7FE87;
24C0 : FCDEF9EB;
24C1 : F7C3F675;
24C2 : F67AF732;
24C3 : F958FA4E;
24C4 : F8E3F6AF;
24C5 : F565F2CE;
24C6 : EFA8EDFD;
24C7 : EDD1EDD2;
24C8 : EEDDF161;
24C9 : F344F48D;
24CA : F5E5F657;
24CB : F6DDF71D;
24CC : F830F8EB;
24CD : FB1FFDDB;
24CE : 01970366;
24CF : 05DE0728;
24D0 : 08870850;
24D1 : 09C70B13;
24D2 : 0D910E16;
24D3 : 0E9C0E57;
24D4 : 0EDE0F3B;
24D5 : 1074112B;
24D6 : 11860FF4;
24D7 : 0F320F25;
24D8 : 0FE60EFC;
24D9 : 0DDE0D36;
24DA : 0C8209DD;
24DB : 06BC0384;
24DC : 00A0FED4;
24DD : FEECFECC;
24DE : FD93FB9D;
24DF : F9DAF82A;
24E0 : F5B8F2F9;
24E1 : F030EDB1;
24E2 : ECDFEDBB;
24E3 : EF08EFCD;
24E4 : F0E4F0BD;
24E5 : EFCDEF18;
24E6 : EEA6EF47;
24E7 : F093F146;
24E8 : F2B5F470;
24E9 : F5EDF902;
24EA : FD0AFEFB;
24EB : FEB9FEEE;
24EC : 01170476;
24ED : 06DC09D3;
24EE : 0C7B0DE0;
24EF : 0F7F1152;
24F0 : 114A1010;
24F1 : 0D270ADA;
24F2 : 08F30854;
24F3 : 09880C76;
24F4 : 0D9F0E63;
24F5 : 0F050DEC;
24F6 : 0AC60760;
24F7 : 0441020F;
24F8 : 0100017F;
24F9 : 02230255;
24FA : 02F40247;
24FB : 0069FE28;
24FC : FC3DFAFF;
24FD : FAC3F9B4;
24FE : F802F73C;
24FF : F6E4F539;
2500 : F324F262;
2501 : F2BEF186;
2502 : F08DF11D;
2503 : F1E2F393;
2504 : F648F80A;
2505 : F822F7E0;
2506 : F813F7F5;
2507 : F8D8FCC2;
2508 : 01810492;
2509 : 076D0ACE;
250A : 0CFF0EC5;
250B : 0F940F37;
250C : 0E740E71;
250D : 100611F0;
250E : 12961288;
250F : 11FD1271;
2510 : 11500E86;
2511 : 0C0809AB;
2512 : 062804A4;
2513 : 043F02FD;
2514 : 008FFE6F;
2515 : FC63FAAD;
2516 : F7ECF699;
2517 : F610F5F5;
2518 : F62DF67B;
2519 : F720F878;
251A : F89CF774;
251B : F4E0F16A;
251C : EE81ECE9;
251D : ECB1ED9D;
251E : EFD1F125;
251F : F163F23F;
2520 : F40CF3E9;
2521 : F2EEF2F8;
2522 : F421F655;
2523 : F974FC46;
2524 : FEBE00BB;
2525 : 04330754;
2526 : 09420AD1;
2527 : 0CB50F4B;
2528 : 12271447;
2529 : 156E1610;
252A : 16CC168D;
252B : 166C1672;
252C : 161B1541;
252D : 15741603;
252E : 15891438;
252F : 13801116;
2530 : 0E500AA2;
2531 : 065E0164;
2532 : FDE0FBAD;
2533 : FB23FB5A;
2534 : FAC8F8EB;
2535 : F79AF4E4;
2536 : F21AEF68;
2537 : ECDFEA40;
2538 : E94DEAA8;
2539 : EC1FEBBA;
253A : EC45EE7D;
253B : EE81ECE7;
253C : EBC5EB12;
253D : EB99ED4B;
253E : EEFFF04B;
253F : F1C4F56B;
2540 : F8B3F9B9;
2541 : FABAFC01;
2542 : FCC8FE2B;
2543 : 01660524;
2544 : 08EC0C2E;
2545 : 0F66124A;
2546 : 12C51211;
2547 : 11C8112D;
2548 : 10E311E4;
2549 : 138714FC;
254A : 164F179E;
254B : 18791722;
254C : 134F100C;
254D : 0D0F0B6E;
254E : 0A200843;
254F : 05B703DE;
2550 : 029602BD;
2551 : 0069FC8C;
2552 : F901F62B;
2553 : F419F317;
2554 : F1DBF067;
2555 : EF57ED72;
2556 : EAFEEAA6;
2557 : EA91EA20;
2558 : EAB5EC8E;
2559 : EE77F082;
255A : F340F508;
255B : F5A4F5AC;
255C : F4FAF466;
255D : F51AF6EE;
255E : F9EAFDA5;
255F : FF9801A2;
2560 : 03D206C6;
2561 : 084B093D;
2562 : 090E09DF;
2563 : 0B030DF5;
2564 : 0FC61184;
2565 : 127C13E7;
2566 : 13F21290;
2567 : 10080E90;
2568 : 0C690CA3;
2569 : 0D3F0D0D;
256A : 0A320819;
256B : 06AE044E;
256C : 00E7FD74;
256D : FA12F7A4;
256E : F75FF867;
256F : F97AFA40;
2570 : F9D5F7D4;
2571 : F46EF0AB;
2572 : ED6EEAC2;
2573 : E8DDE825;
2574 : E923EAF5;
2575 : EBB4ED35;
2576 : EDC0ED31;
2577 : EBA9EB12;
2578 : EC67EEEE;
2579 : F06BF2DA;
257A : F4B6F7C7;
257B : FB94FF6B;
257C : 00B202B5;
257D : 04F10867;
257E : 0C5110AE;
257F : 125B13E1;
2580 : 1647179B;
2581 : 17AF174A;
2582 : 1633159F;
2583 : 171F1912;
2584 : 1A171A81;
2585 : 195C162C;
2586 : 12F00EF6;
2587 : 0BF60857;
2588 : 0538033A;
2589 : 02C10278;
258A : 01E2FF92;
258B : FF5CFE50;
258C : FC4FF984;
258D : F77DF5F9;
258E : F4D1F4C7;
258F : F50AF4FD;
2590 : F523F3DA;
2591 : F1B2EF06;
2592 : ED2BEBDA;
2593 : EAE2EB4A;
2594 : ED0AECC1;
2595 : EC01EC09;
2596 : EC85ED34;
2597 : EE63EFE6;
2598 : F202F483;
2599 : FA070015;
259A : 056408F0;
259B : 0DA90FEE;
259C : 113C1039;
259D : 101C101D;
259E : 11BE1232;
259F : 147316A5;
25A0 : 1881187C;
25A1 : 19BE1837;
25A2 : 158011D8;
25A3 : 0FC00CA6;
25A4 : 0B7209DA;
25A5 : 09410801;
25A6 : 087A08FF;
25A7 : 06C3029D;
25A8 : 0008FCA8;
25A9 : FAB9F961;
25AA : F864F765;
25AB : F689F53E;
25AC : F4F6F429;
25AD : F30BF2F6;
25AE : F4C6F573;
25AF : F652F60C;
25B0 : F5A3F3F6;
25B1 : F36BF2BC;
25B2 : F249F0FF;
25B3 : F05EF07F;
25B4 : F2A1F3DF;
25B5 : F668F78C;
25B6 : F9D2FA9A;
25B7 : FC4DFDBE;
25B8 : FF9C0216;
25B9 : 061A07C8;
25BA : 0AA90D22;
25BB : 11521329;
25BC : 13201267;
25BD : 124A10B4;
25BE : 10C31129;
25BF : 11470F65;
25C0 : 0E630C95;
25C1 : 0B4C0772;
25C2 : 042100FE;
25C3 : FF4FFE24;
25C4 : FF630058;
25C5 : 0012FD70;
25C6 : FC92FB27;
25C7 : F9A7F5E5;
25C8 : F2C6F087;
25C9 : F0A8F031;
25CA : F1F3F303;
25CB : F401F44D;
25CC : F5D7F4AD;
25CD : F3C6F397;
25CE : F364F276;
25CF : F3CDF645;
25D0 : F9A1FC1F;
25D1 : FF09FFB8;
25D2 : FFF0FEEF;
25D3 : FF5F009E;
25D4 : 01F20407;
25D5 : 070A097B;
25D6 : 0BA80C6D;
25D7 : 0C9B0B4B;
25D8 : 0B470C6A;
25D9 : 0E6F0FD5;
25DA : 10F11217;
25DB : 12F611BD;
25DC : 103D0DDC;
25DD : 0B41085D;
25DE : 070F05C7;
25DF : 055E0460;
25E0 : 01EAFFA7;
25E1 : FDBBFABA;
25E2 : F95BF7D6;
25E3 : F66DF4A8;
25E4 : F429F3A2;
25E5 : F294F192;
25E6 : EFC3EDE5;
25E7 : EE29ED64;
25E8 : ECAAEBD1;
25E9 : EC00ED4D;
25EA : EE76EE53;
25EB : EEBFEEEC;
25EC : EFB4F023;
25ED : F15CF3A8;
25EE : F777F9F4;
25EF : FCBAFFFE;
25F0 : 02E0048B;
25F1 : 07D30AB4;
25F2 : 0C0B0A98;
25F3 : 09DC0AA6;
25F4 : 0CBD0E63;
25F5 : 0FE21025;
25F6 : 0FF41072;
25F7 : 117911A9;
25F8 : 107C0D7D;
25F9 : 0C5B0CA5;
25FA : 0CD00C97;
25FB : 0B590A67;
25FC : 0A100945;
25FD : 06B5034D;
25FE : 007EFF16;
25FF : FE55FD64;
2600 : FCCFFCD7;
2601 : FC12FB14;
2602 : F9C8F84E;
2603 : F719F749;
2604 : F825F7F0;
2605 : F714F781;
2606 : F926F9C9;
2607 : F894F73C;
2608 : F5C7F416;
2609 : F3D9F529;
260A : F65BF701;
260B : F8D8FB5B;
260C : FD72FFD5;
260D : 01C401F3;
260E : 0236054A;
260F : 09C90BA7;
2610 : 0C260D4A;
2611 : 0EC910C3;
2612 : 122C10D5;
2613 : 0E7A0D0D;
2614 : 0CF20D9A;
2615 : 0E2C0D87;
2616 : 0BA80951;
2617 : 070A02E5;
2618 : FE77FB81;
2619 : FB0DFBC2;
261A : FC86FC87;
261B : FB15F9BE;
261C : F9DBF88E;
261D : F6CBF53A;
261E : F3D6F30A;
261F : F306F2FB;
2620 : F2BAF378;
2621 : F4CFF490;
2622 : F46EF45D;
2623 : F3DAF348;
2624 : F3BBF5D0;
2625 : F729F7AC;
2626 : F8B4FAA2;
2627 : FD4FFE55;
2628 : FCD9FB4C;
2629 : FC54FEF0;
262A : 02120512;
262B : 07820A88;
262C : 0D810F64;
262D : 0FF90FF3;
262E : 10AD129F;
262F : 15D217EA;
2630 : 1904194C;
2631 : 18831854;
2632 : 1691129D;
2633 : 0EDE0BBB;
2634 : 0A6408D8;
2635 : 06530305;
2636 : FF1FFC29;
2637 : F916F69E;
2638 : F534F295;
2639 : F073EF1D;
263A : EEAFEE08;
263B : EC34EAE5;
263C : EAE2EB3A;
263D : EC23EC12;
263E : EBB6EBBD;
263F : ED3CEF27;
2640 : F03AF14B;
2641 : F364F46F;
2642 : F53DF507;
2643 : F4B2F592;
2644 : F78BF994;
2645 : FCB3002C;
2646 : 02DD045F;
2647 : 069106D2;
2648 : 06930721;
2649 : 07B708BB;
264A : 0B890E45;
264B : 10CF1296;
264C : 14A015A5;
264D : 161F1544;
264E : 146D137B;
264F : 12F11366;
2650 : 141212D5;
2651 : 11690EC2;
2652 : 0C140981;
2653 : 07790473;
2654 : 0153FE76;
2655 : FD03FC58;
2656 : FB99F994;
2657 : F894F70C;
2658 : F53EF2A4;
2659 : F053EEFA;
265A : EFA1F0B3;
265B : F25AF3BF;
265C : F58EF66F;
265D : F6AFF512;
265E : F2A1F0E7;
265F : F1CCF330;
2660 : F483F5B7;
2661 : F847FAA8;
2662 : FCCAFD83;
2663 : FCD5FC97;
2664 : FF240253;
2665 : 05BC07E7;
2666 : 09A40ACF;
2667 : 0C250D1B;
2668 : 0DE40EA8;
2669 : 0F570EE1;
266A : 0EC00F6A;
266B : 10520F47;
266C : 0DC00C34;
266D : 0A3C08C1;
266E : 06F203FC;
266F : 023B0277;
2670 : 033D0220;
2671 : 00A30035;
2672 : 0014FDD1;
2673 : FA41F752;
2674 : F53BF374;
2675 : F255F1E5;
2676 : F243F2EB;
2677 : F3CAF319;
2678 : F06EEE3A;
2679 : EDDEEEB7;
267A : EF34F0D3;
267B : F27AF336;
267C : F47FF623;
267D : F6F8F7E6;
267E : F898F961;
267F : FB34FE76;
2680 : 01E00486;
2681 : 05AA0714;
2682 : 094E0B50;
2683 : 0DFB0FE8;
2684 : 0FFE10FD;
2685 : 139415DF;
2686 : 15F415F6;
2687 : 16BD17D3;
2688 : 176614F3;
2689 : 11390DD4;
268A : 0AAD09A0;
268B : 090808F3;
268C : 08AA08A5;
268D : 063701D1;
268E : FD15FA02;
268F : F70AF59E;
2690 : F51CF4D6;
2691 : F34DF252;
2692 : F19CF0D2;
2693 : EEE8EE37;
2694 : ED26ED34;
2695 : EE1FEED5;
2696 : EEA5EE3F;
2697 : EE59F089;
2698 : F089F045;
2699 : EFF2EF96;
269A : F00FF22A;
269B : F432F5D8;
269C : F702F935;
269D : FB1BFDAE;
269E : FFCC00FC;
269F : 01C90433;
26A0 : 074C0B72;
26A1 : 0D980F43;
26A2 : 12161536;
26A3 : 1596164B;
26A4 : 162D16B4;
26A5 : 17041842;
26A6 : 1774177E;
26A7 : 17C91793;
26A8 : 150911AF;
26A9 : 0C26079D;
26AA : 041B02D0;
26AB : 0106FF98;
26AC : FE5EFE33;
26AD : FCD1FAAB;
26AE : F7F4F620;
26AF : F427F49A;
26B0 : F633F78C;
26B1 : F766F8C0;
26B2 : F958FADC;
26B3 : FB07F987;
26B4 : F67BF4AD;
26B5 : F3CEF5C9;
26B6 : F6F0F7A8;
26B7 : F70AF82B;
26B8 : F7D4F5CE;
26B9 : F326F211;
26BA : F18BF3DF;
26BB : F6FDFAEF;
26BC : FE6C0186;
26BD : 03110420;
26BE : 030C0404;
26BF : 067909C7;
26C0 : 0BE00C52;
26C1 : 0BAF0D77;
26C2 : 0F9C126D;
26C3 : 12B11152;
26C4 : 0DB70B4F;
26C5 : 0A100A7B;
26C6 : 09B20734;
26C7 : 03F7032F;
26C8 : 01A5FFE4;
26C9 : FCEAF94D;
26CA : F557F4DA;
26CB : F4E7F4EE;
26CC : F417F45C;
26CD : F549F660;
26CE : F49EF37B;
26CF : F224F2F7;
26D0 : F4A4F7DE;
26D1 : F925FAA7;
26D2 : FB70FBA8;
26D3 : FA8CFA7E;
26D4 : FA36FBC0;
26D5 : FC46FD15;
26D6 : FD40FE1D;
26D7 : FF6F0304;
26D8 : 04F90507;
26D9 : 03E504A7;
26DA : 06170894;
26DB : 0A5A0CFD;
26DC : 0DED1078;
26DD : 12BA1459;
26DE : 13B5121D;
26DF : 0EAE0CE2;
26E0 : 0CEE0EC4;
26E1 : 0ED00ED0;
26E2 : 0D510C21;
26E3 : 0AEB08BF;
26E4 : 0424FF4B;
26E5 : FB23F849;
26E6 : F6B3F6C6;
26E7 : F6E0F664;
26E8 : F545F46A;
26E9 : F173EE77;
26EA : EC97EBCA;
26EB : EC01EDE9;
26EC : EF63F10E;
26ED : F287F57A;
26EE : F5F5F51C;
26EF : F3D7F420;
26F0 : F42FF565;
26F1 : F74BF943;
26F2 : FA5BFD1F;
26F3 : FED6FE98;
26F4 : FE82006C;
26F5 : 0201047A;
26F6 : 075209BA;
26F7 : 0B3F0C74;
26F8 : 0E8C1042;
26F9 : 0F6E0DF8;
26FA : 0C8C0D0A;
26FB : 0F8B129E;
26FC : 135212CE;
26FD : 12D5126E;
26FE : 104A0E11;
26FF : 0B5A0873;
2700 : 062404F9;
2701 : 0449047D;
2702 : 038901C3;
2703 : 0072FEF7;
2704 : FCE6FABF;
2705 : F9F9F9FC;
2706 : F94FF9A6;
2707 : FA77FA91;
2708 : F9F8F990;
2709 : F7ABF479;
270A : F2F0F398;
270B : F453F526;
270C : F5EEF770;
270D : F85DF8A1;
270E : F747F4CE;
270F : F347F376;
2710 : F54AF7AD;
2711 : FA9DFD85;
2712 : 0064022F;
2713 : 03DE05A6;
2714 : 06400653;
2715 : 07630738;
2716 : 07F709A3;
2717 : 0AC10B7B;
2718 : 0CF40E90;
2719 : 0D730B48;
271A : 0AB209E4;
271B : 07E406A5;
271C : 05D30475;
271D : 027800A9;
271E : FFE4FE4D;
271F : FAC2F717;
2720 : F4D9F488;
2721 : F552F4CF;
2722 : F4E5F4D4;
2723 : F4DDF4E0;
2724 : F4B8F3FB;
2725 : F4A1F5B1;
2726 : F752F8DF;
2727 : FABDFBBF;
2728 : FC57FC75;
2729 : FCD4FBA7;
272A : FA96F9BB;
272B : F9E3FB49;
272C : FE22000A;
272D : 00F50106;
272E : 01CD01FA;
272F : 01BC008C;
2730 : 021405F1;
2731 : 0A580D14;
2732 : 0F3A115A;
2733 : 12DB132D;
2734 : 13091117;
2735 : 0F480E8A;
2736 : 0E890F16;
2737 : 0F910E66;
2738 : 0CBF0B5E;
2739 : 08170275;
273A : FC81F71D;
273B : F428F1CB;
273C : F016EEE9;
273D : EEB9EF31;
273E : EF56EDC7;
273F : EB32E8DD;
2740 : E7DEE7CF;
2741 : E94CEAE0;
2742 : EBCAEDE2;
2743 : F0B9F3DB;
2744 : F51EF4B7;
2745 : F4A5F5BF;
2746 : F633F720;
2747 : F9BAFB77;
2748 : FB9BFBCE;
2749 : FD01FD05;
274A : FC35FB84;
274B : FCDAFF1A;
274C : 037B06F2;
274D : 09CF0BE4;
274E : 0E5A0EE6;
274F : 0E880E64;
2750 : 0F9F1121;
2751 : 137315A2;
2752 : 16BF1747;
2753 : 17AA1851;
2754 : 179F1577;
2755 : 1301112D;
2756 : 0FF40EB7;
2757 : 0BE708E3;
2758 : 06D003E6;
2759 : 00DCFDA9;
275A : F96AF49E;
275B : F3E6F4E0;
275C : F647F6C5;
275D : F6F6F5EB;
275E : F58CF64B;
275F : F5F1F27F;
2760 : F06FF138;
2761 : F2CFF5AC;
2762 : F899F9C5;
2763 : FA16FBE1;
2764 : FC43FB5C;
2765 : F8EEF778;
2766 : F8BFFB49;
2767 : FD91FEC6;
2768 : FE4CFF87;
2769 : 02D70402;
276A : 035702EA;
276B : 031B0301;
276C : 0527081D;
276D : 0B020D16;
276E : 0F10108F;
276F : 11290FFA;
2770 : 0EA10E43;
2771 : 0EFE0F12;
2772 : 0E480C8E;
2773 : 0A7C0854;
2774 : 05E602F9;
2775 : FF21FBBC;
2776 : FB95FC20;
2777 : FACDF781;
2778 : F42FF255;
2779 : F268F24B;
277A : F0C0EE2D;
277B : ED3AEFAB;
277C : F3DEF665;
277D : F734F66C;
277E : F49AF523;
277F : F67FF667;
2780 : F5D7F67D;
2781 : F7E0F995;
2782 : FAC8FC13;
2783 : FD4CFEC7;
2784 : FF94FFEE;
2785 : 000D01EC;
2786 : 059A09F9;
2787 : 0CFC0FB7;
2788 : 12C1152B;
2789 : 14E214CD;
278A : 14011302;
278B : 12EF145E;
278C : 15461623;
278D : 15121316;
278E : 121311F7;
278F : 0FC60A59;
2790 : 0404FF70;
2791 : FE00FCF1;
2792 : FBADF958;
2793 : F808F636;
2794 : F465F201;
2795 : F0D9EE65;
2796 : ECFAECC5;
2797 : EDF0EE93;
2798 : EF40EF00;
2799 : EEAAEDCA;
279A : ED20ECB7;
279B : ED14EE71;
279C : F0D8F250;
279D : F31CF3B3;
279E : F519F5E0;
279F : F68BF6B3;
27A0 : F6C8F6E9;
27A1 : F9F4FD2A;
27A2 : 00FE028F;
27A3 : 041405CC;
27A4 : 089C0AD9;
27A5 : 0CB20E03;
27A6 : 10B01441;
27A7 : 18651A56;
27A8 : 19F8198F;
27A9 : 19F31AB3;
27AA : 19351762;
27AB : 15BE15E6;
27AC : 166F1615;
27AD : 142910E0;
27AE : 0CDB09A5;
27AF : 05CE00CC;
27B0 : FC6DF91B;
27B1 : F7D5F855;
27B2 : F8E9F92B;
27B3 : FA6DF8EB;
27B4 : F69EF4CA;
27B5 : F347F211;
27B6 : F229F340;
27B7 : F50CF604;
27B8 : F682F6AC;
27B9 : F731F7CF;
27BA : F7D2F3DF;
27BB : EFCAEE92;
27BC : EF75F118;
27BD : F34EF2CE;
27BE : F389F4AA;
27BF : F6A7F75D;
27C0 : F847F870;
27C1 : FC210039;
27C2 : 042A062B;
27C3 : 09410C0C;
27C4 : 0F551078;
27C5 : 11C811AA;
27C6 : 11A812D7;
27C7 : 15AF1623;
27C8 : 159513C1;
27C9 : 113F0E54;
27CA : 0B5506F1;
27CB : 03620079;
27CC : FEC3FD2A;
27CD : FD00FBC9;
27CE : FA7EF964;
27CF : F880F5CC;
27D0 : F41CF27F;
27D1 : F279F306;
27D2 : F511F5A5;
27D3 : F6C3F6D1;
27D4 : F7CBF822;
27D5 : F890F830;
27D6 : F99EFB80;
27D7 : FECEFFAD;
27D8 : FFCEFE57;
27D9 : FF41000D;
27DA : 0034FE53;
27DB : FCF1FCB9;
27DC : FF470200;
27DD : 05390657;
27DE : 080C089B;
27DF : 08FF0923;
27E0 : 093609A9;
27E1 : 0B390DF4;
27E2 : 11F6145E;
27E3 : 15E714FD;
27E4 : 13F11264;
27E5 : 110A0EDA;
27E6 : 0B470786;
27E7 : 054B024E;
27E8 : 003DFD29;
27E9 : F9FEF545;
27EA : F074EBC0;
27EB : E96BE8C4;
27EC : E9BCEA9F;
27ED : EACEEB32;
27EE : ECC9EE33;
27EF : EF55EF29;
27F0 : EEF9EF57;
27F1 : EFD6F0A6;
27F2 : F327F589;
27F3 : F4F6F516;
27F4 : F675F6D7;
27F5 : F75DF68B;
27F6 : F6DCF8F4;
27F7 : FA96FBE1;
27F8 : FD59FE60;
27F9 : 00F70398;
27FA : 05640610;
27FB : 07120792;
27FC : 08A10A91;
27FD : 0DE31003;
27FE : 11CF12F5;
27FF : 14C9154A;
2800 : 150914A1;
2801 : 141713CF;
2802 : 150A1330;
2803 : 11AA0F03;
2804 : 0C830A51;
2805 : 087305A9;
2806 : 033200BD;
2807 : FF3DFCF7;
2808 : FC1CFA4E;
2809 : F969F8AF;
280A : F74BF538;
280B : F337F216;
280C : F327F642;
280D : F956F9D8;
280E : F9C5F8BD;
280F : F81DF90A;
2810 : F982F7C2;
2811 : F60DF5D1;
2812 : F5B6F46F;
2813 : F567F679;
2814 : F708F673;
2815 : F5F6F606;
2816 : F72DF8B8;
2817 : FCD60038;
2818 : 0210030E;
2819 : 054C0832;
281A : 0B430BD9;
281B : 0B7C0B77;
281C : 0BFB0D29;
281D : 0F6D1031;
281E : 104E1002;
281F : 0E670B89;
2820 : 07DC03EB;
2821 : 0150FE28;
2822 : FB73F9BE;
2823 : F88FF806;
2824 : F7E4F669;
2825 : F530F376;
2826 : F285F18B;
2827 : F210F406;
2828 : F6E2F7B4;
2829 : F821F909;
282A : FA2DF964;
282B : F995F977;
282C : FA58FB92;
282D : FD17FDA2;
282E : FDE6FDAC;
282F : FDF3FD9A;
2830 : FE5FFE5F;
2831 : FEBBFFA3;
2832 : 01330314;
2833 : 04BD055C;
2834 : 07A00A97;
2835 : 0DB70F28;
2836 : 0F7810E0;
2837 : 12D9160C;
2838 : 19C11A06;
2839 : 18FC17A5;
283A : 15EA1584;
283B : 14261141;
283C : 0DAB0B9F;
283D : 09210630;
283E : 03ADFFF3;
283F : FBB5F7C6;
2840 : F293EE13;
2841 : E9E3E8A7;
2842 : E9BBEABF;
2843 : EB52EA9C;
2844 : E9D1EA76;
2845 : EB1DEB74;
2846 : ECAFEE59;
2847 : EFFEF2D8;
2848 : F648F816;
2849 : F998FB40;
284A : FBD6FB84;
284B : F9F6F77E;
284C : F6B7F87D;
284D : FB08FD79;
284E : FE6CFFF4;
284F : 02270436;
2850 : 05DF0686;
2851 : 05BC0675;
2852 : 08600BE7;
2853 : 0EE2110E;
2854 : 132315DF;
2855 : 189E1A69;
2856 : 1A4E1922;
2857 : 186019A0;
2858 : 1A821944;
2859 : 176C157A;
285A : 13390F4C;
285B : 0B6C07C7;
285C : 02EBFEF7;
285D : FBCDF882;
285E : F715F589;
285F : F3FFF37A;
2860 : F29CF131;
2861 : EFC9F07A;
2862 : F200F38D;
2863 : F518F56D;
2864 : F3E0F388;
2865 : F3FEF4A0;
2866 : F545F63F;
2867 : F633F71E;
2868 : F733F70B;
2869 : F7ADF801;
286A : F744F649;
286B : F452F3A1;
286C : F3B9F5A8;
286D : F9B4FE1B;
286E : 01DF0519;
286F : 080B0A64;
2870 : 0B380CC9;
2871 : 0E5B0F99;
2872 : 107911C4;
2873 : 13D81591;
2874 : 16571662;
2875 : 14641287;
2876 : 0FA80C6C;
2877 : 08E7062A;
2878 : 043602AC;
2879 : 0004FCF5;
287A : F9BDF7BA;
287B : F504F2A0;
287C : EFB7ED97;
287D : ED44EECB;
287E : F083F191;
287F : F123F0F1;
2880 : F1DFF2CB;
2881 : F296F1E4;
2882 : F12BF209;
2883 : F44EF653;
2884 : F6DBF686;
2885 : F6C0F7B0;
2886 : F95EFB39;
2887 : FC94FDB8;
2888 : FEE200F3;
2889 : 02B1049B;
288A : 07BA0B53;
288B : 0E0E0FFB;
288C : 10DF130E;
288D : 15D81761;
288E : 17AF18BB;
288F : 18FE183B;
2890 : 178B1685;
2891 : 154D13FE;
2892 : 11490F62;
2893 : 0C86083B;
2894 : 048900B1;
2895 : FD2DFA37;
2896 : F6CBF24E;
2897 : EDA8EAE9;
2898 : EA3BEAAF;
2899 : EA18E913;
289A : E89DE7A9;
289B : E6CBE6CE;
289C : E667E696;
289D : E7CBE9CA;
289E : EB7FED54;
289F : EE70EF00;
28A0 : EFE8F088;
28A1 : EFD5EF20;
28A2 : EE35F006;
28A3 : F2B1F406;
28A4 : F632F8DE;
28A5 : FB19FE9E;
28A6 : 020002FD;
28A7 : 034704FB;
28A8 : 07F90CB3;
28A9 : 11131456;
28AA : 17951A81;
28AB : 1CB31DB7;
28AC : 1D461D1C;
28AD : 1D271CF4;
28AE : 1E441F44;
28AF : 1DB41CE8;
28B0 : 1B901806;
28B1 : 138B0FAF;
28B2 : 0BD308F6;
28B3 : 062D0296;
28B4 : FE81FACA;
28B5 : F853F76D;
28B6 : F689F578;
28B7 : F357F2B5;
28B8 : F436F579;
28B9 : F620F704;
28BA : F69AF587;
28BB : F5B2F56F;
28BC : F48FF38C;
28BD : F325F38B;
28BE : F494F54C;
28BF : F4D6F31D;
28C0 : F285F2BE;
28C1 : F2D6F26C;
28C2 : F1DAF275;
28C3 : F59BFA4E;
28C4 : FEEF004C;
28C5 : 012802B1;
28C6 : 03EF074E;
28C7 : 0AF60D8D;
28C8 : 10511311;
28C9 : 14A9167C;
28CA : 19441A4C;
28CB : 18C81615;
28CC : 135411D1;
28CD : 10320E5A;
28CE : 0BE0084F;
28CF : 047F016F;
28D0 : FE3EFBCF;
28D1 : F81EF317;
28D2 : F0B5F04F;
28D3 : EFE6EFBE;
28D4 : EEECEE96;
28D5 : EEAEEF65;
28D6 : F114F2DE;
28D7 : F298F2CD;
28D8 : F386F524;
28D9 : F6F7F834;
28DA : F810F904;
28DB : F9C0FA03;
28DC : FA5AFB61;
28DD : FAE8FB69;
28DE : FBC9FDAA;
28DF : FF1800D6;
28E0 : 020404EB;
28E1 : 085D0A56;
28E2 : 0B540D47;
28E3 : 0E3F1010;
28E4 : 124B1625;
28E5 : 18F91A9D;
28E6 : 19FD17C9;
28E7 : 16291632;
28E8 : 15D51599;
28E9 : 148C1265;
28EA : 0EF50BA1;
28EB : 08DC052A;
28EC : FFFAFA66;
28ED : F434F099;
28EE : EE51ED1B;
28EF : EC60EB01;
28F0 : EA4EEAB7;
28F1 : E8F3E7C7;
28F2 : E84CE90E;
28F3 : E9ECEBF7;
28F4 : ED71EF0F;
28F5 : F05AF2A4;
28F6 : F2EEF202;
28F7 : F188F1F0;
28F8 : F249F2F5;
28F9 : F485F6E4;
28FA : F8FDFA9F;
28FB : FBA8FDD6;
28FC : FF1DFF0B;
28FD : FFA30241;
28FE : 053E077D;
28FF : 0A480E09;
2900 : 11CC13FA;
2901 : 148D14C1;
2902 : 14E01591;
2903 : 17A719AE;
2904 : 1AB21B35;
2905 : 1AF31B02;
2906 : 1A9B187F;
2907 : 13A10E08;
2908 : 0B3C0998;
2909 : 07880565;
290A : 034C0007;
290B : FBF5FA62;
290C : F8C9F5DF;
290D : F3B1F1BC;
290E : F0DDF0A2;
290F : F0F4F1A0;
2910 : F3A5F4EE;
2911 : F4B4F38B;
2912 : F424F45B;
2913 : F39BF2A7;
2914 : F38EF481;
2915 : F458F2BB;
2916 : F33EF40F;
2917 : F518F4BE;
2918 : F4C8F474;
2919 : F5CDF6F8;
291A : F95CFCEB;
291B : 000901DE;
291C : 02D7034A;
291D : 05E00769;
291E : 0AD70EDB;
291F : 10D811AA;
2920 : 13F21646;
2921 : 188118AD;
2922 : 16FB1394;
2923 : 10FD0EC1;
2924 : 0C5D09BE;
2925 : 07BB03F4;
2926 : 0069FD88;
2927 : FB57F670;
2928 : F2F5F193;
2929 : F1A1F196;
292A : F216F27C;
292B : F2E7F2BE;
292C : F3F6F366;
292D : F3ADF44C;
292E : F586F581;
292F : F5E9F5F3;
2930 : F782F9BF;
2931 : FBCEFBBF;
2932 : FADFF900;
2933 : F87FF91C;
2934 : FAECFBD2;
2935 : FDAEFF9B;
2936 : 019D02B2;
2937 : 05030751;
2938 : 0A080C72;
2939 : 0EFC115C;
293A : 13FD15FF;
293B : 19491BFC;
293C : 1CC11AEC;
293D : 19E9186A;
293E : 176F16CA;
293F : 16A5148A;
2940 : 11950D75;
2941 : 084002E1;
2942 : FED7FA37;
2943 : F575F020;
2944 : EB9CE832;
2945 : E816E7CC;
2946 : E6A1E4F0;
2947 : E265E0B4;
2948 : E1A5E2C6;
2949 : E427E6C4;
294A : E98CEA6B;
294B : EBB3EE8E;
294C : F21BF3AB;
294D : F43EF4B3;
294E : F567F560;
294F : F518F58F;
2950 : F851FAE4;
2951 : FC62FDE9;
2952 : FF4BFF66;
2953 : 007101BC;
2954 : 04580662;
2955 : 09C90D62;
2956 : 1012121E;
2957 : 14E61718;
2958 : 1879195C;
2959 : 1BA51E7E;
295A : 226223AA;
295B : 22101F4E;
295C : 1E071CAB;
295D : 1992158E;
295E : 11A30D97;
295F : 0921044B;
2960 : 00B5FE89;
2961 : FB72F7F3;
2962 : F482F18A;
2963 : EEEEECA0;
2964 : EB7FEAC1;
2965 : E90EE8B3;
2966 : EA5FED90;
2967 : EE0BEC55;
2968 : EA54E9C5;
2969 : EAF4EDDF;
296A : F1A3F34C;
296B : F3CBF51F;
296C : F4F6F49A;
296D : F4C5F50E;
296E : F59BF70C;
296F : F7E2F7E3;
2970 : F991FD0C;
2971 : 00850357;
2972 : 04B104B4;
2973 : 04B405E2;
2974 : 07DE0AC9;
2975 : 0DB70F96;
2976 : 1016127A;
2977 : 159417E7;
2978 : 19041817;
2979 : 15C713C3;
297A : 126811D8;
297B : 116F0FC5;
297C : 0AA70564;
297D : 0035FC17;
297E : F857F427;
297F : F025ECF9;
2980 : EB72EB1B;
2981 : EB5BECD3;
2982 : ED00EB1D;
2983 : E94CEA42;
2984 : ED53F13E;
2985 : F394F525;
2986 : F54DF635;
2987 : F87EFB7E;
2988 : FC3EFB73;
2989 : FA18F9F3;
298A : FBD1FF16;
298B : 016E03CA;
298C : 05B4082C;
298D : 096B0A1D;
298E : 0B450CA2;
298F : 0FA7131F;
2990 : 15CE1852;
2991 : 1A7A1CDC;
2992 : 1E011E71;
2993 : 1D021B2E;
2994 : 1A4B1AA9;
2995 : 1A9518CD;
2996 : 17411653;
2997 : 13630DEA;
2998 : 08FD03A3;
2999 : FF45FC40;
299A : F94CF51D;
299B : F1F6F134;
299C : F063EFBC;
299D : EF4FEC37;
299E : E74BE48F;
299F : E56AE68C;
29A0 : E726E817;
29A1 : E840E9DB;
29A2 : EDCEF16A;
29A3 : F20FF1F2;
29A4 : F215F33B;
29A5 : F569F78E;
29A6 : F841F87C;
29A7 : F8E2F9E0;
29A8 : FC3EFEAB;
29A9 : FFF7020E;
29AA : 04BC072D;
29AB : 086B0A38;
29AC : 0CFB1003;
29AD : 119311C6;
29AE : 13C516C5;
29AF : 19AF1C68;
29B0 : 1F432165;
29B1 : 22EE22E6;
29B2 : 21FE1FDA;
29B3 : 1D2819C9;
29B4 : 1515116F;
29B5 : 0D5408F5;
29B6 : 05BE03C7;
29B7 : 0155FEC6;
29B8 : FAFEF5FE;
29B9 : F139EF87;
29BA : EEE9EEC2;
29BB : EEC4EDE3;
29BC : ED4BEE6F;
29BD : F02CF04E;
29BE : EE9DED3A;
29BF : EBB8EB99;
29C0 : ED4AEFA4;
29C1 : F0E3F239;
29C2 : F2C8F2C7;
29C3 : F19FF21A;
29C4 : F3CFF5F3;
29C5 : F706F784;
29C6 : F786F826;
29C7 : FACAFE36;
29C8 : 00F1025E;
29C9 : 00CBFFE9;
29CA : 02A005EA;
29CB : 087D0BDA;
29CC : 0F691277;
29CD : 15281849;
29CE : 19DF19C1;
29CF : 18F518BE;
29D0 : 188016AA;
29D1 : 15D91434;
29D2 : 0F9F0B6C;
29D3 : 06E90293;
29D4 : FED3FBE8;
29D5 : F9D5F734;
29D6 : F385F09E;
29D7 : EEFCED9A;
29D8 : EBE9EA8A;
29D9 : E9C8EA76;
29DA : ECD7EFED;
29DB : F357F66B;
29DC : F862FA10;
29DD : FB97FB69;
29DE : FA4EFAEF;
29DF : FB26F991;
29E0 : F999FA98;
29E1 : FA3AFBBA;
29E2 : FF9B0276;
29E3 : 0313021A;
29E4 : 00430105;
29E5 : 03FC06F8;
29E6 : 096D0AAC;
29E7 : 0B690F08;
29E8 : 119E1226;
29E9 : 127412EA;
29EA : 138F144A;
29EB : 14D61699;
29EC : 17B91758;
29ED : 150510B5;
29EE : 09E70470;
29EF : 00BDFEBB;
29F0 : FB8CF71D;
29F1 : F1E3EE1E;
29F2 : EBE0EB96;
29F3 : EB95E9CF;
29F4 : E5DAE2C3;
29F5 : E163E091;
29F6 : DFFBE106;
29F7 : E33CE522;
29F8 : E6DBE94D;
29F9 : EB59EDB1;
29FA : EFE5F1F7;
29FB : F4B5F59A;
29FC : F6B8F855;
29FD : F994FA57;
29FE : FAC9F942;
29FF : F8ECFC06;
2A00 : FF7D02C4;
2A01 : 058D0765;
2A02 : 08B00A0A;
2A03 : 0A950B5D;
2A04 : 0BF80E3F;
2A05 : 107E14A8;
2A06 : 17D61A45;
2A07 : 1CEB2042;
2A08 : 21821FF3;
2A09 : 1E5D1C8B;
2A0A : 196E174E;
2A0B : 15601202;
2A0C : 0DF70BBD;
2A0D : 0B260937;
2A0E : 04D8FFC1;
2A0F : FAC5F73E;
2A10 : F5D6F4F5;
2A11 : F38BF33B;
2A12 : F1CEEFFC;
2A13 : F00BEEF4;
2A14 : ED0AEC2D;
2A15 : ECD7EE4A;
2A16 : EF80F136;
2A17 : F2B3F404;
2A18 : F654F6CA;
2A19 : F46DF209;
2A1A : F21CF460;
2A1B : F6C1F91C;
2A1C : FA8CFBC2;
2A1D : FD9BFF8A;
2A1E : 012B01CC;
2A1F : 021001E5;
2A20 : 0191022F;
2A21 : 03410570;
2A22 : 09710D56;
2A23 : 10B91164;
2A24 : 11BB1298;
2A25 : 14DA156C;
2A26 : 146A1367;
2A27 : 11D30F69;
2A28 : 0ECB0CDA;
2A29 : 08AF034A;
2A2A : FDE8FAE1;
2A2B : FA11F8F6;
2A2C : F68FF3C7;
2A2D : F26AF00C;
2A2E : ED95EB98;
2A2F : EB42EBEE;
2A30 : ECF7EED3;
2A31 : EFFEF1F4;
2A32 : F4B6F7F8;
2A33 : FA1DFA47;
2A34 : F9FDFADB;
2A35 : FCD6FD99;
2A36 : FEA8005E;
2A37 : 00FE007E;
2A38 : 01A003E2;
2A39 : 055C0550;
2A3A : 05200538;
2A3B : 06B50839;
2A3C : 0B830DB4;
2A3D : 0ED710B5;
2A3E : 12941179;
2A3F : 0FC10FD6;
2A40 : 10851273;
2A41 : 14CF160C;
2A42 : 16DB170F;
2A43 : 170F15DE;
2A44 : 123F0DB9;
2A45 : 090E0355;
2A46 : FE30FAAF;
2A47 : F8ADF58F;
2A48 : F1E8EE31;
2A49 : EBA3E9B1;
2A4A : E78EE4FD;
2A4B : E3DFE297;
2A4C : E27AE364;
2A4D : E6F8E975;
2A4E : EADDEAE0;
2A4F : EAA7EBD2;
2A50 : EE14F186;
2A51 : F5D7F7FD;
2A52 : FA4EFC08;
2A53 : FE33FEBC;
2A54 : FFE9FF79;
2A55 : FDF5FD71;
2A56 : FF85021E;
2A57 : 057B07B3;
2A58 : 09B00B6B;
2A59 : 0C3E0B2D;
2A5A : 0B920C32;
2A5B : 0E771227;
2A5C : 16901A3C;
2A5D : 1CCD1EBE;
2A5E : 214E2170;
2A5F : 20D61F9D;
2A60 : 1E191B68;
2A61 : 19D0181E;
2A62 : 15C01111;
2A63 : 0D44088A;
2A64 : 03BA006E;
2A65 : FE20F99E;
2A66 : F602F2AF;
2A67 : F10CEF93;
2A68 : EEBAED5A;
2A69 : EC35E9E6;
2A6A : E8D3E87D;
2A6B : EA15EC7D;
2A6C : EF91F13D;
2A6D : F3B8F59C;
2A6E : F7C5F9D8;
2A6F : FA0DF715;
2A70 : F4EEF3FE;
2A71 : F541F73C;
2A72 : FA28FB7D;
2A73 : FCE3FD02;
2A74 : FD45FE6C;
2A75 : FE7BFEBE;
2A76 : 01790295;
2A77 : 03D204BF;
2A78 : 0721091F;
2A79 : 0BD50DB0;
2A7A : 0EA40F21;
2A7B : 10A612B1;
2A7C : 153116CE;
2A7D : 17F21664;
2A7E : 13C610A3;
2A7F : 0DC109B7;
2A80 : 05730199;
2A81 : FE85FBB7;
2A82 : FA03F7E3;
2A83 : F657F4B5;
2A84 : F26CEE86;
2A85 : EB7FE9C8;
2A86 : EAEDED59;
2A87 : EE9AEE3E;
2A88 : F026F2BD;
2A89 : F5FEF79A;
2A8A : F82FF848;
2A8B : F8ABF9B8;
2A8C : FC13FDEB;
2A8D : 006E01C0;
2A8E : 021D01C5;
2A8F : 024A0395;
2A90 : 05040582;
2A91 : 08010972;
2A92 : 09A90A23;
2A93 : 0B160D15;
2A94 : 0F7A1098;
2A95 : 10A00FA3;
2A96 : 0F170FF0;
2A97 : 13D416FB;
2A98 : 175C17AB;
2A99 : 180816B4;
2A9A : 131A0F0D;
2A9B : 0B3B0846;
2A9C : 05B40293;
2A9D : FF70FC6C;
2A9E : FA86F6D0;
2A9F : F06FEB6E;
2AA0 : E747E3EF;
2AA1 : E309E240;
2AA2 : E0A6DFCA;
2AA3 : E131E276;
2AA4 : E2B8E2E1;
2AA5 : E32BE36C;
2AA6 : E46CE72D;
2AA7 : EA1CECF9;
2AA8 : F0BBF396;
2AA9 : F5A9F695;
2AAA : F697F68F;
2AAB : F64CF898;
2AAC : FBC6FF04;
2AAD : 01F80438;
2AAE : 07E50B4F;
2AAF : 0DE40E09;
2AB0 : 0C720BE3;
2AB1 : 0D3F1127;
2AB2 : 151E18E9;
2AB3 : 1CB31DF7;
2AB4 : 1F9520AA;
2AB5 : 21132124;
2AB6 : 20F41FFD;
2AB7 : 1E061C8D;
2AB8 : 1B20191D;
2AB9 : 160711C3;
2ABA : 0C870757;
2ABB : 03C60179;
2ABC : FE91FB86;
2ABD : F767F439;
2ABE : F1A2EF9D;
2ABF : ECB0E941;
2AC0 : E65CE43E;
2AC1 : E36CE4BE;
2AC2 : E655E830;
2AC3 : E98CEBEE;
2AC4 : EE9FEFE3;
2AC5 : F04BEF32;
2AC6 : EE4AEF04;
2AC7 : EF95EF37;
2AC8 : F00AF17A;
2AC9 : F2F8F457;
2ACA : F42EF46C;
2ACB : F5CCF77B;
2ACC : FAA0FD1D;
2ACD : FFC103AB;
2ACE : 06B0083C;
2ACF : 09D20BFA;
2AD0 : 0C940DC2;
2AD1 : 0F9A1129;
2AD2 : 1363161C;
2AD3 : 181A1916;
2AD4 : 18D517A9;
2AD5 : 148B105F;
2AD6 : 0C3609A7;
2AD7 : 07550464;
2AD8 : 012EFE7B;
2AD9 : FC9AFAF2;
2ADA : F7D7F374;
2ADB : EE5BE996;
2ADC : E721E7FE;
2ADD : EA00EB7D;
2ADE : ED3DEF93;
2ADF : F187F2D3;
2AE0 : F3A9F432;
2AE1 : F56AF79B;
2AE2 : F97EFBD4;
2AE3 : FE430040;
2AE4 : 024D03D0;
2AE5 : 04230425;
2AE6 : 048A0576;
2AE7 : 061B06E7;
2AE8 : 078F08E2;
2AE9 : 09C20AC1;
2AEA : 0BD70C12;
2AEB : 0BA00BDC;
2AEC : 0D790F82;
2AED : 11691471;
2AEE : 17461961;
2AEF : 1AD11B9A;
2AF0 : 1A4B1713;
2AF1 : 140A1206;
2AF2 : 0FB20C4A;
2AF3 : 094A06DF;
2AF4 : 0387FEBD;
2AF5 : F90BF441;
2AF6 : EF6FEB40;
2AF7 : E8E8E826;
2AF8 : E803E75D;
2AF9 : E63DE58F;
2AFA : E516E493;
2AFB : E34FE315;
2AFC : E43AE67E;
2AFD : E96DEC89;
2AFE : F0B6F538;
2AFF : F7FDF8FC;
2B00 : F9B5FA94;
2B01 : FB2CFCDA;
2B02 : FFB0020B;
2B03 : 046406F6;
2B04 : 09F00BEC;
2B05 : 0C900C04;
2B06 : 0B6D0B03;
2B07 : 0B180D87;
2B08 : 10F71422;
2B09 : 175E1909;
2B0A : 1A601B99;
2B0B : 1B821B17;
2B0C : 1B9E1D61;
2B0D : 1ECB2089;
2B0E : 20D81F41;
2B0F : 1D1E1A77;
2B10 : 15EE107D;
2B11 : 0AC606CE;
2B12 : 0378FFDE;
2B13 : FB37F781;
2B14 : F371F049;
2B15 : ED1DEAAD;
2B16 : E82FE5A3;
2B17 : E44CE56E;
2B18 : E630E7C2;
2B19 : E939EBC3;
2B1A : ED8BEE35;
2B1B : EE2BEE92;
2B1C : EFADF270;
2B1D : F518F686;
2B1E : F6A1F7A5;
2B1F : F894F97B;
2B20 : F93EF74D;
2B21 : F49FF4E6;
2B22 : F8A5FCEA;
2B23 : FFF8024F;
2B24 : 03BA04C7;
2B25 : 05950867;
2B26 : 0A440AC8;
2B27 : 0C4A0F4B;
2B28 : 12711457;
2B29 : 15A0180E;
2B2A : 187A16B6;
2B2B : 13220FFC;
2B2C : 0E740E28;
2B2D : 0D650C5A;
2B2E : 0AB307F8;
2B2F : 04D801EC;
2B30 : FE13F9E0;
2B31 : F554F1B6;
2B32 : EEF1EDBA;
2B33 : EDCDEE45;
2B34 : EF82F111;
2B35 : F295F38E;
2B36 : F2C1F2E3;
2B37 : F3F9F6EC;
2B38 : FAB1FD43;
2B39 : FEC0006C;
2B3A : 0254041E;
2B3B : 03890202;
2B3C : 00A301A0;
2B3D : 041E06E2;
2B3E : 07DB08B9;
2B3F : 092008A4;
2B40 : 09160ADB;
2B41 : 0B790B20;
2B42 : 0AB80BC9;
2B43 : 0CBC0E50;
2B44 : 0FF91124;
2B45 : 131813A2;
2B46 : 1339125F;
2B47 : 10BE0F09;
2B48 : 0BB507A3;
2B49 : 0577036C;
2B4A : 0043FB2B;
2B4B : F68AF1A3;
2B4C : EC7BE884;
2B4D : E6A8E533;
2B4E : E455E3AD;
2B4F : E2CEE203;
2B50 : E10EDF43;
2B51 : DEFCDE3E;
2B52 : DEA1E172;
2B53 : E504E7DE;
2B54 : E9FEEC8F;
2B55 : EFE4F236;
2B56 : F429F50B;
2B57 : F68EF885;
2B58 : FB98FEFC;
2B59 : 014D031E;
2B5A : 0677095E;
2B5B : 0A9C0A6A;
2B5C : 099C0914;
2B5D : 0AD00B5E;
2B5E : 0CCD0F8C;
2B5F : 13601753;
2B60 : 18D81920;
2B61 : 199C1988;
2B62 : 1A231AA7;
2B63 : 1C2D1D4A;
2B64 : 1E3E1E9C;
2B65 : 1E671DDC;
2B66 : 1B1E16C2;
2B67 : 126F0E47;
2B68 : 0B5708CC;
2B69 : 05FD02A3;
2B6A : FE9DF9FF;
2B6B : F558EFD6;
2B6C : EA5FE782;
2B6D : E76EE717;
2B6E : E6B0E73D;
2B6F : E8F2EA8C;
2B70 : EC95EDEA;
2B71 : EE6BEF15;
2B72 : EF0DEED4;
2B73 : F0D2F2F4;
2B74 : F552F718;
2B75 : F828F882;
2B76 : F91CF8C9;
2B77 : F747F6DA;
2B78 : F881FB19;
2B79 : FE2400F3;
2B7A : 034803AD;
2B7B : 02AE01CC;
2B7C : 025802BC;
2B7D : 03CA07AD;
2B7E : 0BD20F1A;
2B7F : 125414A5;
2B80 : 16C31666;
2B81 : 14D712E6;
2B82 : 105C1013;
2B83 : 11211110;
2B84 : 10250D65;
2B85 : 09D604D4;
2B86 : 006EFC01;
2B87 : F76BF341;
2B88 : F030ED78;
2B89 : EBF5EADE;
2B8A : EA42EAF6;
2B8B : EBB8EB52;
2B8C : EC04EC02;
2B8D : ED39EFB6;
2B8E : F440F8EC;
2B8F : FB36FC84;
2B90 : FEA40039;
2B91 : 010C00B0;
2B92 : 004200B2;
2B93 : 03540613;
2B94 : 089B0960;
2B95 : 0968099E;
2B96 : 09CD0A20;
2B97 : 0A160838;
2B98 : 07FE093B;
2B99 : 0BA60DA3;
2B9A : 0E7F0F27;
2B9B : 10051051;
2B9C : 10C4106C;
2B9D : 112011EA;
2B9E : 126711C8;
2B9F : 11291010;
2BA0 : 0C4606A3;
2BA1 : 01C2FC5B;
2BA2 : F69EF047;
2BA3 : EC43E9C2;
2BA4 : E75EE5BA;
2BA5 : E433E295;
2BA6 : E1B1DFEA;
2BA7 : DE5FDD06;
2BA8 : DD95DF5D;
2BA9 : E219E514;
2BAA : E76DE990;
2BAB : ED05EFAB;
2BAC : F138F14D;
2BAD : F19DF374;
2BAE : F7F0FC5B;
2BAF : 003402CC;
2BB0 : 054306D2;
2BB1 : 08530987;
2BB2 : 0A580A2B;
2BB3 : 0BBB0E4C;
2BB4 : 116F1375;
2BB5 : 14A815B8;
2BB6 : 179E1861;
2BB7 : 1A311B15;
2BB8 : 1A3F1B8A;
2BB9 : 1FBC21F5;
2BBA : 22CA21FF;
2BBB : 2174202A;
2BBC : 1E761BEC;
2BBD : 17ED1378;
2BBE : 113B0F03;
2BBF : 0CDB09C8;
2BC0 : 0599007B;
2BC1 : FBDFF581;
2BC2 : EF2BEAD7;
2BC3 : E992E8DF;
2BC4 : E882E7EA;
2BC5 : E843E91B;
2BC6 : E9F0E9FF;
2BC7 : E9E0EA27;
2BC8 : EC80EE95;
2BC9 : F0A6F299;
2BCA : F494F586;
2BCB : F628F6DE;
2BCC : F604F3F5;
2BCD : F34FF2D7;
2BCE : F412F758;
2BCF : FB72FEE6;
2BD0 : 006E0124;
2BD1 : 00B7FFA0;
2BD2 : 0035015F;
2BD3 : 039A0778;
2BD4 : 0B990E32;
2BD5 : 103812B3;
2BD6 : 14C216B7;
2BD7 : 16AF1595;
2BD8 : 150B14D5;
2BD9 : 156115F6;
2BDA : 1522130F;
2BDB : 0F5D0B42;
2BDC : 07790289;
2BDD : FE23FBB1;
2BDE : F879F670;
2BDF : F45CF272;
2BE0 : F138EF90;
2BE1 : ED91EBDB;
2BE2 : EACDEAA4;
2BE3 : EB8FEF38;
2BE4 : F3D3F7EF;
2BE5 : F9CCFB6B;
2BE6 : FDA7FF9A;
2BE7 : 014D02C3;
2BE8 : 032B0495;
2BE9 : 06C90953;
2BEA : 09EB0981;
2BEB : 098F08FE;
2BEC : 085707D9;
2BED : 07810820;
2BEE : 08C10B24;
2BEF : 0C7E0D04;
2BF0 : 0E68100A;
2BF1 : 11C31203;
2BF2 : 11A91325;
2BF3 : 142114E2;
2BF4 : 158014C4;
2BF5 : 12AB10E5;
2BF6 : 0E440B56;
2BF7 : 07E30297;
2BF8 : FC75F702;
2BF9 : F268F048;
2BFA : EE75EC20;
2BFB : E92FE5DD;
2BFC : E2CDDF7C;
2BFD : DC3EDBC7;
2BFE : DD71DFE9;
2BFF : E2D7E46E;
2C00 : E54BE767;
2C01 : E93AEB0B;
2C02 : EB9CEBAC;
2C03 : EE0FF1C7;
2C04 : F708FBBB;
2C05 : FE84011D;
2C06 : 02DC045B;
2C07 : 054E0541;
2C08 : 067608F5;
2C09 : 0ACA0C91;
2C0A : 0D4C0DE8;
2C0B : 0F87111A;
2C0C : 11B5123F;
2C0D : 128F1393;
2C0E : 14AA1797;
2C0F : 1B901E94;
2C10 : 20152126;
2C11 : 1F771DAB;
2C12 : 1C351A30;
2C13 : 17D915B6;
2C14 : 13F71256;
2C15 : 0F780DAD;
2C16 : 09F60465;
2C17 : FEBEF8EB;
2C18 : F485F199;
2C19 : EE7DED52;
2C1A : EC88EA35;
2C1B : E7FDE794;
2C1C : E791E74D;
2C1D : E6F6E817;
2C1E : EAA5ED46;
2C1F : EEABF013;
2C20 : F100F121;
2C21 : F128F238;
2C22 : F296F2FF;
2C23 : F352F2BE;
2C24 : F22AF4DE;
2C25 : F7E8FA01;
2C26 : FB51FC27;
2C27 : FB9BFAC2;
2C28 : FA1EFB5D;
2C29 : FDC40107;
2C2A : 04230685;
2C2B : 07D00930;
2C2C : 0ADB0C67;
2C2D : 0CDD0DA3;
2C2E : 0E2D0F3D;
2C2F : 1144127D;
2C30 : 13D01432;
2C31 : 11860CCE;
2C32 : 07C7032F;
2C33 : FF84FCFD;
2C34 : FA78F7C0;
2C35 : F47BF19B;
2C36 : EFC9EDF9;
2C37 : EC42EA03;
2C38 : E8E7EA48;
2C39 : EC0EEEFD;
2C3A : F220F552;
2C3B : F7F9FA1B;
2C3C : FB10FBEA;
2C3D : FE11FF73;
2C3E : 007A0419;
2C3F : 07950AB2;
2C40 : 0C330BF5;
2C41 : 0B270B1F;
2C42 : 0A8608CF;
2C43 : 07B006DF;
2C44 : 073E09C2;
2C45 : 0BF60E2F;
2C46 : 0F140EEB;
2C47 : 0EC80EEB;
2C48 : 106A11B3;
2C49 : 13011492;
2C4A : 151E150C;
2C4B : 14371273;
2C4C : 0FD70C30;
2C4D : 076202EE;
2C4E : 0002FD94;
2C4F : FAF4F76C;
2C50 : F367F07D;
2C51 : ED7EE925;
2C52 : E448DFBF;
2C53 : DC9BDC2C;
2C54 : DDACE056;
2C55 : E30BE394;
2C56 : E3A7E5F5;
2C57 : E9D5ECC0;
2C58 : EEB5F03F;
2C59 : F13CF3D2;
2C5A : F7FCFB91;
2C5B : FF2B0144;
2C5C : 02E00422;
2C5D : 0610082B;
2C5E : 08E60A01;
2C5F : 0A9D0B58;
2C60 : 0D8A0DC4;
2C61 : 0E430E9C;
2C62 : 0E350E2E;
2C63 : 10271330;
2C64 : 15F218FD;
2C65 : 1AAE1C86;
2C66 : 1FCC20D5;
2C67 : 20561E6F;
2C68 : 1D961CE4;
2C69 : 1C681C8E;
2C6A : 1AA4184F;
2C6B : 141B0EE2;
2C6C : 0C02069E;
2C6D : FFD2F979;
2C6E : F50AF2BA;
2C6F : F0CFEF9D;
2C70 : ED87EA84;
2C71 : E7F4E714;
2C72 : E853E80E;
2C73 : E751E78C;
2C74 : E855EA8A;
2C75 : ED4CEF58;
2C76 : EF9FEEDD;
2C77 : EE2BEEB4;
2C78 : F04DF144;
2C79 : F1E7F238;
2C7A : F349F6FA;
2C7B : FA27FC4B;
2C7C : FD9DFCF6;
2C7D : FC09FBA7;
2C7E : FC3DFEC3;
2C7F : 00E602FB;
2C80 : 05CD072E;
2C81 : 080F09E1;
2C82 : 0B840C46;
2C83 : 0C6C0D7A;
2C84 : 0EE410EF;
2C85 : 13C61599;
2C86 : 167C16C3;
2C87 : 17171646;
2C88 : 121D0D0A;
2C89 : 08B60675;
2C8A : 0475018C;
2C8B : FD00F6A0;
2C8C : F252F007;
2C8D : EE86EDEB;
2C8E : EB7AEA3F;
2C8F : EABAEDC7;
2C90 : F25CF4C6;
2C91 : F465F2E6;
2C92 : F3A6F729;
2C93 : F9F3FB48;
2C94 : FBE8FF00;
2C95 : 030706EF;
2C96 : 09BE0A4D;
2C97 : 09ED0909;
2C98 : 072E0604;
2C99 : 06B2087F;
2C9A : 08E0093A;
2C9B : 09BE0A7A;
2C9C : 0BA10D4F;
2C9D : 0D0B0AA6;
2C9E : 093E0A4A;
2C9F : 0C751017;
2CA0 : 126B1327;
2CA1 : 11BF0F5E;
2CA2 : 0D8C0C15;
2CA3 : 090505FD;
2CA4 : 035C0125;
2CA5 : FEC0FD35;
2CA6 : F9CDF5DC;
2CA7 : F268EED6;
2CA8 : EB41E78F;
2CA9 : E26FDF20;
2CAA : DE5AE02C;
2CAB : E21FE26A;
2CAC : DFFADF1C;
2CAD : E1F9E4A3;
2CAE : E569E708;
2CAF : E8AFEB78;
2CB0 : EE07F11B;
2CB1 : F5AFF99D;
2CB2 : FB0CFB8F;
2CB3 : FCC4FFD3;
2CB4 : 03040558;
2CB5 : 058206E9;
2CB6 : 07290588;
2CB7 : 06B30890;
2CB8 : 092C0978;
2CB9 : 099E0D85;
2CBA : 115A1598;
2CBB : 190E1A5D;
2CBC : 1BBC1BD8;
2CBD : 1B7A1BE5;
2CBE : 1BD61D29;
2CBF : 1DDA1EE6;
2CC0 : 1E3B1D4D;
2CC1 : 1C281951;
2CC2 : 16291203;
2CC3 : 0CB607AD;
2CC4 : 02380032;
2CC5 : FF0CFDF1;
2CC6 : FBD7F8B1;
2CC7 : F5B0F366;
2CC8 : F156F094;
2CC9 : F08CF134;
2CCA : EF11ECF1;
2CCB : EDA8F155;
2CCC : F3BEF2D4;
2CCD : F0E3F013;
2CCE : EF09F0BB;
2CCF : F36DF6FC;
2CD0 : F94DF8FE;
2CD1 : F7C7F824;
2CD2 : FA98FC9C;
2CD3 : FA4EF721;
2CD4 : F526F77B;
2CD5 : FA76FCD7;
2CD6 : 0030025D;
2CD7 : 02AB028C;
2CD8 : 038006D7;
2CD9 : 09440BDF;
2CDA : 0CF10DFD;
2CDB : 1005113C;
2CDC : 12911360;
2CDD : 13AA14F3;
2CDE : 15071303;
2CDF : 0EAE0C94;
2CE0 : 0AB205DC;
2CE1 : 0200FE86;
2CE2 : F9C1F3AD;
2CE3 : EDDCEBE6;
2CE4 : EC71ED6E;
2CE5 : EC73EBCD;
2CE6 : EEC4F2F9;
2CE7 : F594F389;
2CE8 : F125F252;
2CE9 : F422F636;
2CEA : F969FEB3;
2CEB : 02B70310;
2CEC : 02A402FA;
2CED : 0646089D;
2CEE : 05B000DB;
2CEF : FFC403E1;
2CF0 : 08120994;
2CF1 : 0B090C8F;
2CF2 : 0B81099E;
2CF3 : 0AA50BDC;
2CF4 : 0BF90B0F;
2CF5 : 0B3C0DF5;
2CF6 : 10401102;
2CF7 : 10EB104A;
2CF8 : 0E5A0B0F;
2CF9 : 093D088F;
2CFA : 090908A9;
2CFB : 06B203F3;
2CFC : 02660322;
2CFD : 0086F94D;
2CFE : F3BFF0AA;
2CFF : ECB3E705;
2D00 : E392E1E6;
2D01 : E15BE290;
2D02 : E363E398;
2D03 : E42CE35D;
2D04 : E0AEE028;
2D05 : E4E2EB9F;
2D06 : EF21EF9A;
2D07 : F377F950;
2D08 : FE1A01D8;
2D09 : 03240416;
2D0A : 056306E4;
2D0B : 09430A79;
2D0C : 0AB80809;
2D0D : 04E40510;
2D0E : 07620900;
2D0F : 07FE076A;
2D10 : 0ADE0FA6;
2D11 : 11F513E8;
2D12 : 1A061DB5;
2D13 : 1CDA18ED;
2D14 : 14E71689;
2D15 : 188A18CB;
2D16 : 1A8C1C25;
2D17 : 1E591BFA;
2D18 : 1630133A;
2D19 : 129C0F05;
2D1A : 05E3FEC9;
2D1B : FF3002AA;
2D1C : 02A7FE40;
2D1D : FACEF698;
2D1E : F301F050;
2D1F : ED8DEE1D;
2D20 : EEE4EBEF;
2D21 : E804E8C6;
2D22 : EFBEF29D;
2D23 : EF4BEC0B;
2D24 : EBC9EC1D;
2D25 : ED5BF0D6;
2D26 : F652F9FA;
2D27 : F9D0FAA8;
2D28 : FF340158;
2D29 : 003CFD3F;
2D2A : FB2CF916;
2D2B : F86CFAA6;
2D2C : FCA5FD95;
2D2D : FFE8018B;
2D2E : 02A1032E;
2D2F : 04B10651;
2D30 : 08040A0D;
2D31 : 0C960D19;
2D32 : 0CA70D64;
2D33 : 1111136F;
2D34 : 12430EE0;
2D35 : 0B420880;
2D36 : 083706A2;
2D37 : 03D0FFCD;
2D38 : FB3BF583;
2D39 : F072EDDC;
2D3A : EF42F04E;
2D3B : EE64EBD0;
2D3C : EE02F26A;
2D3D : F4B2F349;
2D3E : F39BF4C5;
2D3F : F4D8F4B4;
2D40 : F83FFEA9;
2D41 : 040704C5;
2D42 : 057807FD;
2D43 : 0B1D0B4C;
2D44 : 098807C2;
2D45 : 073406C4;
2D46 : 08C60BF8;
2D47 : 0F2B10AB;
2D48 : 0F670D20;
2D49 : 0CA70C82;
2D4A : 0D580D0E;
2D4B : 0D33108F;
2D4C : 13B412C7;
2D4D : 11A611D9;
2D4E : 1298110B;
2D4F : 0DF10AA3;
2D50 : 0844071F;
2D51 : 06FC0655;
2D52 : 062E02AD;
2D53 : FC84F6F3;
2D54 : F285EEA1;
2D55 : EB32E4D1;
2D56 : DE9BDB5F;
2D57 : DC7FDE8F;
2D58 : DDF6DC95;
2D59 : DCD3DB13;
2D5A : DA72DD8A;
2D5B : E3AEE7EC;
2D5C : E848E991;
2D5D : EE60F306;
2D5E : F809FB22;
2D5F : FBD0FD62;
2D60 : 005E0207;
2D61 : 04A509DF;
2D62 : 0DD50CF7;
2D63 : 09E206C6;
2D64 : 05D70589;
2D65 : 050506E0;
2D66 : 0B760DF8;
2D67 : 0D820EBD;
2D68 : 143018EA;
2D69 : 195F15BF;
2D6A : 13FC148F;
2D6B : 160819D2;
2D6C : 1D841E0A;
2D6D : 1DFE1C3C;
2D6E : 17F51372;
2D6F : 133A11CF;
2D70 : 0B0603EB;
2D71 : 00E3FFA8;
2D72 : FE4CFAA9;
2D73 : F610F075;
2D74 : EB6CE838;
2D75 : E7B8E8A0;
2D76 : E911E71D;
2D77 : E57BE53A;
2D78 : E783EB28;
2D79 : ED5EED8F;
2D7A : EDABEE7E;
2D7B : EFEAF1C9;
2D7C : F618FAA0;
2D7D : FD41FCA3;
2D7E : FAA0FA08;
2D7F : FA9AFB0A;
2D80 : FA8FF8E8;
2D81 : F6E5F5E9;
2D82 : F891FA50;
2D83 : FC440037;
2D84 : 014CFFC4;
2D85 : FFCF01AD;
2D86 : 06880A05;
2D87 : 0B0E0C0F;
2D88 : 0C510B9D;
2D89 : 0ED911D1;
2D8A : 1281126F;
2D8B : 10870ED4;
2D8C : 0F030DDD;
2D8D : 0D0D0A7B;
2D8E : 03F4FB6D;
2D8F : F4AFF0CF;
2D90 : EE93EEAF;
2D91 : EF43EC87;
2D92 : EB2FEC99;
2D93 : EDD3EEAD;
2D94 : EE19ED06;
2D95 : EC33EB2A;
2D96 : EEE7F666;
2D97 : FCFB0127;
2D98 : 03EA0695;
2D99 : 08D10960;
2D9A : 0AAB0C3E;
2D9B : 0C2A096C;
2D9C : 07AA076B;
2D9D : 0A150CB3;
2D9E : 0D280D51;
2D9F : 0D2C0C49;
2DA0 : 0E79126B;
2DA1 : 16E71817;
2DA2 : 171415AC;
2DA3 : 15261514;
2DA4 : 148313E2;
2DA5 : 13F51206;
2DA6 : 0EBE0D03;
2DA7 : 0E590EB4;
2DA8 : 0D33082D;
2DA9 : 022AFDC6;
2DAA : F9E8F856;
2DAB : F70CF276;
2DAC : EDC1E867;
2DAD : E5ADE50C;
2DAE : E341E14D;
2DAF : E025DF17;
2DB0 : DE81E053;
2DB1 : E521EA78;
2DB2 : EE47EFC5;
2DB3 : F08AF08F;
2DB4 : F246F6E4;
2DB5 : FC0C00F5;
2DB6 : 01710119;
2DB7 : 046707B1;
2DB8 : 0A6F0B44;
2DB9 : 0924052F;
2DBA : 02990378;
2DBB : 055709E8;
2DBC : 0F42115C;
2DBD : 138314AC;
2DBE : 155A15F8;
2DBF : 169C1550;
2DC0 : 124E11BB;
2DC1 : 136015F9;
2DC2 : 1A451C84;
2DC3 : 1C0919B3;
2DC4 : 190E17B6;
2DC5 : 14EC13EF;
2DC6 : 120B0EB4;
2DC7 : 0A3A0529;
2DC8 : 02E10003;
2DC9 : FD0FF9D0;
2DCA : F513F0D3;
2DCB : EDB6ED8F;
2DCC : EF5CEF4F;
2DCD : F024EFBB;
2DCE : EE5AEDA1;
2DCF : EF42F178;
2DD0 : F3A7F501;
2DD1 : F5FCF6B2;
2DD2 : F967FB3A;
2DD3 : FD58FCC6;
2DD4 : F899F456;
2DD5 : F3DAF4FC;
2DD6 : F6F7F90B;
2DD7 : F9C2F7AF;
2DD8 : F717F86E;
2DD9 : F9ECFB63;
2DDA : FCBBFC77;
2DDB : FB55FC95;
2DDC : 00F80550;
2DDD : 08900A26;
2DDE : 0A2C0952;
2DDF : 09080B3D;
2DE0 : 0FBF1241;
2DE1 : 138915CB;
2DE2 : 18781857;
2DE3 : 15A2115C;
2DE4 : 0CEF05F8;
2DE5 : FD2AF48A;
2DE6 : EFA9EF1D;
2DE7 : F151F234;
2DE8 : F124EF19;
2DE9 : EE57EFCD;
2DEA : F23DF1FA;
2DEB : F108F17F;
2DEC : F1D3F31A;
2DED : F84BFDD2;
2DEE : 01110390;
2DEF : 04DF0386;
2DF0 : 03B007A0;
2DF1 : 0D230F5A;
2DF2 : 0FB30EEC;
2DF3 : 0E090D3B;
2DF4 : 0C9F0AD0;
2DF5 : 0946078A;
2DF6 : 0825092D;
2DF7 : 0ADD0B0E;
2DF8 : 0A4B08C6;
2DF9 : 078F05B9;
2DFA : 046B03F1;
2DFB : 06070994;
2DFC : 0C250AC1;
2DFD : 08D307C6;
2DFE : 078206C1;
2DFF : 030FFC76;
2E00 : F526F08B;
2E01 : F136F299;
2E02 : F0B5EAFC;
2E03 : E54DE17D;
2E04 : E053DFEC;
2E05 : E026E11D;
2E06 : E204E145;
2E07 : E20AE413;
2E08 : E76DE877;
2E09 : EA04EB00;
2E0A : EA98EADF;
2E0B : ED5EF1A7;
2E0C : F858FCF8;
2E0D : 011B03E0;
2E0E : 04D406B7;
2E0F : 091D09A3;
2E10 : 08B5056E;
2E11 : 02A904A1;
2E12 : 09580D3C;
2E13 : 0EBC0ECE;
2E14 : 0D690B66;
2E15 : 0B2D0B51;
2E16 : 0C010E48;
2E17 : 0E6F0D53;
2E18 : 0F251400;
2E19 : 18D61A6E;
2E1A : 1AB61896;
2E1B : 153213F1;
2E1C : 144F141D;
2E1D : 11C40DA4;
2E1E : 0A220641;
2E1F : 04B70471;
2E20 : 017BFE23;
2E21 : FAF9F9CE;
2E22 : FB7EFCCB;
2E23 : FC04FA24;
2E24 : F806F635;
2E25 : F3D0F33E;
2E26 : F39DF61A;
2E27 : F913FAF5;
2E28 : FC56FCC5;
2E29 : FC20FBCB;
2E2A : FB89FA8F;
2E2B : F723F530;
2E2C : F6F2FAFB;
2E2D : FEDEFEC1;
2E2E : FAEFF744;
2E2F : F660F593;
2E30 : F304F49C;
2E31 : F95AFBA5;
2E32 : FB35FAB9;
2E33 : FD580186;
2E34 : 038B0510;
2E35 : 03DA0026;
2E36 : FF0A0271;
2E37 : 07B10BF1;
2E38 : 0CE70A4A;
2E39 : 06F606D4;
2E3A : 071D0528;
2E3B : 01F5FC42;
2E3C : F61BF31A;
2E3D : F4E1F6AB;
2E3E : F665F76C;
2E3F : F757F1DF;
2E40 : ED1DEDCA;
2E41 : F253F513;
2E42 : F549F515;
2E43 : F6DAFACB;
2E44 : FF3504FE;
2E45 : 08FC0902;
2E46 : 079C07DD;
2E47 : 087409E6;
2E48 : 0DE5104B;
2E49 : 0D750CC3;
2E4A : 0D910D7F;
2E4B : 0BF70C7E;
2E4C : 0E240C0D;
2E4D : 097E0AFC;
2E4E : 0CD70CFB;
2E4F : 0A8C081C;
2E50 : 070F054E;
2E51 : 02FD02AB;
2E52 : 076A0CD2;
2E53 : 0E180C63;
2E54 : 07D30449;
2E55 : 051F0502;
2E56 : 00B0F937;
2E57 : F32AF0CB;
2E58 : EF3EEFD9;
2E59 : EFA9EBF7;
2E5A : E557DF77;
2E5B : DE35E021;
2E5C : E227E452;
2E5D : E47BE451;
2E5E : E3E9E633;
2E5F : EBB2EFAA;
2E60 : F019EE77;
2E61 : EDDEF268;
2E62 : FB390397;
2E63 : 077A07F3;
2E64 : 09A10DB4;
2E65 : 10E70EF7;
2E66 : 0C4A0E69;
2E67 : 0F8C0BDF;
2E68 : 097F0AB0;
2E69 : 0D830EA7;
2E6A : 0F110F57;
2E6B : 0C1507D2;
2E6C : 061308E0;
2E6D : 0F481239;
2E6E : 103F0E56;
2E6F : 0F1B121B;
2E70 : 158E1839;
2E71 : 19721929;
2E72 : 16CA12BB;
2E73 : 11381466;
2E74 : 152E0ECF;
2E75 : 072F02B8;
2E76 : 007F0153;
2E77 : 03EE02F3;
2E78 : FD53F7CC;
2E79 : F60AF8E1;
2E7A : FA40F60E;
2E7B : EFBEEC9A;
2E7C : EB01EC5F;
2E7D : F34FF9DE;
2E7E : F97DF744;
2E7F : F87CFA23;
2E80 : F9D4FB40;
2E81 : FCCDFB53;
2E82 : F8A6F8A4;
2E83 : FAA7FBC5;
2E84 : FD3AFDC7;
2E85 : FBE8F742;
2E86 : F3EEF3D7;
2E87 : F82CFEFB;
2E88 : 0115FF77;
2E89 : FF5BFEB2;
2E8A : FEF600CC;
2E8B : 026D0278;
2E8C : 030F0491;
2E8D : 04CC069D;
2E8E : 0BA5109E;
2E8F : 11800F29;
2E90 : 0A3E0505;
2E91 : 02B0040E;
2E92 : 064B023A;
2E93 : FA9EF7B2;
2E94 : F8C7FC2B;
2E95 : FE61FB29;
2E96 : F4C2EFD0;
2E97 : F0B7F3AD;
2E98 : F60DF6A6;
2E99 : F59FF3E0;
2E9A : F50FF65D;
2E9B : F94FFEE1;
2E9C : 00BF0004;
2E9D : 033A0685;
2E9E : 09060BC7;
2E9F : 0E7A0E03;
2EA0 : 0A0B07E4;
2EA1 : 09810C9C;
2EA2 : 0EC50EFE;
2EA3 : 0D7A0C1F;
2EA4 : 0C0D0E45;
2EA5 : 0FD90DE8;
2EA6 : 09CB076C;
2EA7 : 079508EC;
2EA8 : 0A740A99;
2EA9 : 0BB90D60;
2EAA : 0BD50A4A;
2EAB : 06740064;
2EAC : 008F031D;
2EAD : 016DFB7F;
2EAE : F83EF883;
2EAF : F932F990;
2EB0 : F645F0AF;
2EB1 : EA5FE612;
2EB2 : E6E7E840;
2EB3 : E920EA08;
2EB4 : EB08EA54;
2EB5 : E81EEA31;
2EB6 : EC21EDCA;
2EB7 : EEFCEC4E;
2EB8 : EAF9EE10;
2EB9 : F5C4FF9A;
2EBA : 04600256;
2EBB : FE10FE0A;
2EBC : 00660206;
2EBD : 03E804A0;
2EBE : 03AA030D;
2EBF : 046D05B8;
2EC0 : 06160808;
2EC1 : 088205B0;
2EC2 : 03DC059E;
2EC3 : 0AB70ECA;
2EC4 : 0EE70EBB;
2EC5 : 0E180C0C;
2EC6 : 0B520E26;
2EC7 : 11D31292;
2EC8 : 12861268;
2EC9 : 11D7119F;
2ECA : 11481155;
2ECB : 0F160982;
2ECC : 043E00DC;
2ECD : 01020367;
2ECE : 05090171;
2ECF : F8FFF367;
2ED0 : F461F661;
2ED1 : F522F4FB;
2ED2 : F699F570;
2ED3 : F2C9F394;
2ED4 : F88FFEC3;
2ED5 : FFD7FB92;
2ED6 : F64BF3F8;
2ED7 : F3EEF6A1;
2ED8 : FAC6FB3F;
2ED9 : F76EF79A;
2EDA : FA29FCC7;
2EDB : FF62FF69;
2EDC : FAA7F4C6;
2EDD : F2BEF395;
2EDE : F575F6BB;
2EDF : F638F4EE;
2EE0 : F35CF5B7;
2EE1 : FB60003C;
2EE2 : 03250273;
2EE3 : 00C9FF2E;
2EE4 : 02AA08B6;
2EE5 : 0AF50ADE;
2EE6 : 08FB08D8;
2EE7 : 08E806BC;
2EE8 : 05F705CC;
2EE9 : 064802E6;
2EEA : FC5AF9DD;
2EEB : F9F0F967;
2EEC : F7C7F6DC;
2EED : F5CAF49A;
2EEE : F6CCFA77;
2EEF : FC00F990;
2EF0 : F6C3F4EE;
2EF1 : F2F8F1E8;
2EF2 : F4D9F900;
2EF3 : FB1AFD00;
2EF4 : 002D00CC;
2EF5 : 030B05FC;
2EF6 : 07C907FA;
2EF7 : 0522013B;
2EF8 : 026B04BD;
2EF9 : 060405A2;
2EFA : 048E0302;
2EFB : 02F304E6;
2EFC : 07DB09BC;
2EFD : 0A4A0AEA;
2EFE : 0E370FC4;
2EFF : 0FE31085;
2F00 : 104C0E90;
2F01 : 0C2409DA;
2F02 : 06FA043C;
2F03 : 05480646;
2F04 : 05FC0535;
2F05 : 047A057F;
2F06 : 06DB051A;
2F07 : 008BFC29;
2F08 : FB4EFBF7;
2F09 : FD96FDEB;
2F0A : FADCF652;
2F0B : F25FEF62;
2F0C : EFAAF0E8;
2F0D : EF33EDE9;
2F0E : F02BF292;
2F0F : F4B1F5AE;
2F10 : F670F70A;
2F11 : F6A2F716;
2F12 : F7ECF8D6;
2F13 : FB7EFE3C;
2F14 : FF8EFEDD;
2F15 : 00140189;
2F16 : 007D0042;
2F17 : 005EFECE;
2F18 : 00D60596;
2F19 : 07F8089D;
2F1A : 0ABA0BA7;
2F1B : 0BD50B58;
2F1C : 086904F7;
2F1D : 04E0075B;
2F1E : 0A8C0B97;
2F1F : 0B3208FD;
2F20 : 07FD098C;
2F21 : 09A20872;
2F22 : 06D4035B;
2F23 : 03A40621;
2F24 : 076A071A;
2F25 : 05A001C8;
2F26 : FE17FCEF;
2F27 : FCEDFC39;
2F28 : FB13F8E9;
2F29 : FA1CFBC6;
2F2A : FDE60090;
2F2B : 014DFF09;
2F2C : FB8EF903;
2F2D : F871F831;
2F2E : FA5AFBBA;
2F2F : FD3AFDEB;
2F30 : FEB3009B;
2F31 : 01D4012A;
2F32 : FFFEFF79;
2F33 : 00CA019A;
2F34 : 03750432;
2F35 : 06170875;
2F36 : 08E9083D;
2F37 : 06D104DC;
2F38 : 057407A0;
2F39 : 09B708D0;
2F3A : 07DD07A2;
2F3B : 08E80A1F;
2F3C : 0A07086D;
2F3D : 071505E4;
2F3E : 065207CC;
2F3F : 0802066A;
2F40 : 05F503CC;
2F41 : 004DFDD0;
2F42 : FC8EF9C2;
2F43 : F710F5DE;
2F44 : F533F569;
2F45 : F70AF896;
2F46 : F8C1F64C;
2F47 : F55DF518;
2F48 : F45FF48D;
2F49 : F58BF5F6;
2F4A : F556F4FD;
2F4B : F57BF4D9;
2F4C : F4E6F5B7;
2F4D : F6A6F6E3;
2F4E : F883FA8A;
2F4F : FB3FFC4C;
2F50 : FDD5FEF2;
2F51 : FFBAFFC9;
2F52 : 009D01D2;
2F53 : 0360043F;
2F54 : 062F08CB;
2F55 : 0A980D4E;
2F56 : 0D440ABB;
2F57 : 09E30787;
2F58 : 052205B2;
2F59 : 084909F4;
2F5A : 09CC08E9;
2F5B : 080B0713;
2F5C : 05AC03D9;
2F5D : 017BFFAD;
2F5E : FFCCFEB8;
2F5F : FE1EFDAA;
2F60 : FBFBFAC1;
2F61 : F885F434;
2F62 : F117EFAF;
2F63 : EF55EF77;
2F64 : F009F046;
2F65 : F00AF06D;
2F66 : F312F4EB;
2F67 : F5CCF66F;
2F68 : F4F0F44E;
2F69 : F693F8B9;
2F6A : FB50FD82;
2F6B : FE6EFFBD;
2F6C : 0084FE6A;
2F6D : FD01FE15;
2F6E : FF8D0094;
2F6F : 02380554;
2F70 : 084C0953;
2F71 : 0A9D0B5C;
2F72 : 09D8071B;
2F73 : 06170730;
2F74 : 084E09CF;
2F75 : 0B0D0BB4;
2F76 : 0C830C43;
2F77 : 0CA10CFC;
2F78 : 0BB40AA8;
2F79 : 09CB08EF;
2F7A : 08320845;
2F7B : 083E07A3;
2F7C : 062403E0;
2F7D : 02480150;
2F7E : 004EFFE4;
2F7F : FFB20063;
2F80 : 00220109;
2F81 : 01B6FF9F;
2F82 : FE71FD2A;
2F83 : FA58FA5E;
2F84 : FBC6FE20;
2F85 : 006200E8;
2F86 : 00E60174;
2F87 : 00850179;
2F88 : 0401036F;
2F89 : 01F801BB;
2F8A : 010D0284;
2F8B : 038B031C;
2F8C : 03160249;
2F8D : FFBBFF0A;
2F8E : 001A0144;
2F8F : 00AA0027;
2F90 : 00CB0241;
2F91 : 02D00291;
2F92 : 0154FFE2;
2F93 : FF01FE78;
2F94 : FD50FE9A;
2F95 : 01AC046F;
2F96 : 056E0450;
2F97 : 00E1FCD4;
2F98 : F990F7E0;
2F99 : F69DF65D;
2F9A : F5D4F516;
2F9B : F542F596;
2F9C : F5D4F5C2;
2F9D : F422F205;
2F9E : F0CCF253;
2F9F : F3E1F3F3;
2FA0 : F454F521;
2FA1 : F4A7F379;
2FA2 : F370F539;
2FA3 : F70EF7F0;
2FA4 : F942FB46;
2FA5 : FD1FFF62;
2FA6 : 01F20409;
2FA7 : 05680637;
2FA8 : 063B0687;
2FA9 : 0772080B;
2FAA : 08370931;
2FAB : 09B009E3;
2FAC : 0AC60AB2;
2FAD : 0A1708E7;
2FAE : 079106CD;
2FAF : 050605D5;
2FB0 : 09810A6C;
2FB1 : 08B307C8;
2FB2 : 05E0041A;
2FB3 : 04C60401;
2FB4 : 0168FDCE;
2FB5 : FC00FC40;
2FB6 : FB48F9A2;
2FB7 : F91DF908;
2FB8 : F63DF3F0;
2FB9 : F3E4F3D4;
2FBA : F4A4F4B8;
2FBB : F51AF53F;
2FBC : F46DF3DB;
2FBD : F311F4FE;
2FBE : F58BF547;
2FBF : F6D1F8B8;
2FC0 : FAF7FE0F;
2FC1 : 01BD03AE;
2FC2 : 031701AD;
2FC3 : 0025FF3A;
2FC4 : 003E0474;
2FC5 : 06000687;
2FC6 : 07BD07C4;
2FC7 : 09870AD3;
2FC8 : 0AC908FD;
2FC9 : 071407B3;
2FCA : 08B70A64;
2FCB : 0AD90AF3;
2FCC : 0A650931;
2FCD : 07F705BB;
2FCE : 051204B7;
2FCF : 032802F2;
2FD0 : 02600274;
2FD1 : 02C8031D;
2FD2 : 0291022B;
2FD3 : 00BFFF7F;
2FD4 : FEB7FD01;
2FD5 : FB7FFB42;
2FD6 : FB78FCEA;
2FD7 : FEBCFF7A;
2FD8 : FDD1FC18;
2FD9 : FAA4F9A1;
2FDA : FA6DFB99;
2FDB : FC32FE7E;
2FDC : 0055010B;
2FDD : 010100C6;
2FDE : 02A004E2;
2FDF : 053A05B4;
2FE0 : 06C505D3;
2FE1 : 03830367;
2FE2 : 035604C2;
2FE3 : 066104A1;
2FE4 : 02C80441;
2FE5 : 06470875;
2FE6 : 099E0823;
2FE7 : 066204E0;
2FE8 : 044E0541;
2FE9 : 03BB02AB;
2FEA : 02E80331;
2FEB : 042304CD;
2FEC : 05BC0606;
2FED : 0265FEC7;
2FEE : FB9CF9FA;
2FEF : FA74F9C8;
2FF0 : F89AF7FA;
2FF1 : F80BF890;
2FF2 : F8D6F7F0;
2FF3 : F444F1DC;
2FF4 : F237F2EC;
2FF5 : F27AF32F;
2FF6 : F498F4B7;
2FF7 : F582F67E;
2FF8 : F7E4F836;
2FF9 : F7B5F816;
2FFA : FA3AFD94;
2FFB : FF9300AC;
2FFC : 01D103FB;
2FFD : 069809FB;
2FFE : 0CA60C0C;
2FFF : 0A860B17;
3000 : 0D520E70;
3001 : 0F3E10A0;
3002 : 10590EE5;
3003 : 0D750C15;
3004 : 0AC209BA;
3005 : 0907076E;
3006 : 06AD08F0;
3007 : 0A840922;
3008 : 07870494;
3009 : 02D20370;
300A : 04B70392;
300B : 00D3FDDB;
300C : FB93FA66;
300D : F9B4F7AC;
300E : F4D6F201;
300F : F00CEFE2;
3010 : EFA7EF68;
3011 : EEADEDF7;
3012 : EEA1EE84;
3013 : EECCEFBE;
3014 : F13BF1FD;
3015 : F306F523;
3016 : F729F907;
3017 : F8BAF9F1;
3018 : FC62FD08;
3019 : FEAD0018;
301A : 01AB029C;
301B : 06F20B45;
301C : 0C170A7B;
301D : 097B0AAB;
301E : 0B700ADA;
301F : 0A8F0966;
3020 : 08110880;
3021 : 09C90A95;
3022 : 0AE10A72;
3023 : 09E90813;
3024 : 060F0479;
3025 : 05BF07D7;
3026 : 07AE06CF;
3027 : 055F0562;
3028 : 034201D7;
3029 : 00EBFE3F;
302A : FDE2FDE8;
302B : FEEBFF6A;
302C : FF0BFF1C;
302D : FDF4FC8F;
302E : FB60F927;
302F : F70FF65D;
3030 : F49FF389;
3031 : F510F73C;
3032 : F9D5FA9A;
3033 : F9EFF9DB;
3034 : FBFEFCC6;
3035 : FD95FDAB;
3036 : FD29FDF9;
3037 : FE35FE93;
3038 : FFB0FF15;
3039 : 002D02BB;
303A : 050A050D;
303B : 053E05AC;
303C : 06A707C7;
303D : 08AF069F;
303E : 0347020C;
303F : 015D008F;
3040 : 01130153;
3041 : 009FFF1E;
3042 : FF06FF49;
3043 : FF40FF7B;
3044 : FE66FD4B;
3045 : FC85FC19;
3046 : FC54FC09;
3047 : FA8BF7AC;
3048 : F60CF5A4;
3049 : F4A1F447;
304A : F459F43F;
304B : F4A1F523;
304C : F5BBF583;
304D : F530F4F6;
304E : F392F31B;
304F : F2A7F1C2;
3050 : F33FF617;
3051 : F9EDFDDE;
3052 : 009C027C;
3053 : 036503B7;
3054 : 04EA0754;
3055 : 087A08DD;
3056 : 09030948;
3057 : 0AC90CB7;
3058 : 0CDF0CDF;
3059 : 0D490C00;
305A : 0BA90D1F;
305B : 0E2C0F2E;
305C : 103F1073;
305D : 0EB20F35;
305E : 0FEC0D9B;
305F : 0AB608C0;
3060 : 05C00431;
3061 : 045303C0;
3062 : 022A00E1;
3063 : FE64FC61;
3064 : FC2AFB8D;
3065 : F902F6F3;
3066 : F4C6F3FF;
3067 : F455F490;
3068 : F494F4B3;
3069 : F415F451;
306A : F54DF567;
306B : F6E8F8E6;
306C : FA5FFB7C;
306D : FB90FAB3;
306E : FADAFBF6;
306F : FBBCFCE5;
3070 : FE9CFFA2;
3071 : 00610252;
3072 : 05670683;
3073 : 06D1077B;
3074 : 071505CD;
3075 : 05770753;
3076 : 07A20648;
3077 : 050B05EC;
3078 : 0603066C;
3079 : 07170792;
307A : 07C0067C;
307B : 06C20756;
307C : 081C0978;
307D : 0A270A3C;
307E : 084705B0;
307F : 035101D5;
3080 : 0079006B;
3081 : 0135007B;
3082 : 016C01E0;
3083 : 02670320;
3084 : 0288012A;
3085 : FF82FF97;
3086 : FE8DFC51;
3087 : FBC7FB51;
3088 : FAAEFB80;
3089 : FBB3FBDC;
308A : FEB100F5;
308B : 0009FEFF;
308C : 00810339;
308D : 05500649;
308E : 073106F6;
308F : 044603BE;
3090 : 04090396;
3091 : 038C0375;
3092 : 052305CA;
3093 : 05470400;
3094 : 0351030C;
3095 : 01BD0197;
3096 : 019300BD;
3097 : 00B2015B;
3098 : 021C0080;
3099 : FEAAFD2B;
309A : FCB2FB9F;
309B : FA49FB0A;
309C : FB7AFB2C;
309D : FB39FA30;
309E : F9B0F959;
309F : F9CCF937;
30A0 : F774F692;
30A1 : F5B3F398;
30A2 : F11BF0B4;
30A3 : F1E0F225;
30A4 : F2CDF38B;
30A5 : F556F59C;
30A6 : F59AF75E;
30A7 : F987FC19;
30A8 : FF030117;
30A9 : 03140455;
30AA : 04EA0573;
30AB : 06D40851;
30AC : 092B08E1;
30AD : 097A0AB0;
30AE : 0B8A0BE0;
30AF : 0B3D0A48;
30B0 : 0A6B0B05;
30B1 : 0A1D0899;
30B2 : 080C06CA;
30B3 : 044E040C;
30B4 : 0397019E;
30B5 : 005DFF37;
30B6 : FEF9FEDB;
30B7 : FE74FF58;
30B8 : FDBDFB04;
30B9 : FAF0FA23;
30BA : F80EF738;
30BB : F6E3F623;
30BC : F5FBF666;
30BD : F64EF675;
30BE : F71BF67A;
30BF : F5C8F3C5;
30C0 : F0E2EFC1;
30C1 : F115F2EA;
30C2 : F415F540;
30C3 : F72DF97C;
30C4 : FAD1FB68;
30C5 : FBB8FCDC;
30C6 : FED30065;
30C7 : 00FB01BC;
30C8 : 02C2044C;
30C9 : 066008DD;
30CA : 08DE0826;
30CB : 090F0A3D;
30CC : 0A0E0A06;
30CD : 09C90937;
30CE : 08AA097A;
30CF : 090C0768;
30D0 : 068B0488;
30D1 : 028D02D0;
30D2 : 03A00469;
30D3 : 03D40237;
30D4 : 031A03AB;
30D5 : 04150403;
30D6 : 03230432;
30D7 : 0447038E;
30D8 : 023A01DA;
30D9 : 027300C3;
30DA : FFB2FF01;
30DB : FE9EFE88;
30DC : FFE50253;
30DD : 024D01F5;
30DE : 00A70068;
30DF : 0100FF18;
30E0 : FBEAFB9C;
30E1 : FD47FEA1;
30E2 : 002D02B2;
30E3 : 04E8066A;
30E4 : 0750060F;
30E5 : 05200480;
30E6 : 02AE02B0;
30E7 : 030003F7;
30E8 : 049F0562;
30E9 : 05DC050B;
30EA : 04DF0440;
30EB : 0289009A;
30EC : FF95FE16;
30ED : FDBCFD92;
30EE : FBA2FB9E;
30EF : FB72FAFC;
30F0 : FAAEFA81;
30F1 : FA3EF9C4;
30F2 : F983F87B;
30F3 : F7ACF69F;
30F4 : F697F6AC;
30F5 : F3A4F139;
30F6 : F0A8F0AB;
30F7 : F03AF000;
30F8 : EF00EE7D;
30F9 : EF56EF76;
30FA : EFDEF07A;
30FB : F194F383;
30FC : F4F8F70C;
30FD : F8D0FAD3;
30FE : FC9DFE27;
30FF : 00620217;
3100 : 043904B5;
3101 : 04BC074F;
3102 : 09AF0B2F;
3103 : 0C190B78;
3104 : 0AC50B90;
3105 : 0D160D8A;
3106 : 0C3C0B4E;
3107 : 0A4909D8;
3108 : 0B3C0B6D;
3109 : 0A9E07C2;
310A : 055104B1;
310B : 03F503D4;
310C : 02960068;
310D : FF41FF24;
310E : FECBFE45;
310F : FF7CFE42;
3110 : FBFBFA4B;
3111 : F943F8A1;
3112 : F869F842;
3113 : F70DF53C;
3114 : F446F297;
3115 : F155EF9C;
3116 : EDD4EE05;
3117 : EFA0F17F;
3118 : F316F4E4;
3119 : F668F7CB;
311A : FA67FB03;
311B : FBE9FDBE;
311C : FF0300DE;
311D : 024A0293;
311E : 031A0461;
311F : 05D00710;
3120 : 087B08B5;
3121 : 081C0823;
3122 : 08E908DC;
3123 : 0A210BC0;
3124 : 0A4A0670;
3125 : 05890587;
3126 : 042B0449;
3127 : 04FD047D;
3128 : 054806F1;
3129 : 09080AF5;
312A : 0A840950;
312B : 094E092F;
312C : 093A0825;
312D : 08150705;
312E : 063F06E6;
312F : 07B507F0;
3130 : 078906D2;
3131 : 063D0453;
3132 : 028B022D;
3133 : 01F6FFC5;
3134 : FDC6FBC9;
3135 : FB13F9E9;
3136 : FA0BFB40;
3137 : FC89FDE5;
3138 : FF4C01DE;
3139 : 041403E4;
313A : 03A504C1;
313B : 05460456;
313C : 05830772;
313D : 08AE0905;
313E : 0A1A0AFC;
313F : 0C0B0A3D;
3140 : 07A60697;
3141 : 05A5049A;
3142 : 03BF0156;
3143 : 00C200A3;
3144 : 00BBFF71;
3145 : FE03FBF9;
3146 : FB72FB89;
3147 : FC45FC8A;
3148 : FC81FCF1;
3149 : FC84FA54;
314A : F904F7AF;
314B : F717F5ED;
314C : F584F674;
314D : F698F657;
314E : F687F64D;
314F : F666F5C1;
3150 : F4CDF405;
3151 : F33EF364;
3152 : F50FF542;
3153 : F5A0F68C;
3154 : F8DEFB8F;
3155 : FF010147;
3156 : 02F605B3;
3157 : 076E07CA;
3158 : 0A410D46;
3159 : 0F890F21;
315A : 0E390D79;
315B : 0E190EB2;
315C : 0FEC10A1;
315D : 0FF80E5E;
315E : 0CE60D44;
315F : 0D770B2A;
3160 : 0919067B;
3161 : 05B50688;
3162 : 06980645;
3163 : 05BD02DD;
3164 : 018300DC;
3165 : 00B6FF04;
3166 : FD0EFB67;
3167 : FA84FAD1;
3168 : FACDFA08;
3169 : F9F1F891;
316A : F809F6ED;
316B : F3CCF10A;
316C : F23BF2EB;
316D : F319F2BF;
316E : F1FFF2C5;
316F : F4FEF55B;
3170 : F578F4C7;
3171 : F490F4DA;
3172 : F70CF9DA;
3173 : FBDAFD33;
3174 : 00F8034B;
3175 : 036A03F1;
3176 : 04EA04CA;
3177 : 05C904C7;
3178 : 040503D1;
3179 : 041904B0;
317A : 04B103BF;
317B : 02DE01E2;
317C : 028103AC;
317D : 04E3049D;
317E : 035702D6;
317F : 033603C4;
3180 : 03920266;
3181 : 02C40419;
3182 : 05E70637;
3183 : 05AF05CD;
3184 : 06B207AF;
3185 : 0768054B;
3186 : 044502E3;
3187 : 01D90019;
3188 : FEE3FE16;
3189 : FCE9FC4E;
318A : FBBDFA9D;
318B : F9D4F8F2;
318C : F8BFF9A6;
318D : FBCCFD02;
318E : FEC60110;
318F : 022000F6;
3190 : FFECFF5C;
3191 : 0036017E;
3192 : 01A5022E;
3193 : 020701BC;
3194 : 02B20451;
3195 : 04A5028F;
3196 : 0090FED8;
3197 : FDFBFD6B;
3198 : FB56FAB4;
3199 : FB1AFA90;
319A : FAD0FB11;
319B : FA10F829;
319C : F7DDF7AB;
319D : F772F950;
319E : FBB8FBA2;
319F : F999F8C4;
31A0 : F882F8D2;
31A1 : F899F871;
31A2 : F96CF868;
31A3 : F74BF5B9;
31A4 : F454F4FD;
31A5 : F4A5F3E1;
31A6 : F331F17D;
31A7 : EFEEEFE4;
31A8 : F14AF297;
31A9 : F37AF4DA;
31AA : F60DF867;
31AB : FA06FD1C;
31AC : FFF501B3;
31AD : 041906AC;
31AE : 08ED0A8F;
31AF : 0C5E0EAD;
31B0 : 0F220EDD;
31B1 : 0E080E97;
31B2 : 10C31272;
31B3 : 116A1021;
31B4 : 103E0F54;
31B5 : 0D050B44;
31B6 : 083906CB;
31B7 : 059F0494;
31B8 : 03ED0387;
31B9 : 03B6033E;
31BA : 01D5013A;
31BB : 011D0058;
31BC : 00F80195;
31BD : FFABFFE8;
31BE : FE51FC29;
31BF : FB7BFB6D;
31C0 : FAB2F9B1;
31C1 : F8F4F85F;
31C2 : F755F69A;
31C3 : F5BFF62B;
31C4 : F6CFF630;
31C5 : F55BF637;
31C6 : F662F538;
31C7 : F54FF55A;
31C8 : F4A1F5CC;
31C9 : F86FFB8C;
31CA : FD4CFE99;
31CB : FF92013A;
31CC : 02B90312;
31CD : 03B50613;
31CE : 074605D6;
31CF : 05320693;
31D0 : 07700725;
31D1 : 067105E3;
31D2 : 05E00600;
31D3 : 0677073A;
31D4 : 0584032C;
31D5 : 021E02BB;
31D6 : 026A025E;
31D7 : 02C7032C;
31D8 : 03B604E2;
31D9 : 06F20812;
31DA : 07E90832;
31DB : 08290793;
31DC : 04FC0284;
31DD : 014401EF;
31DE : 02E9030F;
31DF : 03D004C0;
31E0 : 036F02AD;
31E1 : 01B300FF;
31E2 : FFADFF62;
31E3 : FE66FD95;
31E4 : FD76FE3D;
31E5 : FFCF0143;
31E6 : 02F4040D;
31E7 : 04A30666;
31E8 : 067A06CC;
31E9 : 06680711;
31EA : 07C3084A;
31EB : 08E609B6;
31EC : 082A0730;
31ED : 07140721;
31EE : 07C80863;
31EF : 0647043E;
31F0 : 02C601A3;
31F1 : FF49FCED;
31F2 : FCBBFD3A;
31F3 : FB56FB31;
31F4 : FC5EFCB2;
31F5 : FBBCFB66;
31F6 : F9F5F8E2;
31F7 : F87AF895;
31F8 : F7A0F78B;
31F9 : F7D6F7B1;
31FA : F69EF60D;
31FB : F59DF4AD;
31FC : F3B7F344;
31FD : F25BF0ED;
31FE : EFEBF168;
31FF : F24EF400;
3200 : F5CBF6BB;
3201 : F745FACD;
3202 : FCEEFDF8;
3203 : 006C0270;
3204 : 0487082D;
3205 : 0AE20CAE;
3206 : 0D340D14;
3207 : 0BEA0B42;
3208 : 0B2A0C26;
3209 : 0C0F0B31;
320A : 09D90900;
320B : 081C07FC;
320C : 0787066E;
320D : 03E002C5;
320E : 01860198;
320F : 01ED0082;
3210 : FF20FF1F;
3211 : FE66FD71;
3212 : FE750097;
3213 : 006BFF46;
3214 : FE60FDBB;
3215 : FB0FF98A;
3216 : F7FAF615;
3217 : F419F350;
3218 : F207F127;
3219 : F1C8F209;
321A : F111F1A1;
321B : F213F18E;
321C : F1B9F272;
321D : F25FF468;
321E : F64DF710;
321F : F8EEFC0F;
3220 : FE3BFF15;
3221 : FEA7FF5B;
3222 : 00F1023A;
3223 : 02E9063E;
3224 : 093E09B4;
3225 : 0A160ACA;
3226 : 0A5908ED;
3227 : 083207B7;
3228 : 06C9061A;
3229 : 055C05B3;
322A : 06A5070A;
322B : 065305A5;
322C : 057B06A4;
322D : 071B0674;
322E : 06870790;
322F : 08920A4E;
3230 : 0BA40B7B;
3231 : 0B830A73;
3232 : 09120842;
3233 : 071506E4;
3234 : 05C704F2;
3235 : 058F05C6;
3236 : 0457023D;
3237 : 011F0085;
3238 : FF9DFEA6;
3239 : FDACFCB4;
323A : FB72FC06;
323B : FD25FD7E;
323C : FDB4FE1D;
323D : 011703B7;
323E : 04E10579;
323F : 061D07C1;
3240 : 07CE076B;
3241 : 070E06C3;
3242 : 05FD063E;
3243 : 075706B6;
3244 : 0589053E;
3245 : 055E050F;
3246 : 02CB002C;
3247 : FDCDFB56;
3248 : F9F9FA3C;
3249 : F945F73C;
324A : F6DDF779;
324B : F783F7EF;
324C : F717F5F8;
324D : F570F5DE;
324E : F5FEF5D0;
324F : F549F514;
3250 : F5B7F5C9;
3251 : F45EF393;
3252 : F3A3F3E2;
3253 : F48BF411;
3254 : F1CBF0D1;
3255 : F155F0A4;
3256 : F03FF1AB;
3257 : F273F2AE;
3258 : F449F70A;
3259 : F942FC25;
325A : FEF80103;
325B : 02B0033C;
325C : 04080581;
325D : 074108C3;
325E : 09EB0B42;
325F : 0B990CDB;
3260 : 0EB90EC6;
3261 : 0C4A09E9;
3262 : 08CD0812;
3263 : 083706E9;
3264 : 0474042B;
3265 : 038B0265;
3266 : 0149012E;
3267 : 007EFE5D;
3268 : FD95FDCD;
3269 : FD02FB0D;
326A : FA1AFAE7;
326B : F9F9F82C;
326C : F671F67C;
326D : F643F546;
326E : F532F463;
326F : F344F338;
3270 : F3BEF4B7;
3271 : F50DF541;
3272 : F4A7F4C0;
3273 : F5BCF688;
3274 : F6CEF71F;
3275 : F83CF8F8;
3276 : F840F81F;
3277 : F81EFA76;
3278 : FC55FCAE;
3279 : FD8EFF5D;
327A : 00C6029A;
327B : 047F054C;
327C : 058C06F0;
327D : 075C07C5;
327E : 081408DA;
327F : 09210887;
3280 : 08540871;
3281 : 084C091A;
3282 : 09F30AAF;
3283 : 0A4D09F2;
3284 : 09810A77;
3285 : 0BD20BF6;
3286 : 0ACC0A75;
3287 : 0BA10D00;
3288 : 0D4E0D8B;
3289 : 0C580ACA;
328A : 0A010A87;
328B : 0A5408B2;
328C : 06C50560;
328D : 02F200A4;
328E : 008D00C5;
328F : FF67FFCD;
3290 : 00580008;
3291 : FFA10022;
3292 : 00C00171;
3293 : 01E202A4;
3294 : 03340341;
3295 : 03720517;
3296 : 066706E7;
3297 : 05DD0523;
3298 : 0531052A;
3299 : 05F3069E;
329A : 0524033B;
329B : 0314039B;
329C : 02A101A1;
329D : 01010005;
329E : FD8EFC69;
329F : FDAAFDA6;
32A0 : FC8DFC28;
32A1 : FBF9FBE0;
32A2 : FB15FB62;
32A3 : FB8BFA21;
32A4 : F8ACF7E6;
32A5 : F672F58F;
32A6 : F699F7D9;
32A7 : F96AF9E4;
32A8 : F848F853;
32A9 : F8AFF7C7;
32AA : F756F713;
32AB : F514F2C7;
32AC : F237F388;
32AD : F565F638;
32AE : F66DF8A9;
32AF : FB5AFF58;
32B0 : 0387048B;
32B1 : 045905B8;
32B2 : 06D7074F;
32B3 : 09B20D17;
32B4 : 0D740D5C;
32B5 : 0E6E0FF5;
32B6 : 10B21060;
32B7 : 10390F58;
32B8 : 0D3C0A50;
32B9 : 089A07C1;
32BA : 054B045E;
32BB : 041C0300;
32BC : 01A3003B;
32BD : FF6CFF51;
32BE : 002E0089;
32BF : 00150015;
32C0 : FFEEFF3C;
32C1 : FE94FDD1;
32C2 : FBFFFA70;
32C3 : FA9BFA75;
32C4 : F9CCF9FE;
32C5 : F90CF784;
32C6 : F6E4F5A3;
32C7 : F516F5E0;
32C8 : F571F423;
32C9 : F36DF40B;
32CA : F503F508;
32CB : F514F5D8;
32CC : F4DCF4BE;
32CD : F697F7A6;
32CE : F8CFF9F1;
32CF : FAA1FC52;
32D0 : FEB2009D;
32D1 : 0219031E;
32D2 : 04DA06A4;
32D3 : 071F06E8;
32D4 : 06740747;
32D5 : 08AB098A;
32D6 : 0927068C;
32D7 : 0566057C;
32D8 : 04F404CA;
32D9 : 057B0528;
32DA : 03600300;
32DB : 03F60461;
32DC : 03520219;
32DD : 01F901C7;
32DE : 035C04F5;
32DF : 055005B5;
32E0 : 05CE0471;
32E1 : 037F0409;
32E2 : 036500A6;
32E3 : 004E007B;
32E4 : FFDDFFBA;
32E5 : FF42FE8C;
32E6 : FDF8FC67;
32E7 : FC42FBAE;
32E8 : FBA4FB31;
32E9 : FB75FC35;
32EA : FD8AFE24;
32EB : FEBDFF98;
32EC : FF6CFF1C;
32ED : 01CA026F;
32EE : 02860335;
32EF : 048C0494;
32F0 : 04100339;
32F1 : 039302D6;
32F2 : 0114011F;
32F3 : 021100C3;
32F4 : FFEAFEC4;
32F5 : FD40FBC5;
32F6 : FA37F7E3;
32F7 : F6E6F5F9;
32F8 : F5EBF5CD;
32F9 : F552F576;
32FA : F690F5D1;
32FB : F4A5F416;
32FC : F412F3AA;
32FD : F3C6F367;
32FE : F41FF49C;
32FF : F4EEF693;
3300 : F914F8D3;
3301 : F989F99D;
3302 : F8FFF98C;
3303 : F969F863;
3304 : F9BEFA52;
3305 : FA8CFBCD;
3306 : FDFFFF58;
3307 : 01780284;
3308 : 048F077E;
3309 : 098A0A7E;
330A : 0C290E05;
330B : 0E840D71;
330C : 0D340CB6;
330D : 0CCF0CA6;
330E : 0D590CD4;
330F : 0BA60BAB;
3310 : 0B620A6C;
3311 : 09C50825;
3312 : 06990485;
3313 : 04590371;
3314 : 02FB03BE;
3315 : 040B032B;
3316 : 0266022D;
3317 : 019FFF0D;
3318 : FDF8FC06;
3319 : FA17F901;
331A : F833F709;
331B : F727F70D;
331C : F692F63A;
331D : F672F5F0;
331E : F609F5AE;
331F : F4F7F514;
3320 : F532F3C9;
3321 : F3B0F40F;
3322 : F454F4C9;
3323 : F5B5F788;
3324 : F9F6FB95;
3325 : FD33FED4;
3326 : 01620283;
3327 : 0283033B;
3328 : 03BB03F0;
3329 : 053C073A;
332A : 09390AA4;
332B : 0BF70A59;
332C : 0A750B25;
332D : 0A6809E3;
332E : 085B0728;
332F : 069C053E;
3330 : 058605CC;
3331 : 0679056C;
3332 : 051905A1;
3333 : 0630065D;
3334 : 06070682;
3335 : 083E0818;
3336 : 07B4076E;
3337 : 080D0835;
3338 : 079905E5;
3339 : 05680523;
333A : 03B301CF;
333B : 00C9FFFA;
333C : FE78FC44;
333D : FC93FB8B;
333E : FA74FB6D;
333F : FC1DFC02;
3340 : FDB6FF36;
3341 : FF3DFFF5;
3342 : 01E8039A;
3343 : 05C7052A;
3344 : 05B6082C;
3345 : 0A470AC4;
3346 : 0B820BDD;
3347 : 0B400A09;
3348 : 099909FB;
3349 : 0B0E0960;
334A : 07AE066C;
334B : 04C102BF;
334C : 004BFE49;
334D : FD34FBD8;
334E : FB5FFB38;
334F : FB3EFA8D;
3350 : F9CFF986;
3351 : F96BF88C;
3352 : F6AFF6C6;
3353 : F721F5C6;
3354 : F6CDF89C;
3355 : F986FA37;
3356 : FAFDFA5D;
3357 : F90BF85E;
3358 : F89DF917;
3359 : F77DF5E7;
335A : F6CCF7ED;
335B : F7F1F7AC;
335C : F966FA54;
335D : FB34FBE9;
335E : FD70FE38;
335F : FFFB01F2;
3360 : 0277043F;
3361 : 05CA0602;
3362 : 074A0835;
3363 : 09FB0AE6;
3364 : 0B5A0BFF;
3365 : 0B770B1E;
3366 : 0B920ABF;
3367 : 09550756;
3368 : 05A00431;
3369 : 01ED0038;
336A : FFED0013;
336B : FF0DFD58;
336C : FD29FCB5;
336D : FBFFFBA1;
336E : FC21FB3E;
336F : FA05F97C;
3370 : F933F931;
3371 : F85BF736;
3372 : F62FF561;
3373 : F5C8F6A6;
3374 : F796F630;
3375 : F6A2F764;
3376 : F66DF4F8;
3377 : F39BF2A6;
3378 : F138F055;
3379 : EFD8EF6B;
337A : F189F36A;
337B : F609F897;
337C : FB3AFD15;
337D : FE60FFE8;
337E : 01C9014B;
337F : 01C5048E;
3380 : 06BF07CB;
3381 : 09800B05;
3382 : 0BFA0CFD;
3383 : 0DE10CE1;
3384 : 0C7C0D3A;
3385 : 0CED0BA6;
3386 : 0ACA0992;
3387 : 097209F1;
3388 : 0B300B99;
3389 : 0C270BF0;
338A : 0C590C63;
338B : 0C100BF7;
338C : 0A750704;
338D : 06C40784;
338E : 07230603;
338F : 052E0445;
3390 : 04F00542;
3391 : 04EE0424;
3392 : 035A00FE;
3393 : FF39FDBD;
3394 : FC11F94C;
3395 : F84FF97D;
3396 : FBD9FCE6;
3397 : FD7AFDDB;
3398 : FF6600CB;
3399 : 01F10345;
339A : 048A04CD;
339B : 04ED04F2;
339C : 042E03CD;
339D : 052C05DE;
339E : 056405B1;
339F : 05EB03AB;
33A0 : 039A01C0;
33A1 : FFDEFED4;
33A2 : FD92FD67;
33A3 : FC2EFA8D;
33A4 : F937F651;
33A5 : F595F6D8;
33A6 : F849F695;
33A7 : F6E9F763;
33A8 : F6BCF787;
33A9 : F76FF5F6;
33AA : F52BF576;
33AB : F663F78D;
33AC : F800F6BD;
33AD : F687F711;
33AE : F606F454;
33AF : F313F282;
33B0 : F2A3F35E;
33B1 : F4F1F402;
33B2 : F277F362;
33B3 : F4E4F561;
33B4 : F7B7FA98;
33B5 : FCA0FD80;
33B6 : FF7F01D7;
33B7 : 038103AF;
33B8 : 04540597;
33B9 : 06C50739;
33BA : 07B70875;
33BB : 0A0709C3;
33BC : 085F086B;
33BD : 086506F5;
33BE : 051400CC;
33BF : FD72FB93;
33C0 : FBC5FB9B;
33C1 : FBE0FBF0;
33C2 : FB56FBA1;
33C3 : FCD6FD34;
33C4 : FCF9FC7B;
33C5 : FB15FA35;
33C6 : FA86F961;
33C7 : F96DF971;
33C8 : F965F985;
33C9 : FACBFB76;
33CA : FAA6F801;
33CB : F5ADF472;
33CC : F3B3F2D4;
33CD : F1C9F017;
33CE : EFFEF0AA;
33CF : F232F2A1;
33D0 : F271F450;
33D1 : F6B3F8A5;
33D2 : FA29FC6C;
33D3 : FE5DFF84;
33D4 : 007301C9;
33D5 : 041706DF;
33D6 : 090E0AF0;
33D7 : 0C9D0DFA;
33D8 : 103D10FF;
33D9 : 10F50FC1;
33DA : 0E170C9D;
33DB : 0BD40C3E;
33DC : 0BBF099D;
33DD : 07C207F9;
33DE : 0A25091E;
33DF : 095A095E;
33E0 : 09330A01;
33E1 : 09D509E5;
33E2 : 08CC07A4;
33E3 : 082409CC;
33E4 : 0A8209FC;
33E5 : 0A6309C0;
33E6 : 0989091E;
33E7 : 07B3077B;
33E8 : 069A03EB;
33E9 : 019CFEAC;
33EA : FCBEFC0B;
33EB : FB7BFB36;
33EC : FC9FFE68;
33ED : FFC00047;
33EE : 00C8014F;
33EF : 00A60105;
33F0 : 03F2049C;
33F1 : 04940629;
33F2 : 07200887;
33F3 : 0A1D0BAB;
33F4 : 0BDC0AD9;
33F5 : 0A820891;
33F6 : 0734066F;
33F7 : 06340415;
33F8 : 017A00B6;
33F9 : FF9FFF5B;
33FA : FF0CFE20;
33FB : FC1DFAD2;
33FC : FB54FA8A;
33FD : F960F895;
33FE : F6E7F61C;
33FF : F60AF725;
3400 : F82AF98D;
3401 : FA57FB2A;
3402 : FC8AFB90;
3403 : FB3DFA97;
3404 : F9FBF8C5;
3405 : F805F7FE;
3406 : F7D2F879;
3407 : F7D1F7F2;
3408 : F985FABD;
3409 : FD63FD80;
340A : FE59FFB8;
340B : 025F04BE;
340C : 0507066D;
340D : 07B808E6;
340E : 0A270C4D;
340F : 0D8B0C65;
3410 : 0D750D90;
3411 : 0DDD0F8D;
3412 : 0F940DB6;
3413 : 0CE10C6E;
3414 : 09A405AB;
3415 : 034601B6;
3416 : FFF1FF39;
3417 : 015600FB;
3418 : FFEA005F;
3419 : 00100031;
341A : FFA6FEAC;
341B : FE34FBC4;
341C : F858F68E;
341D : F75BF960;
341E : F855F776;
341F : F77FF674;
3420 : F5D8F46F;
3421 : F291F094;
3422 : EF85EE67;
3423 : EF89EFE0;
3424 : EF00EEEA;
3425 : EFDFF131;
3426 : F1CBF3ED;
3427 : F5C6F701;
3428 : F8C1F9F1;
3429 : FB95FC2B;
342A : FD8B0059;
342B : 031F0659;
342C : 08FD0B85;
342D : 0D000C98;
342E : 0C0E0AB3;
342F : 09AB08B7;
3430 : 07B00828;
3431 : 084A0784;
3432 : 084309DD;
3433 : 0B350AA3;
3434 : 09D907F1;
3435 : 08470918;
3436 : 082D06E5;
3437 : 06A40741;
3438 : 069E06EA;
3439 : 076605DA;
343A : 054B0444;
343B : 04AE03D2;
343C : 01D000F5;
343D : FED8FD70;
343E : FCBAFB75;
343F : F8DAF696;
3440 : F67CF50D;
3441 : F4EDF527;
3442 : F5E9F6FD;
3443 : F7CAF765;
3444 : F80BFA45;
3445 : FC3BFD67;
3446 : FECA0127;
3447 : 01A201BA;
3448 : 03D4061C;
3449 : 05ED05B9;
344A : 079E0901;
344B : 096107B0;
344C : 069F05EF;
344D : 051503A9;
344E : 0131FFEE;
344F : FD97FA69;
3450 : FA5EFB43;
3451 : FA2FF7F6;
3452 : F822F913;
3453 : F99CF97A;
3454 : F8FEF877;
3455 : F693F49D;
3456 : F3D8F5B7;
3457 : F8A0F9CC;
3458 : F98FF987;
3459 : FBFAFD8C;
345A : FCB2FB7F;
345B : FAC5F9B5;
345C : F78DF83C;
345D : F941F86C;
345E : F90DF960;
345F : FC5EFE37;
3460 : FECE0092;
3461 : 013F01DA;
3462 : 01A801DD;
3463 : 03A1040A;
3464 : 04680619;
3465 : 0A570E0F;
3466 : 0F541036;
3467 : 10AE116C;
3468 : 11181015;
3469 : 0F200D39;
346A : 092305BE;
346B : 06CD071D;
346C : 067504B7;
346D : 03A5048A;
346E : 039C00B9;
346F : FE89FD57;
3470 : FB89FA54;
3471 : F99BF933;
3472 : F98BF975;
3473 : FA79FC65;
3474 : FD1DFC87;
3475 : F950F745;
3476 : F50FF0F5;
3477 : EF8BEF1C;
3478 : EEFFEF4C;
3479 : EED6EFD7;
347A : EF3CEE12;
347B : EEC0EFDA;
347C : F077F0E0;
347D : F269F3BC;
347E : F475F523;
347F : F596F832;
3480 : FA49FA5E;
3481 : FBDE0051;
3482 : 057607DF;
3483 : 094F0B24;
3484 : 0C300D70;
3485 : 0D5E0C14;
3486 : 0B320B0D;
3487 : 0AFC0C2D;
3488 : 0DCF0DB7;
3489 : 0D210BDB;
348A : 0C2A0D72;
348B : 0BEA09E6;
348C : 09AD08E8;
348D : 080507CD;
348E : 07D207E5;
348F : 06EE06A0;
3490 : 06D307EC;
3491 : 08410725;
3492 : 063B0555;
3493 : 031400EF;
3494 : 005C0024;
3495 : FDDBFB61;
3496 : FB33FC00;
3497 : FBAFFC9A;
3498 : FE02FEF7;
3499 : 000E0106;
349A : 009F002B;
349B : 01010231;
349C : 023202F4;
349D : 04EB064D;
349E : 07C309E4;
349F : 0A970B31;
34A0 : 0A4A0980;
34A1 : 098C097B;
34A2 : 096107F8;
34A3 : 081607E5;
34A4 : 056B02DD;
34A5 : 001BFF35;
34A6 : FD0EFC7F;
34A7 : FD5DFD6D;
34A8 : FCC0FD86;
34A9 : FFEDFDA5;
34AA : FAD2FA53;
34AB : F924F7A4;
34AC : F676F849;
34AD : F97CFA5E;
34AE : FB44FB98;
34AF : FD21FD92;
34B0 : FC29FA6A;
34B1 : F8DFF7C0;
34B2 : F6F9F7AD;
34B3 : F84EF7B1;
34B4 : F6E8F887;
34B5 : FB22FC4A;
34B6 : FBF7FB00;
34B7 : FA92FBDE;
34B8 : FDCA0096;
34B9 : 01D0035F;
34BA : 05B50710;
34BB : 08E00BEA;
34BC : 0DE50EE8;
34BD : 0F8810CD;
34BE : 10BB0F75;
34BF : 0CF30B73;
34C0 : 0A5207D0;
34C1 : 056502F3;
34C2 : 0105007C;
34C3 : 006B000F;
34C4 : FE06FD6C;
34C5 : FBC6F9AA;
34C6 : F833F66C;
34C7 : F5E9F67A;
34C8 : F887F9A2;
34C9 : F868F8E5;
34CA : FA12FA38;
34CB : F894F757;
34CC : F669F526;
34CD : F472F4DC;
34CE : F629F4B2;
34CF : F1DDF2EC;
34D0 : F23CF08F;
34D1 : EF55EFD0;
34D2 : F0E0F0DF;
34D3 : F1DFF3F8;
34D4 : F5FFF7C3;
34D5 : F798F800;
34D6 : F97BFC36;
34D7 : FDC300A4;
34D8 : 043106FB;
34D9 : 09C00B2F;
34DA : 0DD8100C;
34DB : 0F6F0FDF;
34DC : 0DD60BB7;
34DD : 0CB20EF7;
34DE : 0EBB0C56;
34DF : 0C820D2E;
34E0 : 0CD60CD0;
34E1 : 0C020AC2;
34E2 : 08D90843;
34E3 : 06E8066C;
34E4 : 06B104E1;
34E5 : 0496061E;
34E6 : 05EC04D6;
34E7 : 04A2057F;
34E8 : 06870804;
34E9 : 07C8061B;
34EA : 032A009E;
34EB : FFF8FE58;
34EC : FD8AFCC7;
34ED : F9BFF9E2;
34EE : FC45FD64;
34EF : FD54FD90;
34F0 : FCF9FBE5;
34F1 : FB35FB58;
34F2 : FC3EFE3D;
34F3 : 0214035B;
34F4 : 023E0673;
34F5 : 093A0991;
34F6 : 0A5E090E;
34F7 : 067E0561;
34F8 : 05A005FE;
34F9 : 05FE065B;
34FA : 05370407;
34FB : 02D002B5;
34FC : 00E2FE4D;
34FD : FD05FA59;
34FE : F7E7F5E7;
34FF : F412F293;
3500 : F093F082;
3501 : F19EF346;
3502 : F3FAF344;
3503 : F3F0F3F3;
3504 : F49EF361;
3505 : F1B4F256;
3506 : F22DF1B8;
3507 : F29AF3E0;
3508 : F51EF6CF;
3509 : F8E1F93D;
350A : FA2EF990;
350B : F890F867;
350C : F75CF7BA;
350D : F85FF9CF;
350E : FC5CFDF0;
350F : FFCC01F5;
3510 : 03FD0628;
3511 : 071A06D8;
3512 : 06650762;
3513 : 08090A72;
3514 : 0C640BFB;
3515 : 0B4E0AB1;
3516 : 09A9092B;
3517 : 08C80721;
3518 : 03100076;
3519 : 007F015B;
351A : FFCDFE61;
351B : FE27FDA1;
351C : FDCAFD1D;
351D : FC4DFC3E;
351E : FA91FA30;
351F : F9B2F8AB;
3520 : F8CAF949;
3521 : F791F4AB;
3522 : F3C9F308;
3523 : F2B6F2B5;
3524 : F393F46A;
3525 : F1F7EF7A;
3526 : EE14EDB1;
3527 : EDD7ED18;
3528 : EDCEF036;
3529 : F2E6F3FD;
352A : F519F783;
352B : F7E8F7A3;
352C : F928FB2E;
352D : FCB3FDF7;
352E : 00E60380;
352F : 058C0933;
3530 : 0C8A0EC0;
3531 : 108F12BC;
3532 : 12FD125B;
3533 : 120F1110;
3534 : 118D12E4;
3535 : 124D109D;
3536 : 0E330C64;
3537 : 0B210B17;
3538 : 0AEF0B14;
3539 : 0BE30B9D;
353A : 0B080A22;
353B : 0A140A6D;
353C : 08A40718;
353D : 06B90628;
353E : 05080576;
353F : 06D005A4;
3540 : 032F01DF;
3541 : 022301C2;
3542 : 00CAFFA0;
3543 : FE0EFC6A;
3544 : FD14FD34;
3545 : FD0CFD61;
3546 : FD03FD2A;
3547 : FE1FFE6B;
3548 : FE59FF2A;
3549 : 0221049D;
354A : 05CB0618;
354B : 07B50881;
354C : 089A0963;
354D : 09C808F6;
354E : 07B0080B;
354F : 094309F9;
3550 : 0B210A4F;
3551 : 0785059F;
3552 : 04CB0335;
3553 : 015F001C;
3554 : FE74FC50;
3555 : FC2EFB4D;
3556 : FA9DFA02;
3557 : F826F6E9;
3558 : F739F838;
3559 : F984F8D0;
355A : F977F9ED;
355B : F8EDF8F9;
355C : FB22FC07;
355D : FCDDFD88;
355E : FC92FB98;
355F : FC72FDC1;
3560 : FDBAFBE1;
3561 : FC5CFB85;
3562 : FAAEFB13;
3563 : FC53FD76;
3564 : FF5D0102;
3565 : 0248040D;
3566 : 06550801;
3567 : 08CA086C;
3568 : 089E094E;
3569 : 0B1B0C32;
356A : 0D9D0EC3;
356B : 0F8E0FE7;
356C : 0F660E57;
356D : 0EC70BA5;
356E : 071305A0;
356F : 0404012D;
3570 : 002C00F3;
3571 : 015300A9;
3572 : FF24FD9D;
3573 : FDF0FD2B;
3574 : FCD3FC13;
3575 : FB3CFADE;
3576 : F7FFF5C1;
3577 : F500F467;
3578 : F4F0F3BA;
3579 : F3B0F394;
357A : F442F689;
357B : F719F52B;
357C : F357F29E;
357D : F237F1E1;
357E : F23FF1E2;
357F : F1E1F1A8;
3580 : F325F3C4;
3581 : F481F53D;
3582 : F5D3F6D7;
3583 : F950FA31;
3584 : FB64FDC6;
3585 : 007000FC;
3586 : 0224029C;
3587 : 02EF0479;
3588 : 06210724;
3589 : 07810822;
358A : 0AC30AF0;
358B : 0B860C92;
358C : 0D2B0AD9;
358D : 0736059C;
358E : 050C05E8;
358F : 0781083D;
3590 : 091B07DA;
3591 : 07AA0811;
3592 : 080306BA;
3593 : 05330354;
3594 : 03B703BD;
3595 : 01DB011C;
3596 : 00E0FF51;
3597 : FF4FFE51;
3598 : FD00FD61;
3599 : FD7AFCE8;
359A : FC27F9A1;
359B : F887F985;
359C : F9F5FADB;
359D : FB0EF940;
359E : F9A9FB67;
359F : FC8BFDAD;
35A0 : 006A010E;
35A1 : FF89FF0F;
35A2 : 015C03D2;
35A3 : 04EC046C;
35A4 : 045B04AE;
35A5 : 03F7032F;
35A6 : 04070429;
35A7 : 017CFF23;
35A8 : FF5DFE37;
35A9 : FD95FE5B;
35AA : FED0FD63;
35AB : FBD2F8F7;
35AC : F819F791;
35AD : F61EF50C;
35AE : F53DF4EB;
35AF : F44DF581;
35B0 : F681F5C7;
35B1 : F67FF74B;
35B2 : F783F909;
35B3 : FA53FAC9;
35B4 : FB96FB33;
35B5 : FAE5FCAE;
35B6 : FD74FC44;
35B7 : FBF1FC44;
35B8 : FB0FFA36;
35B9 : FAFCFBF9;
35BA : FE75012D;
35BB : 0260035C;
35BC : 051B065C;
35BD : 070F0838;
35BE : 09660991;
35BF : 0A590C35;
35C0 : 0CAC0C31;
35C1 : 0C7B0BF0;
35C2 : 0B920B83;
35C3 : 0A930A53;
35C4 : 094A0790;
35C5 : 06950568;
35C6 : 03230068;
35C7 : 00C80108;
35C8 : 0041FFFA;
35C9 : FD3DFCBE;
35CA : FE6FFCE8;
35CB : FD26FD58;
35CC : FACBF8CC;
35CD : F7D4F785;
35CE : F6C8F669;
35CF : F66FF5F5;
35D0 : F589F668;
35D1 : F6AFF648;
35D2 : F666F5E3;
35D3 : F4AEF388;
35D4 : F360F466;
35D5 : F554F3A9;
35D6 : F398F4DE;
35D7 : F3C2F3FD;
35D8 : F47BF551;
35D9 : F7BCF96A;
35DA : FA9FFC5F;
35DB : FD75FE31;
35DC : 0108042A;
35DD : 04930621;
35DE : 08F80B14;
35DF : 0BAD0BAA;
35E0 : 0CE90CF2;
35E1 : 0B8F0A38;
35E2 : 0AB20B4C;
35E3 : 09C309AD;
35E4 : 09110842;
35E5 : 09270945;
35E6 : 0AB20B69;
35E7 : 09BC06F4;
35E8 : 04EF054F;
35E9 : 06490620;
35EA : 05BD0679;
35EB : 06A106B9;
35EC : 074C069E;
35ED : 06080580;
35EE : 03330256;
35EF : 01DF01DC;
35F0 : 028F0270;
35F1 : 015E006C;
35F2 : FFCC01E8;
35F3 : 0320023C;
35F4 : 016601A2;
35F5 : 02EF0366;
35F6 : 038303F8;
35F7 : 03280241;
35F8 : 0167014F;
35F9 : 02660408;
35FA : 058D07BA;
35FB : 0A530B97;
35FC : 0BB40B36;
35FD : 0A7C0A85;
35FE : 094D06DB;
35FF : 061104BD;
3600 : 02CA009B;
3601 : FFFD0053;
3602 : FE2FFCE4;
3603 : FC75FC35;
3604 : FAE5F933;
3605 : F820F703;
3606 : F578F39D;
3607 : F420F5F4;
3608 : F551F698;
3609 : F8A8F9FC;
360A : FA64FB23;
360B : FC52FDD7;
360C : FC86FAF9;
360D : FBD2FC24;
360E : FAF0FA62;
360F : FA8BFBED;
3610 : FD52FE56;
3611 : FF9901EF;
3612 : 0248012E;
3613 : FFDF0023;
3614 : 01500238;
3615 : 039F06F3;
3616 : 08FF08CC;
3617 : 07F208D1;
3618 : 094A08C5;
3619 : 071205C1;
361A : 04C305B2;
361B : 05F70561;
361C : 05D8050A;
361D : 02AE0181;
361E : 0043FFD8;
361F : FEF2FD83;
3620 : FC82FB45;
3621 : F944F98F;
3622 : FA08F97B;
3623 : F7C7F78E;
3624 : F7FAF7C1;
3625 : F6DFF755;
3626 : F652F4FA;
3627 : F48AF4D5;
3628 : F564F61C;
3629 : F6FEF732;
362A : F637F5E7;
362B : F657F5D8;
362C : F4ABF602;
362D : F59CF4C8;
362E : F6FCF940;
362F : FA01FC4C;
3630 : FDF0FE03;
3631 : FE970066;
3632 : 0094013D;
3633 : 02D50578;
3634 : 075708BB;
3635 : 0B890DF4;
3636 : 0E1F0F15;
3637 : 0EC70C26;
3638 : 0AD008D6;
3639 : 07F40A26;
363A : 0A8C08FC;
363B : 0AC40D64;
363C : 0C470BFB;
363D : 0CC50C6F;
363E : 09F70852;
363F : 078705C3;
3640 : 053C0755;
3641 : 083B07CA;
3642 : 07A007C5;
3643 : 07BB06EB;
3644 : 03EE013D;
3645 : FFBD0019;
3646 : FEC0FD8C;
3647 : FFB3FEF3;
3648 : FBF8FB2E;
3649 : FCD9FCD9;
364A : FBDDFE17;
364B : FE73FC63;
364C : FC2BFCD6;
364D : FD56FEE9;
364E : FFFBFF7C;
364F : 016C0181;
3650 : 0023010F;
3651 : 033F0557;
3652 : 06FD0555;
3653 : 041B04AE;
3654 : 0472030F;
3655 : 02220136;
3656 : FFD9FE02;
3657 : FCFFFD2A;
3658 : FDB8FB98;
3659 : F82FF72D;
365A : F768F52F;
365B : F2DDF28A;
365C : F396F380;
365D : F270F277;
365E : F3A3F2CE;
365F : F3DEF54D;
3660 : F513F55D;
3661 : F7A6F863;
3662 : F81AF78A;
3663 : F818F7A3;
3664 : F6B0F7D4;
3665 : F925F8C2;
3666 : F9E4FC9A;
3667 : FE14FD1C;
3668 : FD7CFDBB;
3669 : FD0AFB79;
366A : FC76FE4E;
366B : FE92FF7A;
366C : 03010514;
366D : 050204BA;
366E : 076808C5;
366F : 05DF04B8;
3670 : 061B055E;
3671 : 042103D4;
3672 : 03C9035C;
3673 : 0228008F;
3674 : FFF3FFB8;
3675 : FFFAFFA3;
3676 : FEA2FE90;
3677 : FEEBFDD1;
3678 : FBC0F8F7;
3679 : FA21F9F5;
367A : F750F5B0;
367B : F62DF6D4;
367C : F6C7F6B3;
367D : F97BFA76;
367E : F756F70C;
367F : F8F3F8E0;
3680 : F8A9F915;
3681 : F95BF799;
3682 : F651F762;
3683 : F8BBF74E;
3684 : F696F858;
3685 : F908F71B;
3686 : F7FCFB15;
3687 : FC9FFB63;
3688 : FB97FCFB;
3689 : FE8DFEFA;
368A : 0254052F;
368B : 059E069E;
368C : 07D30AB8;
368D : 0C500B08;
368E : 0AB50CD1;
368F : 0DD70CFD;
3690 : 0CAD0DAE;
3691 : 0EEF0E8A;
3692 : 0D530D14;
3693 : 0CBA0CCB;
3694 : 0CC90C60;
3695 : 0C560AF6;
3696 : 09470A5B;
3697 : 0C350BD5;
3698 : 0AA90975;
3699 : 070D04B3;
369A : 03D702F7;
369B : 00A60089;
369C : 01A8022C;
369D : 0263034E;
369E : 033F014C;
369F : 007C023E;
36A0 : 024401CF;
36A1 : 02E7034C;
36A2 : 04E503E5;
36A3 : 00F700A1;
36A4 : 010B01EE;
36A5 : 02EC028D;
36A6 : 02520392;
36A7 : 053B066C;
36A8 : 08180821;
36A9 : 05EB04B3;
36AA : 03770275;
36AB : 01700052;
36AC : FF89038A;
36AD : 049C030E;
36AE : 04C30534;
36AF : 02BB0120;
36B0 : FFC7FE1A;
36B1 : FBACF9B7;
36B2 : F8B2F888;
36B3 : F991F9DC;
36B4 : F9C1F9EA;
36B5 : FC68FD75;
36B6 : FCB5FC2A;
36B7 : FBD9FD3B;
36B8 : FE71FD1B;
36B9 : FCEEFD5F;
36BA : FD83FE66;
36BB : FEB5FF20;
36BC : 00720198;
36BD : 00F901EA;
36BE : 020601CE;
36BF : 0326044F;
36C0 : 05730663;
36C1 : 06550658;
36C2 : 08A809A1;
36C3 : 078F0837;
36C4 : 07FA05F3;
36C5 : 06B30946;
36C6 : 095909E4;
36C7 : 0A8609A6;
36C8 : 086B0801;
36C9 : 057D0322;
36CA : FF94FE31;
36CB : FE00FE5D;
36CC : FEC6FE84;
36CD : FF260024;
36CE : FE39FCC7;
36CF : FC41FB9E;
36D0 : FC4AFA4C;
36D1 : F89DF8D6;
36D2 : F7D3F5CE;
36D3 : F61EF5C2;
36D4 : F3EBF357;
36D5 : F3B1F506;
36D6 : F5EDF831;
36D7 : F8BDF898;
36D8 : F87CF5D4;
36D9 : F525F56B;
36DA : F2FEF30F;
36DB : F28DF17E;
36DC : F2E7F48E;
36DD : F5C6F7D9;
36DE : FA5AFBF1;
36DF : FC4AFBB7;
36E0 : FCEAFE47;
36E1 : FF230020;
36E2 : 004C03FD;
36E3 : 0817091B;
36E4 : 09A90A86;
36E5 : 095409C3;
36E6 : 090A0939;
36E7 : 09660841;
36E8 : 074A0769;
36E9 : 068B0668;
36EA : 05F204C9;
36EB : 04E90558;
36EC : 0454042B;
36ED : 04ED058C;
36EE : 03E903B9;
36EF : 03DF020F;
36F0 : 01C10196;
36F1 : 00E101F7;
36F2 : 0196FF49;
36F3 : FE9AFF21;
36F4 : FEF9FEFC;
36F5 : FD11FC3A;
36F6 : FE48FEC0;
36F7 : FE72FE0B;
36F8 : FD64FDAD;
36F9 : FCECFB44;
36FA : FBD1FD96;
36FB : FECBFFDA;
36FC : FF29FF0A;
36FD : FE83FED9;
36FE : 00190082;
36FF : FF0EFF2F;
3700 : FEB6FEDF;
3701 : 00F20256;
3702 : 02F801FD;
3703 : 00FE029E;
3704 : 01E60042;
3705 : FF8FFED1;
3706 : FC7CFAFC;
3707 : F9E8F97D;
3708 : F922F77E;
3709 : F5B4F45C;
370A : F310F28B;
370B : F12DF1BA;
370C : F378F53D;
370D : F627F656;
370E : F647F70D;
370F : F954FA87;
3710 : FA8DFA15;
3711 : FC1AFCDB;
3712 : FD50FFCB;
3713 : FFB6FF90;
3714 : FFEF0054;
3715 : 010101C7;
3716 : 01C90263;
3717 : 0105010D;
3718 : 03EF058C;
3719 : 060708BC;
371A : 091C07E6;
371B : 07BD0725;
371C : 068F066D;
371D : 03FC01D9;
371E : 02E10319;
371F : 038203C6;
3720 : 05360659;
3721 : 06C307EA;
3722 : 07E8061D;
3723 : 02D300D1;
3724 : FF35FCF9;
3725 : FB75FBFC;
3726 : FCD0FD0D;
3727 : FDE5FE29;
3728 : FDEDFD1D;
3729 : FC1DFA2C;
372A : F7AEF5B3;
372B : F4DAF388;
372C : F3B4F455;
372D : F5C7F74F;
372E : F9C7FBA7;
372F : FC63FB2F;
3730 : FA33FA79;
3731 : F9CEF822;
3732 : F6B8F735;
3733 : F83EF86F;
3734 : F8CBF9C4;
3735 : FB74FADF;
3736 : FB8CFDFC;
3737 : 001702AC;
3738 : 04390461;
3739 : 06500791;
373A : 06E906B8;
373B : 07E406CF;
373C : 06440818;
373D : 09EE0BF7;
373E : 0D370D58;
373F : 0D190D19;
3740 : 0E650EEE;
3741 : 0C3F09D3;
3742 : 0905080E;
3743 : 09570A45;
3744 : 09FF0945;
3745 : 078805B7;
3746 : 04560395;
3747 : 03470123;
3748 : 00A900F0;
3749 : FFDFFEE5;
374A : FFB000AA;
374B : 0003FFB4;
374C : 011900B4;
374D : FFB6FF41;
374E : FF75FFB7;
374F : 00CB0070;
3750 : FFD60142;
3751 : 0244032D;
3752 : 04360398;
3753 : 0474045D;
3754 : 037A0300;
3755 : 02C00456;
3756 : 056E0616;
3757 : 07B2080C;
3758 : 07A10748;
3759 : 070804DF;
375A : 031601A8;
375B : 0103023E;
375C : 01EAFFB5;
375D : FE8BFCCD;
375E : FC89FBC7;
375F : FA55FA54;
3760 : FA36F8A2;
3761 : F845F9E6;
3762 : FA2FF91F;
3763 : F8DFF8F5;
3764 : F9F3FB13;
3765 : FB0EFA34;
3766 : FB18FB8E;
3767 : FC09FDF7;
3768 : FF8D0138;
3769 : 02260056;
376A : FF2DFEC8;
376B : FE99FE0E;
376C : FE02FE8A;
376D : FEE00033;
376E : 01F302D6;
376F : 03560402;
3770 : 04260332;
3771 : 01F600FB;
3772 : 007601E7;
3773 : 0344033D;
3774 : 036E0395;
3775 : 0445046C;
3776 : 04A7045A;
3777 : 02F9024D;
3778 : 02AC02EF;
3779 : 038703B2;
377A : 0366020B;
377B : FFF5FEEA;
377C : FE09FD8B;
377D : FE1FFD16;
377E : FA4DF8A7;
377F : F8B6F87C;
3780 : F79AF7AE;
3781 : F7D8F826;
3782 : F8DAF94C;
3783 : F9B9F9BB;
3784 : F978F933;
3785 : F98EFA84;
3786 : FABEFA9A;
3787 : FBA9FC31;
3788 : FBBDFB95;
3789 : FB67FBC4;
378A : FA9AF9A0;
378B : F9CFFA02;
378C : F9BFF9AA;
378D : FAF3FCFA;
378E : FE26FFF0;
378F : 0119023F;
3790 : 04040541;
3791 : 070A0981;
3792 : 0A320B2D;
3793 : 0C560D03;
3794 : 0DB00E1A;
3795 : 0D7C0C32;
3796 : 0B050B98;
3797 : 0D300DFA;
3798 : 0D160C1E;
3799 : 0A8209E7;
379A : 09AF0892;
379B : 06C2041A;
379C : 00C8FF25;
379D : FFB20118;
379E : 03A1051C;
379F : 03A1029B;
37A0 : 02080172;
37A1 : 00D30051;
37A2 : 000DFF86;
37A3 : FEEC0069;
37A4 : 017700C5;
37A5 : 00E30170;
37A6 : 017701F7;
37A7 : 01EF0156;
37A8 : 027C0362;
37A9 : 0075FDBA;
37AA : FD11FC70;
37AB : FAC9FC3E;
37AC : FF97FF8F;
37AD : FD42FDC3;
37AE : FF02FEFB;
37AF : FF4300AC;
37B0 : 0127012D;
37B1 : 0147013B;
37B2 : 00E90062;
37B3 : FDB7FCD5;
37B4 : FC96FB2A;
37B5 : F972F8AF;
37B6 : F7B0F5B2;
37B7 : F34CF393;
37B8 : F43CF4BA;
37B9 : F5B5F529;
37BA : F1FBF0B1;
37BB : F1C1F2C9;
37BC : F2F2F334;
37BD : F407F60F;
37BE : F7DAF9C6;
37BF : FC4DFE6D;
37C0 : FD0AFA22;
37C1 : F92FFB1C;
37C2 : FB47FBC3;
37C3 : FECE00F6;
37C4 : 00B1008B;
37C5 : 0141018E;
37C6 : 0192FF96;
37C7 : FD2EFD95;
37C8 : FE49FE08;
37C9 : FCC7FF69;
37CA : 01BC00A7;
37CB : FFE1FFBF;
37CC : FE77FE22;
37CD : FF5C011F;
37CE : 00EB00D5;
37CF : 01570118;
37D0 : 015E01E3;
37D1 : FFB9FD6D;
37D2 : FBAFFB9A;
37D3 : FBF7FC88;
37D4 : FCCAFD03;
37D5 : FB73F963;
37D6 : F7DEF824;
37D7 : F937F867;
37D8 : F72CF7D2;
37D9 : F802F9B1;
37DA : FA9BFA57;
37DB : FA5CFA22;
37DC : F9E8FAED;
37DD : FC4BFC9D;
37DE : FC64FB60;
37DF : F98EFA6E;
37E0 : FB87FBB9;
37E1 : FD56FE2D;
37E2 : FDC3FF75;
37E3 : 002F00CF;
37E4 : 023801F6;
37E5 : 0112010A;
37E6 : 023503B0;
37E7 : 052006CE;
37E8 : 083C0A5F;
37E9 : 0C0A0D86;
37EA : 0D380CCF;
37EB : 0DB70D3C;
37EC : 0A910A1F;
37ED : 0B740C60;
37EE : 0D2C0E06;
37EF : 0D4309F5;
37F0 : 0647055B;
37F1 : 04FF04CC;
37F2 : 02FE01C7;
37F3 : 01EC0342;
37F4 : 032102F5;
37F5 : 037B01DC;
37F6 : FF2BFD16;
37F7 : FD9300E9;
37F8 : 01CE02C9;
37F9 : 03BA04A4;
37FA : 06A0085B;
37FB : 06FB04C5;
37FC : 018EFF7C;
37FD : 00480001;
37FE : 0121043E;
37FF : 052D05A7;
3800 : 06D00738;
3801 : 04870343;
3802 : 03A40337;
3803 : 02C90373;
3804 : 04AE066B;
3805 : 07A807D4;
3806 : 07830776;
3807 : 05B403D3;
3808 : 039401D9;
3809 : 00C60159;
380A : 0067FF1B;
380B : FE7FFFE3;
380C : FF94FC97;
380D : F95FF808;
380E : F714F62B;
380F : F5DFF5C0;
3810 : F654F691;
3811 : F6AEF8E3;
3812 : F939F8B5;
3813 : F986FA56;
3814 : FBD2FC80;
3815 : FCF3FF68;
3816 : 009F026C;
3817 : 035602F8;
3818 : 03C1058A;
3819 : 05AF0496;
381A : 04A104DB;
381B : 03A60220;
381C : 01F8033F;
381D : 03240246;
381E : 027402B8;
381F : 02DC037F;
3820 : 039D0382;
3821 : 038F03F3;
3822 : 053B0649;
3823 : 067607BA;
3824 : 085E08B6;
3825 : 07AD05BE;
3826 : 05C8053E;
3827 : 045B03BE;
3828 : 03F1036A;
3829 : 03600331;
382A : 0121FFBB;
382B : FC42F912;
382C : F8A2F84E;
382D : F6F1F808;
382E : FA2EF944;
382F : F8E8F923;
3830 : F96CF9A7;
3831 : F744F503;
3832 : F5FBF822;
3833 : F99EF990;
3834 : F982F988;
3835 : F8A0FA28;
3836 : FB25FB80;
3837 : FC1AFBF1;
3838 : FB70FA74;
3839 : F9ACFA49;
383A : FD50FE5A;
383B : FE6D0137;
383C : 02F803AC;
383D : 041B0406;
383E : 05050676;
383F : 078107E3;
3840 : 07AD078E;
3841 : 071707CA;
3842 : 0739061A;
3843 : 08AC0A7F;
3844 : 09EA08EC;
3845 : 099609C4;
3846 : 07B8049F;
3847 : 01F0010B;
3848 : 0085FEC2;
3849 : FDCAFDB8;
384A : FC6BFB40;
384B : FD43FD66;
384C : FB28FA35;
384D : F9AFFA13;
384E : FB8FFBA1;
384F : FCD7FDB1;
3850 : FC09FBE8;
3851 : FD72FCD2;
3852 : FC95FB98;
3853 : FB66FD5B;
3854 : FF62000E;
3855 : FECDFCB2;
3856 : FD74FF14;
3857 : FDA4FC6B;
3858 : FCEFFD16;
3859 : FD1BFCA5;
385A : FF570105;
385B : FF62FE91;
385C : 008C02A8;
385D : 01FDFF0A;
385E : FF1A004A;
385F : FEBBFF28;
3860 : 00F0FF8B;
3861 : FE5EFDF1;
3862 : FDC5FD58;
3863 : FC38F9A0;
3864 : F753F575;
3865 : F48EF5F2;
3866 : F7DCF76B;
3867 : F605F5BD;
3868 : F763F778;
3869 : F73FF795;
386A : F7AFF80D;
386B : F89BF90B;
386C : F9DAFB01;
386D : FC4AFC81;
386E : FE0CFFDC;
386F : 00790142;
3870 : 0185005E;
3871 : FF7DFDA9;
3872 : FDFBFEFE;
3873 : 00770151;
3874 : 00FD01E6;
3875 : 024D02FD;
3876 : 03B00251;
3877 : 027802C4;
3878 : 02C60446;
3879 : 060C05C0;
387A : 05550592;
387B : 062105AF;
387C : 056F0548;
387D : 0716084C;
387E : 07450699;
387F : 058403AA;
3880 : 0270018F;
3881 : 00D2FFA3;
3882 : FD8FFACA;
3883 : FB60FC8C;
3884 : FD4CFE9F;
3885 : FE41FBE2;
3886 : FC1EFD56;
3887 : FC8BFA78;
3888 : F9D4F988;
3889 : F93BFA39;
388A : FC4AFDA9;
388B : FD89FCB7;
388C : FCECFC6F;
388D : FC83FC2C;
388E : FBABFA90;
388F : F946F98B;
3890 : FD0CFED6;
3891 : FD3FFCEE;
3892 : FEAFFEE3;
3893 : FE41FEB5;
3894 : 011F014F;
3895 : 017304BC;
3896 : 072E06F1;
3897 : 06D20834;
3898 : 0ABE0A3A;
3899 : 092709E3;
389A : 0AAE08B2;
389B : 06B806DD;
389C : 075506FD;
389D : 068B0599;
389E : 04C10385;
389F : 027A026F;
38A0 : 0179FEFC;
38A1 : FFE601FC;
38A2 : 0156FF5B;
38A3 : FED0FF7E;
38A4 : 0073FFBF;
38A5 : 00EB04B5;
38A6 : 051D02D7;
38A7 : 01F10268;
38A8 : 048605DB;
38A9 : 04BE031A;
38AA : 03360381;
38AB : 02AD0230;
38AC : 036A02D2;
38AD : 021602BF;
38AE : 03A4053C;
38AF : 062B0687;
38B0 : 056D03E1;
38B1 : 03760252;
38B2 : 01E302CA;
38B3 : 029C0140;
38B4 : 025D03FF;
38B5 : 03CE02AD;
38B6 : 013000DC;
38B7 : 01980136;
38B8 : FF77FE9C;
38B9 : FEDCFED6;
38BA : FCC9FA46;
38BB : F9EDF8F6;
38BC : F6F5F67A;
38BD : F64EF769;
38BE : FA35F863;
38BF : F679F877;
38C0 : FAC9FDA6;
38C1 : FE61FE38;
38C2 : FED5FFDB;
38C3 : 0308044C;
38C4 : 029504BA;
38C5 : 07D10645;
38C6 : 057D0753;
38C7 : 07CF05E4;
38C8 : 0485058D;
38C9 : 0779077B;
38CA : 05C803AB;
38CB : 020A028E;
38CC : 023E003D;
38CD : 009201D7;
38CE : 00C7FEEC;
38CF : FEFD00DA;
38D0 : 020801D7;
38D1 : 02110373;
38D2 : 04500235;
38D3 : 010E0299;
38D4 : 0189FF02;
38D5 : FC86F9C7;
38D6 : FAC4FCC5;
38D7 : FC88FDAE;
38D8 : FD72FBA1;
38D9 : FB2CFA9C;
38DA : FA24F9FF;
38DB : F8DAF6BE;
38DC : F2B6F1E1;
38DD : F662F822;
38DE : F80EF9EF;
38DF : FBADFC96;
38E0 : FB87FA84;
38E1 : FB8BFBFC;
38E2 : FB5BFC76;
38E3 : FDC7FF42;
38E4 : 00D0017B;
38E5 : 01840031;
38E6 : 00820142;
38E7 : FF51FF34;
38E8 : 015302A3;
38E9 : 03C9051D;
38EA : 068C0819;
38EB : 083107F3;
38EC : 07AB0739;
38ED : 0693071D;
38EE : 087F096A;
38EF : 0A600C0D;
38F0 : 0CE00C6D;
38F1 : 0BB90B84;
38F2 : 08E205D3;
38F3 : 0477023F;
38F4 : 0010FF53;
38F5 : 00250177;
38F6 : FF0BFC99;
38F7 : FD52FE7D;
38F8 : FEE5FEDA;
38F9 : FE21FE9E;
38FA : FE88FEFE;
38FB : FF31FFD6;
38FC : 01860177;
38FD : 002CFF1D;
38FE : 0094053E;
38FF : 065904CF;
3900 : 042503BA;
3901 : 03210446;
3902 : 05770589;
3903 : 04080308;
3904 : 01910297;
3905 : 054B061A;
3906 : 03D102C8;
3907 : 02C0FF89;
3908 : FF2B0190;
3909 : 01FF01A9;
390A : FFD3FF28;
390B : FF08FDA5;
390C : FBC2FC39;
390D : FBD0FB08;
390E : FA25F7EE;
390F : F83AF994;
3910 : F738F3D0;
3911 : F09DEEC8;
3912 : EDB5EB97;
3913 : EBF7EDF4;
3914 : EEA5EF4B;
3915 : EEADEF94;
3916 : F123F36A;
3917 : F3EFF406;
3918 : F480F659;
3919 : F925F976;
391A : F9A0FC1E;
391B : FD6AFE30;
391C : FFDB024B;
391D : 0123FE6E;
391E : FE04FE5F;
391F : FF3FFFE6;
3920 : FFD600D1;
3921 : 001EFF4F;
3922 : FE53FE8C;
3923 : 001F027D;
3924 : 019E0026;
3925 : 01E20149;
3926 : 002301B3;
3927 : 03E2053D;
3928 : 034B02AD;
3929 : 04FF0688;
392A : 07070602;
392B : 019B00A4;
392C : 0059FE03;
392D : FB65FAE0;
392E : FBC3FB40;
392F : FA38FA8F;
3930 : FB97FB91;
3931 : FB14F9F1;
3932 : F7A6F668;
3933 : F53CF6B7;
3934 : FB2DFD54;
3935 : FC5EFD9D;
3936 : FFB30086;
3937 : 001D01C4;
3938 : 02A7FFB2;
3939 : FEBFFFCE;
393A : FFDB0082;
393B : 00B8012E;
393C : 0107FEBD;
393D : FDDD0045;
393E : 01B60357;
393F : 040604AB;
3940 : 05FE067B;
3941 : 06AF0932;
3942 : 09CE083E;
3943 : 05EA0538;
3944 : 07BF0A5D;
3945 : 0C440E82;
3946 : 0E780E2A;
3947 : 0ED20EC4;
3948 : 0E220C83;
3949 : 08C40573;
394A : 025F014F;
394B : 016001C2;
394C : 0288006E;
394D : FCD1FD1C;
394E : FEC7FF16;
394F : FF63FF8D;
3950 : FF0AFD63;
3951 : FAD8FA45;
3952 : FCA2FF46;
3953 : FF87FE38;
3954 : FE780088;
3955 : 0016014E;
3956 : 03A302B4;
3957 : 009BFFBD;
3958 : 00B602DF;
3959 : 033E01E9;
395A : 016100BF;
395B : 012E0397;
395C : 04190441;
395D : 033F00F0;
395E : 00700239;
395F : 0421041A;
3960 : 035304BE;
3961 : 05100366;
3962 : 02E3031C;
3963 : 03D90345;
3964 : 008C0070;
3965 : 00EC00BC;
3966 : 000EFE4C;
3967 : FD0FFB9E;
3968 : F9BCF896;
3969 : F8E1F9D1;
396A : F9DCFA3F;
396B : F96BF8D6;
396C : FA21FD7F;
396D : FF48FEBC;
396E : FF9C0012;
396F : 003203C0;
3970 : 06E307E5;
3971 : 087306D1;
3972 : 0605077A;
3973 : 07D10836;
3974 : 08A4074D;
3975 : 05BA05CF;
3976 : 05600555;
3977 : 06F50638;
3978 : 03710137;
3979 : 007A02B2;
397A : 04F304CB;
397B : 0463054A;
397C : 04580304;
397D : 04490560;
397E : 04540336;
397F : 0336048A;
3980 : 06040731;
3981 : 08950838;
3982 : 056203A0;
3983 : 00DAFF2F;
3984 : FF96FED3;
3985 : FDDAFE02;
3986 : FE1FFF0F;
3987 : 002100A5;
3988 : 0080FE88;
3989 : FCBFFCA4;
398A : FC30FC97;
398B : FCEEFD29;
398C : FDC8FE1A;
398D : FDE4FE3D;
398E : FED0FD3F;
398F : FBB9FB57;
3990 : FB10FB8E;
3991 : FC13FC43;
3992 : FC09FA4F;
3993 : F7EAF7C5;
3994 : F906F95E;
3995 : FAF0FD23;
3996 : FCCDFD0B;
3997 : FE02FF9F;
3998 : 01C801DA;
3999 : 001A0033;
399A : 02C904C9;
399B : 06300870;
399C : 08D307CF;
399D : 075F066F;
399E : 059E057C;
399F : 04DA0287;
39A0 : FF0EFBBA;
39A1 : FA19FAC9;
39A2 : FBAAFB9A;
39A3 : FA08F7C3;
39A4 : F749F9E3;
39A5 : FC02FD5D;
39A6 : FEEBFDAF;
39A7 : FC49FDED;
39A8 : 001C01B1;
39A9 : 018700F2;
39AA : 01B20292;
39AB : 01E4020A;
39AC : 0429050A;
39AD : 048C03B1;
39AE : 014BFFB0;
39AF : FF61FF07;
39B0 : FF1AFE94;
39B1 : FDA7FE04;
39B2 : FEAFFF43;
39B3 : 0022FF32;
39B4 : FDB9FE0B;
39B5 : FD13FBD1;
39B6 : FCFAFD15;
39B7 : FDADFE07;
39B8 : FBA0F9D7;
39B9 : FA68FB84;
39BA : FC0FFA8A;
39BB : F8B3F890;
39BC : F8D0F8D6;
39BD : F862F687;
39BE : F340F050;
39BF : F116F3EE;
39C0 : F58EF66E;
39C1 : F671F649;
39C2 : F622F721;
39C3 : F810F890;
39C4 : F9A4FAC3;
39C5 : FCD0FF5E;
39C6 : 01C50431;
39C7 : 05DF06AB;
39C8 : 06E205B6;
39C9 : 04BF04D2;
39CA : 053704D2;
39CB : 03B5025D;
39CC : 012500B4;
39CD : 01AD01A0;
39CE : 00370067;
39CF : 0178008A;
39D0 : FFFD00B5;
39D1 : 012D0289;
39D2 : 025DFFA7;
39D3 : FE1CFE1B;
39D4 : FE59FF93;
39D5 : 019B0172;
39D6 : 01F40372;
39D7 : 044C04C2;
39D8 : 03F801C9;
39D9 : FF25FCE7;
39DA : FCE3FDC3;
39DB : FD2CFC7A;
39DC : FCF7FB65;
39DD : FB6EFD36;
39DE : FCD3FBE5;
39DF : FA9DF934;
39E0 : F996FAE2;
39E1 : FCE8FD6A;
39E2 : FD16FDD0;
39E3 : FD73FC69;
39E4 : FDF4FFD7;
39E5 : 00430063;
39E6 : 00DF0101;
39E7 : 011A0061;
39E8 : FF5AFEE6;
39E9 : FCE7FB19;
39EA : FB20FBE2;
39EB : FD11FDA8;
39EC : FE8CFFEC;
39ED : 003AFFBA;
39EE : 006D0278;
39EF : 04B405E7;
39F0 : 066B06BC;
39F1 : 073807B3;
39F2 : 09C30AD8;
39F3 : 09B107A8;
39F4 : 06100622;
39F5 : 08A909BD;
39F6 : 076B03C0;
39F7 : 022B0102;
39F8 : FF59FF55;
39F9 : 001D001C;
39FA : FF6CFE67;
39FB : FF5E01A2;
39FC : 01EE01D1;
39FD : 024F00FD;
39FE : 004F0147;
39FF : 03D1064C;
3A00 : 073007A1;
3A01 : 085C0920;
3A02 : 090308DE;
3A03 : 0A48099A;
3A04 : 06FF0459;
3A05 : 02F0032C;
3A06 : 045A0539;
3A07 : 05FE05B0;
3A08 : 052A06B0;
3A09 : 07BE077C;
3A0A : 0720068C;
3A0B : 058A02DC;
3A0C : 014E017E;
3A0D : 02D603CF;
3A0E : 032101D7;
3A0F : 00A300D4;
3A10 : 02490218;
3A11 : FEDEFB7B;
3A12 : FAD0F9F8;
3A13 : F90AF84F;
3A14 : F6AEF4B6;
3A15 : F362F316;
3A16 : F469F59F;
3A17 : F606F76B;
3A18 : F911F76B;
3A19 : F669F944;
3A1A : FBA3FBF3;
3A1B : FC6FFB39;
3A1C : FB87FE3C;
3A1D : 021E04FC;
3A1E : 063706B2;
3A1F : 069A0788;
3A20 : 08B7089D;
3A21 : 06F1040D;
3A22 : 03770251;
3A23 : FFA0FE74;
3A24 : FE8CFEE8;
3A25 : FF7C00BD;
3A26 : 012A001F;
3A27 : 00360223;
3A28 : 030F019A;
3A29 : 0070FF5A;
3A2A : FFA601C4;
3A2B : 04290696;
3A2C : 074F0521;
3A2D : 05A40691;
3A2E : 0462042F;
3A2F : 04110028;
3A30 : FD63FDEF;
3A31 : FEF9FFF7;
3A32 : 01CB00CC;
3A33 : FE2BFCD5;
3A34 : FBB4FC27;
3A35 : FD9FFC79;
3A36 : FAB0FAE4;
3A37 : FBF7FE5B;
3A38 : 00EE0029;
3A39 : FF0AFDFD;
3A3A : FDFFFF8D;
3A3B : 0066FFE6;
3A3C : FF20FEC6;
3A3D : FF87FF50;
3A3E : FCA7FA39;
3A3F : FA13FA71;
3A40 : FA9DFA02;
3A41 : FADAFC4F;
3A42 : FD2B004D;
3A43 : 03C802D1;
3A44 : 01FF027F;
3A45 : 00C401CB;
3A46 : 049A03E2;
3A47 : 055D0723;
3A48 : 07A60A38;
3A49 : 0D820F75;
3A4A : 0EF70C88;
3A4B : 0AB10A2F;
3A4C : 099E089C;
3A4D : 06B40292;
3A4E : FF3AFDFE;
3A4F : FD79FDF8;
3A50 : FF0CFE48;
3A51 : FCD9FD71;
3A52 : FE1BFE76;
3A53 : FFE9FEDC;
3A54 : FB9CFA70;
3A55 : FC13FCC6;
3A56 : FF6902B7;
3A57 : 03EE0509;
3A58 : 064006D0;
3A59 : 06B406B0;
3A5A : 074F0557;
3A5B : 02A70132;
3A5C : 0073FF3B;
3A5D : FF99008A;
3A5E : 0052FF02;
3A5F : FDE1FF92;
3A60 : 012D0027;
3A61 : FF33FE47;
3A62 : FD4AFBF5;
3A63 : FBC0FA36;
3A64 : F9D3FA70;
3A65 : F9EAF9FA;
3A66 : FA45FB69;
3A67 : FC4AFCB2;
3A68 : FCA2FA73;
3A69 : F8DEF6F9;
3A6A : F6C8F6D3;
3A6B : F638F4D9;
3A6C : F295F44F;
3A6D : F585F521;
3A6E : F76EF8CA;
3A6F : F7C3F5A2;
3A70 : F692F793;
3A71 : F8A7FAAC;
3A72 : FB11FA26;
3A73 : F9E7FB8E;
3A74 : FDD0FDCF;
3A75 : FCDAF9D2;
3A76 : F871F9C7;
3A77 : FB36FC2A;
3A78 : FD18FBC1;
3A79 : F9A6F8F2;
3A7A : F85CF780;
3A7B : F867F7F6;
3A7C : F81BF96D;
3A7D : F916F94A;
3A7E : FAF8FBC1;
3A7F : FC23FB46;
3A80 : FA05F9D4;
3A81 : FDAC01B8;
3A82 : 03B2045C;
3A83 : 04200341;
3A84 : 023D01E4;
3A85 : 028100CF;
3A86 : FEFEFDC2;
3A87 : FE5AFFA4;
3A88 : 00C80218;
3A89 : 02D101D1;
3A8A : 00F80115;
3A8B : 01660005;
3A8C : 0008FFCE;
3A8D : FE74FCD1;
3A8E : FB3CFC0E;
3A8F : FE3CFF54;
3A90 : 017801EA;
3A91 : 01740264;
3A92 : 034801D2;
3A93 : 00FEFF44;
3A94 : FC88FB2D;
3A95 : FA42FA3B;
3A96 : FB80FCA9;
3A97 : FD76FDE4;
3A98 : FD79FBBC;
3A99 : FDE700D6;
3A9A : 027A01BE;
3A9B : 0092023C;
3A9C : 045204E9;
3A9D : 047C0309;
3A9E : 01B8000E;
3A9F : 00F50375;
3AA0 : 06650724;
3AA1 : 07E10982;
3AA2 : 0C0E0B47;
3AA3 : 08DE07EF;
3AA4 : 061104FD;
3AA5 : 03F00165;
3AA6 : 00DBFFAD;
3AA7 : FFE00123;
3AA8 : 00B30032;
3AA9 : 015F0355;
3AAA : 03E10317;
3AAB : 03AB05A2;
3AAC : 069E0711;
3AAD : 08A80753;
3AAE : 03AF03DD;
3AAF : 056504E6;
3AB0 : 04B90254;
3AB1 : 017E0290;
3AB2 : 02860229;
3AB3 : 014A01D7;
3AB4 : 032501D8;
3AB5 : 016801DC;
3AB6 : 00B3FF7C;
3AB7 : 0294047B;
3AB8 : 02760205;
3AB9 : 0331035F;
3ABA : 026601EA;
3ABB : 024F02B2;
3ABC : 02AC0265;
3ABD : 032004A2;
3ABE : 03E40336;
3ABF : 027CFEC5;
3AC0 : FE1A0015;
3AC1 : 0124008D;
3AC2 : 00740057;
3AC3 : FF30FF87;
3AC4 : 00E102AE;
3AC5 : 027A0133;
3AC6 : 003D0084;
3AC7 : 039A044F;
3AC8 : 049304E0;
3AC9 : 03E30486;
3ACA : 04A9054A;
3ACB : 054F0312;
3ACC : 02570632;
3ACD : 084F05DA;
3ACE : 059C057C;
3ACF : 051504ED;
3AD0 : 043203A5;
3AD1 : 04420370;
3AD2 : 0138016B;
3AD3 : 024E02C8;
3AD4 : 021300C6;
3AD5 : FFA70008;
3AD6 : 019E0150;
3AD7 : 005B00F5;
3AD8 : 006902A7;
3AD9 : 04520353;
3ADA : 02A301FB;
3ADB : 01040255;
3ADC : 036B03F5;
3ADD : 04990268;
3ADE : 00B90111;
3ADF : 00E3012C;
3AE0 : 016FFF1F;
3AE1 : FD87FF8F;
3AE2 : 00E801AA;
3AE3 : FFDDFDE2;
3AE4 : FDE2FDF5;
3AE5 : FF67FEE4;
3AE6 : FD5EFDCD;
3AE7 : FDB2FF13;
3AE8 : 01320132;
3AE9 : FD99FB74;
3AEA : FA6CF9CE;
3AEB : F9A3F9E7;
3AEC : FB87FCB4;
3AED : FC85FD6F;
3AEE : FDB4FE53;
3AEF : FE9CFCFF;
3AF0 : FBF3FD92;
3AF1 : FDEAFE2D;
3AF2 : FFD101D5;
3AF3 : 023B0295;
3AF4 : 02E102B1;
3AF5 : 01AF0050;
3AF6 : FEDAFEA6;
3AF7 : 00CE02C8;
3AF8 : 01DD000F;
3AF9 : 0060017C;
3AFA : 01410295;
3AFB : 02ADFE33;
3AFC : FBD9FE25;
3AFD : FE5BFDBC;
3AFE : FE50FDF0;
3AFF : FC41FBB4;
3B00 : FC27FCBF;
3B01 : FB90FAD0;
3B02 : FB56FBFA;
3B03 : FD45FE5C;
3B04 : FDF3FFF8;
3B05 : FF94FC42;
3B06 : FBA6FC97;
3B07 : FB25FA26;
3B08 : F9DEFAED;
3B09 : FCC7FDF9;
3B0A : FE47FDED;
3B0B : FD7FFE6F;
3B0C : 0011FF4D;
3B0D : FDB8FEC6;
3B0E : FF94FE80;
3B0F : FE3DFF8E;
3B10 : FCF3F94E;
3B11 : F9DBFB50;
3B12 : F99CF9DC;
3B13 : FBA4FBA0;
3B14 : FC41FD24;
3B15 : FAF3F916;
3B16 : F8F6F8D7;
3B17 : F780F84A;
3B18 : FA42F9B5;
3B19 : FAA1FB79;
3B1A : F9D2FA4E;
3B1B : FC19FCFD;
3B1C : FBD6FBA9;
3B1D : FC8CFC3D;
3B1E : FCD3FE6D;
3B1F : FF19FF26;
3B20 : FE4AFD76;
3B21 : FC90FDBD;
3B22 : FED4FE86;
3B23 : FDDAFEE4;
3B24 : FFECFF22;
3B25 : FE78FE77;
3B26 : FE0CFD1A;
3B27 : FDBDFE84;
3B28 : FFFE0117;
3B29 : 01B100CD;
3B2A : FF62FEE8;
3B2B : FED7FE8D;
3B2C : FE62003A;
3B2D : 01E502EC;
3B2E : 03E10561;
3B2F : 06D2070B;
3B30 : 05860246;
3B31 : FFA70017;
3B32 : 00F701F0;
3B33 : 038304B1;
3B34 : 043B0300;
3B35 : 01860024;
3B36 : FFAAFF78;
3B37 : FE01FBF1;
3B38 : FAC3FAD2;
3B39 : FC9FFEDF;
3B3A : FFE6FF26;
3B3B : FE13FEAE;
3B3C : FD0AFCFE;
3B3D : 005B0133;
3B3E : FFD6FE70;
3B3F : FEC5FE4C;
3B40 : FB81FA65;
3B41 : F9F0FA72;
3B42 : FA7EFCA7;
3B43 : FF80FF21;
3B44 : 00B40131;
3B45 : 00430101;
3B46 : 0019FF30;
3B47 : 019202E7;
3B48 : 010300F1;
3B49 : 021C0204;
3B4A : 03690577;
3B4B : 05210597;
3B4C : 062704E6;
3B4D : 059D06E2;
3B4E : 07650762;
3B4F : 08AE088A;
3B50 : 064B06A6;
3B51 : 08540636;
3B52 : 02D8039E;
3B53 : 0472016B;
3B54 : FF600035;
3B55 : 02620277;
3B56 : 01BF01CC;
3B57 : 0026FE89;
3B58 : 000601D1;
3B59 : 02BC02E9;
3B5A : 02260156;
3B5B : 010100EF;
3B5C : FFF2FEC6;
3B5D : FEB1FEA5;
3B5E : FF30015C;
3B5F : 036204F3;
3B60 : 05210383;
3B61 : 025D02B3;
3B62 : 034D028B;
3B63 : 027D0138;
3B64 : 004602BE;
3B65 : 033E022A;
3B66 : 01ED01AF;
3B67 : 0128FFB0;
3B68 : FFCA0218;
3B69 : 02C60201;
3B6A : 02B004B7;
3B6B : 03D0019C;
3B6C : 00EEFF4A;
3B6D : FD85FED7;
3B6E : 0153026C;
3B6F : 040F04CF;
3B70 : 0439023A;
3B71 : 015E0323;
3B72 : 031800D3;
3B73 : 01080174;
3B74 : FF76FF80;
3B75 : 024800EB;
3B76 : FF80FFBF;
3B77 : FEA3FE20;
3B78 : FEC50086;
3B79 : 0002FF4B;
3B7A : 00A901D2;
3B7B : 0202028C;
3B7C : 0408034D;
3B7D : 014C009C;
3B7E : 00590046;
3B7F : 01E502B8;
3B80 : 024001D9;
3B81 : 0110FF72;
3B82 : FF2FFFB8;
3B83 : 0020014E;
3B84 : 01770008;
3B85 : FEF0FFE3;
3B86 : 0149023F;
3B87 : 0034FE91;
3B88 : FF48FF62;
3B89 : 003700CE;
3B8A : 005700B5;
3B8B : 00B9FFDF;
3B8C : FF05FF92;
3B8D : 0080FF69;
3B8E : FEFFFF9D;
3B8F : 004A0066;
3B90 : 0020FFFE;
3B91 : 0041FEAF;
3B92 : FD59FE1C;
3B93 : FE35FE6F;
3B94 : FF49FDBF;
3B95 : FCD7FE32;
3B96 : FDEEFBD7;
3B97 : FA50FA6B;
3B98 : FB54FC0C;
3B99 : FC30FC98;
3B9A : FEBDFE6A;
3B9B : FDE6FEB6;
3B9C : FE80FE86;
3B9D : 003801BB;
3B9E : 02B7029F;
3B9F : 04D906BE;
3BA0 : 06B70749;
3BA1 : 05DC02C6;
3BA2 : 0123023C;
3BA3 : 03670349;
3BA4 : 037F04A0;
3BA5 : 049B035F;
3BA6 : 049604DF;
3BA7 : 04A5048A;
3BA8 : 03350145;
3BA9 : FFA8FF79;
3BAA : 0015FFD7;
3BAB : 00B701FC;
3BAC : 006FFF4F;
3BAD : 00F501A2;
3BAE : 02BD03E4;
3BAF : 03C90316;
3BB0 : 040304C7;
3BB1 : 04400308;
3BB2 : 01440037;
3BB3 : FE22FDB7;
3BB4 : 0013FFD2;
3BB5 : FDBEFC7F;
3BB6 : FD4BFE64;
3BB7 : FE81FDCB;
3BB8 : FF10FE5A;
3BB9 : FDB8FCB9;
3BBA : FCBBFF19;
3BBB : FE51FCD8;
3BBC : FD12FB72;
3BBD : FA68FB6C;
3BBE : FB43FAE9;
3BBF : FC51FCD1;
3BC0 : FD6AFB38;
3BC1 : FA4BFAEE;
3BC2 : F99DF8CA;
3BC3 : F8A8F9C7;
3BC4 : F953F9F3;
3BC5 : FDDDFC1D;
3BC6 : FA3CF8B0;
3BC7 : F6BBF697;
3BC8 : F798F9ED;
3BC9 : F961F758;
3BCA : F870FC11;
3BCB : FDCFFB94;
3BCC : FD04FEC0;
3BCD : FC25FA8E;
3BCE : FBD0FDE9;
3BCF : FE87FD6B;
3BD0 : FC4BFBCD;
3BD1 : FCEBFD5B;
3BD2 : FC69FA45;
3BD3 : FA68FB41;
3BD4 : FAC1FB29;
3BD5 : FD85FE16;
3BD6 : FDDEFF92;
3BD7 : FFBCFD25;
3BD8 : FBD3FC0E;
3BD9 : FB0BFA1B;
3BDA : FC6EFC3C;
3BDB : FA6BFAE7;
3BDC : FC55FCC9;
3BDD : FC2AFC4E;
3BDE : FF00001F;
3BDF : FEB8FE6A;
3BE0 : FFC4FE93;
3BE1 : FD96FD2D;
3BE2 : FCC7FC32;
3BE3 : FD4CFE3F;
3BE4 : FD15FC3B;
3BE5 : FEA2011D;
3BE6 : FF9AFFFA;
3BE7 : 0069FE2A;
3BE8 : FE8CFE56;
3BE9 : FFDE00AF;
3BEA : FF850006;
3BEB : FFD5FE4D;
3BEC : FF60FEAC;
3BED : FCCFFD16;
3BEE : FD84FF2C;
3BEF : 01DF03FC;
3BF0 : 066704E4;
3BF1 : 02440262;
3BF2 : 036F0355;
3BF3 : 034F0578;
3BF4 : 07FC0506;
3BF5 : 037706F8;
3BF6 : 05CE02E0;
3BF7 : 02CE0194;
3BF8 : 017603D5;
3BF9 : 06400626;
3BFA : 05B1059E;
3BFB : 06ED04B0;
3BFC : 0228043F;
3BFD : 05E2057A;
3BFE : 04570363;
3BFF : 03140179;
3C00 : 00E0006D;
3C01 : FE15FD72;
3C02 : FEFFFF0E;
3C03 : FE4CFF4E;
3C04 : 00E401B7;
3C05 : 0272048D;
3C06 : 073B05C3;
3C07 : 05970584;
3C08 : 015AFE5A;
3C09 : FE53FE03;
3C0A : FC2AFC0D;
3C0B : FDBFFCCF;
3C0C : FBBCFE00;
3C0D : 01320228;
3C0E : 039006BA;
3C0F : 0760060F;
3C10 : 073B0974;
3C11 : 067A02D4;
3C12 : 041A0432;
3C13 : 022802A4;
3C14 : 01ECFF0F;
3C15 : FDC3FD87;
3C16 : FE49FD8C;
3C17 : FD2A001D;
3C18 : 002FFD3F;
3C19 : FEFE018B;
3C1A : 003FFEF1;
3C1B : FF6BFF1A;
3C1C : FC27FC25;
3C1D : FD67FD17;
3C1E : FD43002A;
3C1F : 034702B3;
3C20 : 02CA04A4;
3C21 : 067E0685;
3C22 : 043C057C;
3C23 : 053F02B1;
3C24 : 032F0271;
3C25 : 00AE0086;
3C26 : 006C008D;
3C27 : 011B0223;
3C28 : 036F054D;
3C29 : 051104A5;
3C2A : 0689077D;
3C2B : 083609BB;
3C2C : 07F6060E;
3C2D : 05000590;
3C2E : 0595052D;
3C2F : 06A206ED;
3C30 : 07330862;
3C31 : 08D209B8;
3C32 : 09EC0A09;
3C33 : 0AD30B6E;
3C34 : 0A4D0A33;
3C35 : 0A2D0807;
3C36 : 0621044E;
3C37 : 010FFDEF;
3C38 : FD61FE50;
3C39 : FDC8FF22;
3C3A : 002F000C;
3C3B : FF3FFF41;
3C3C : 00840190;
3C3D : 008AFFAF;
3C3E : 00D6FF34;
3C3F : FCACFE06;
3C40 : FE39FC1B;
3C41 : F9EFF936;
3C42 : F870F78B;
3C43 : F940FBF8;
3C44 : FC98FC09;
3C45 : FB2DFBA7;
3C46 : FC28FD13;
3C47 : FD43FB6D;
3C48 : FA51FBE2;
3C49 : FBDBFB5D;
3C4A : FCA4FDA9;
3C4B : FBA9FBC1;
3C4C : FD9BFC80;
3C4D : FC94FDF8;
3C4E : FF230014;
3C4F : FFA000DF;
3C50 : 016400E4;
3C51 : 02480219;
3C52 : FEE2FE90;
3C53 : FFB00025;
3C54 : FFA1FED7;
3C55 : FF38FF0F;
3C56 : FDDAFDA5;
3C57 : FD83FD76;
3C58 : FB9CFBCE;
3C59 : FD9BFE89;
3C5A : FE65FDDC;
3C5B : FEA0FCBF;
3C5C : FAE5FA20;
3C5D : F91BFA05;
3C5E : F8A2F898;
3C5F : FB4AFD46;
3C60 : FD6DFD69;
3C61 : FD7AFB89;
3C62 : FB13FC0D;
3C63 : FB19FC18;
3C64 : FCDCFC3A;
3C65 : FA99FA73;
3C66 : FC4BFCC5;
3C67 : FCCDFEBE;
3C68 : FFF5FF14;
3C69 : FFF40085;
3C6A : FF38FE5E;
3C6B : FCEEFB6B;
3C6C : FC25FDDB;
3C6D : FC35F9D2;
3C6E : FA6DFC5E;
3C6F : FC0CFB2F;
3C70 : FABEFAFC;
3C71 : FA42F998;
3C72 : FAD4FAE4;
3C73 : FA90FB0A;
3C74 : FCB0FF05;
3C75 : FFB501DB;
3C76 : 046002E0;
3C77 : FF98FE1C;
3C78 : FCC5FA1D;
3C79 : F842F74B;
3C7A : F977FCAC;
3C7B : FE0DFF49;
3C7C : FE44FD6A;
3C7D : FE0EFEF8;
3C7E : FFCC00D0;
3C7F : 018101F1;
3C80 : 01DA0163;
3C81 : 02910131;
3C82 : FE23FE07;
3C83 : FD95FD30;
3C84 : FFAA0134;
3C85 : 020402B3;
3C86 : 02070285;
3C87 : 044304CE;
3C88 : 038E0169;
3C89 : 00BE00E9;
3C8A : FFD5FF71;
3C8B : 0008FE98;
3C8C : FC49FC74;
3C8D : FDF0FE2F;
3C8E : FDC5FF4B;
3C8F : 01B90168;
3C90 : 00EF026D;
3C91 : 05380680;
3C92 : 052C0344;
3C93 : 0211009E;
3C94 : 009E00AA;
3C95 : FF4FFDF4;
3C96 : FC75FC67;
3C97 : FD78FC9E;
3C98 : FC9AFD58;
3C99 : FDF5FE30;
3C9A : FC6CFDCA;
3C9B : FE54FBDA;
3C9C : FD8FFDC4;
3C9D : FC35FD78;
3C9E : FECFFC28;
3C9F : FC6500A4;
3CA0 : 01D701D6;
3CA1 : 03D0066E;
3CA2 : 06B0050E;
3CA3 : 055C05D8;
3CA4 : 05AE048F;
3CA5 : 04320574;
3CA6 : 050F03DE;
3CA7 : 03F50453;
3CA8 : 057705FD;
3CA9 : 058705C3;
3CAA : 05D303AE;
3CAB : 03D20488;
3CAC : 0325025E;
3CAD : 006EFFC3;
3CAE : 025E014E;
3CAF : 016D0456;
3CB0 : 03F20328;
3CB1 : 05AC0598;
3CB2 : 03440342;
3CB3 : 0352042D;
3CB4 : 04D6043A;
3CB5 : 02CC017F;
3CB6 : 03D7048E;
3CB7 : 02A401CD;
3CB8 : 0140FE56;
3CB9 : FD44FE06;
3CBA : FEADFF75;
3CBB : FF73012A;
3CBC : 039A0564;
3CBD : 076C06FA;
3CBE : 05A3055B;
3CBF : 04590186;
3CC0 : 018A02DC;
3CC1 : 0159FFFD;
3CC2 : 007900E7;
3CC3 : FEE8FDC9;
3CC4 : FE27FC7D;
3CC5 : FCFDFCFF;
3CC6 : FCCAFDFF;
3CC7 : FE58FF3A;
3CC8 : FFBDFE8A;
3CC9 : FE6CFF49;
3CCA : 00A501B7;
3CCB : 02AF042B;
3CCC : 047F035A;
3CCD : 0056FEC9;
3CCE : FEB5FE57;
3CCF : 003A016A;
3CD0 : 0228029F;
3CD1 : 01B002E7;
3CD2 : 050B02A1;
3CD3 : 0073FF3A;
3CD4 : 011D046A;
3CD5 : 03790318;
3CD6 : 0375047E;
3CD7 : 035D01AD;
3CD8 : 016D0047;
3CD9 : 00DB00E5;
3CDA : 0136026A;
3CDB : 03D70336;
3CDC : 019B0207;
3CDD : 02C40313;
3CDE : 025E026B;
3CDF : 023A00C9;
3CE0 : FFBBFEE0;
3CE1 : 017B03B5;
3CE2 : 030001AC;
3CE3 : 00BAFFA3;
3CE4 : FE72FF52;
3CE5 : FF3300AD;
3CE6 : FFFFFCDC;
3CE7 : FEF3FFFB;
3CE8 : FE72FDC2;
3CE9 : FF2CFF91;
3CEA : FFA90074;
3CEB : FEF6FDCF;
3CEC : FDCFFDD8;
3CED : FD43FC2D;
3CEE : FBB7FBAD;
3CEF : FCADFD82;
3CF0 : FD4FFE53;
3CF1 : FEEBFEDE;
3CF2 : FF86FEB1;
3CF3 : FF2A002C;
3CF4 : FF85FF59;
3CF5 : 016C016E;
3CF6 : FFFE0439;
3CF7 : 06DB05A3;
3CF8 : 054E04BF;
3CF9 : 04F502F8;
3CFA : 01BE0216;
3CFB : 0113001B;
3CFC : FF7E0165;
3CFD : 0192FF77;
3CFE : 00ED00C6;
3CFF : FF8B00FC;
3D00 : 029B01BA;
3D01 : 025A05C0;
3D02 : 046102F3;
3D03 : 0163FE6B;
3D04 : FEB4FD5F;
3D05 : FBEDFE7F;
3D06 : 01A1FF9B;
3D07 : 00DD0453;
3D08 : 024A0142;
3D09 : 01EF00B7;
3D0A : FF09FEE2;
3D0B : FED8FD4B;
3D0C : FE480077;
3D0D : FFC0FD54;
3D0E : FA7CF8E2;
3D0F : F7D2F90E;
3D10 : FC97004C;
3D11 : 034004E0;
3D12 : 064404ED;
3D13 : 03B102A0;
3D14 : 0205017B;
3D15 : 01890186;
3D16 : 016B0241;
3D17 : 01700117;
3D18 : FF8EFE39;
3D19 : FE91FE18;
3D1A : FD90FD68;
3D1B : FD09FD03;
3D1C : FC0CFBAE;
3D1D : FC70FAB7;
3D1E : F828F78F;
3D1F : F719F48D;
3D20 : F4C9F6A4;
3D21 : F750F84D;
3D22 : FA98FCF7;
3D23 : FBD5FAB9;
3D24 : FABCFA05;
3D25 : FA63FA62;
3D26 : FA95FA5B;
3D27 : F862F82B;
3D28 : F840F77E;
3D29 : F662F681;
3D2A : F8F2F91B;
3D2B : F9AAFA01;
3D2C : FA39FA5C;
3D2D : FA00FB05;
3D2E : FAC8FAD1;
3D2F : FBEBFD55;
3D30 : FF7700DB;
3D31 : 00DC0082;
3D32 : 0083FE98;
3D33 : FCFBFBAA;
3D34 : FBCCFB21;
3D35 : F8F3FA34;
3D36 : FC89FC0E;
3D37 : FCCCFFEC;
3D38 : 00600061;
3D39 : 01690162;
3D3A : FFC2FE65;
3D3B : FEE9FE8E;
3D3C : FDF4FBEB;
3D3D : FC54FDE1;
3D3E : FC25FC15;
3D3F : FE740025;
3D40 : 00200084;
3D41 : 01520202;
3D42 : 00FEFE6F;
3D43 : FF77006A;
3D44 : FD4CFAEB;
3D45 : FB3BFB4C;
3D46 : FB22FBF2;
3D47 : FB78FC23;
3D48 : FED00023;
3D49 : 016902C1;
3D4A : 034D0202;
3D4B : 0343044D;
3D4C : 03D2045D;
3D4D : 03D9032F;
3D4E : 026800AE;
3D4F : FDCCFE4E;
3D50 : 00F0019E;
3D51 : 042D068A;
3D52 : 077C0897;
3D53 : 07AA0753;
3D54 : 090007DF;
3D55 : 068C06DB;
3D56 : 060D03B3;
3D57 : 03EF04CE;
3D58 : 04F20423;
3D59 : 01770129;
3D5A : 025B0191;
3D5B : 00CF0174;
3D5C : 039B060E;
3D5D : 07350662;
3D5E : 03AC022C;
3D5F : 00D1FF68;
3D60 : FF5FFDA4;
3D61 : FB92FD6D;
3D62 : FE6DFC8E;
3D63 : FDBCFF76;
3D64 : FD2AFCD5;
3D65 : FCDAFBA9;
3D66 : FE6A0191;
3D67 : 01D50228;
3D68 : 021B0352;
3D69 : 06490574;
3D6A : 03C104A9;
3D6B : 0433034B;
3D6C : 02C40308;
3D6D : 02CA0149;
3D6E : FF45FED1;
3D6F : FD8EFC75;
3D70 : FD11FEB4;
3D71 : 0010FF34;
3D72 : FF0A0230;
3D73 : 035F023D;
3D74 : 0119FF98;
3D75 : FEFEFECF;
3D76 : FDF8FFDD;
3D77 : 0276027E;
3D78 : 03BD0624;
3D79 : 06F5072C;
3D7A : 06FA056C;
3D7B : 057A067F;
3D7C : 054D05EE;
3D7D : 05620396;
3D7E : 01B90129;
3D7F : 0037FE97;
3D80 : 005D018B;
3D81 : 01140234;
3D82 : 0354032B;
3D83 : 02F302C0;
3D84 : 02FC0559;
3D85 : 06E106FD;
3D86 : 080308D0;
3D87 : 075D07BD;
3D88 : 088A06D6;
3D89 : 04640230;
3D8A : 02BA0366;
3D8B : 040B0734;
3D8C : 097E09EA;
3D8D : 09230925;
3D8E : 09C5097E;
3D8F : 08A70607;
3D90 : 0110001A;
3D91 : 0198013E;
3D92 : 020902BF;
3D93 : 02490200;
3D94 : 02420151;
3D95 : 01DE0525;
3D96 : 0651066B;
3D97 : 066F0636;
3D98 : 06C70450;
3D99 : FFCDFEF3;
3D9A : FE46FBC9;
3D9B : FA81FAF9;
3D9C : FBEDFC67;
3D9D : FD0FFD33;
3D9E : FBD3FA5A;
3D9F : FA0EFB66;
3DA0 : FD61FDFB;
3DA1 : FDB4FE08;
3DA2 : FF5400B7;
3DA3 : 01080178;
3DA4 : 00B2002C;
3DA5 : FF1FFBC4;
3DA6 : FB08FCB2;
3DA7 : FB9AFB31;
3DA8 : FCC4FDB1;
3DA9 : FD35FEE9;
3DAA : 0156010A;
3DAB : 002FFDF3;
3DAC : FDE4FDA8;
3DAD : FCA1FB4F;
3DAE : F8D1F86B;
3DAF : F7ADF705;
3DB0 : F652F8BC;
3DB1 : FA4FF972;
3DB2 : FBC1FE56;
3DB3 : 011C03C4;
3DB4 : 049A0238;
3DB5 : FEF5FD9A;
3DB6 : FCE2FCB2;
3DB7 : FC42FAFA;
3DB8 : FAC9FBD4;
3DB9 : FC20FBF2;
3DBA : FC5CFB8A;
3DBB : FA8CFB1F;
3DBC : FBFAFD2A;
3DBD : FF37003D;
3DBE : FF5DFE14;
3DBF : FE5AFCAE;
3DC0 : FC20FD6F;
3DC1 : FE110033;
3DC2 : FE1AFC4B;
3DC3 : FDD0FD85;
3DC4 : FC38FA80;
3DC5 : FA7DFBD6;
3DC6 : FB25FB07;
3DC7 : FD150022;
3DC8 : FF96FDAE;
3DC9 : FEDAFE30;
3DCA : FCA1FB3E;
3DCB : FA8AFA9D;
3DCC : F8D2F83A;
3DCD : FA61FC3A;
3DCE : FC98FD52;
3DCF : FD67FD8C;
3DD0 : FD89FDE7;
3DD1 : FD90FE1D;
3DD2 : FD81FC17;
3DD3 : FD02FD5D;
3DD4 : FD3AFBA4;
3DD5 : F9F9F930;
3DD6 : F94BFAE1;
3DD7 : FBD5FD31;
3DD8 : FE650012;
3DD9 : 013600EF;
3DDA : 01E001FE;
3DDB : 006D0002;
3DDC : 009C0108;
3DDD : 00E900D6;
3DDE : 024901D0;
3DDF : FF62FDCB;
3DE0 : FD2CFD31;
3DE1 : FCC5FDC7;
3DE2 : 00B101AF;
3DE3 : 0226028E;
3DE4 : 02A80358;
3DE5 : 0200000A;
3DE6 : FF2EFE4F;
3DE7 : FC99FBE6;
3DE8 : FDC6FD66;
3DE9 : FCC2FD1C;
3DEA : FD5BFDD7;
3DEB : FF4C029A;
3DEC : 044A059A;
3DED : 06FF066E;
3DEE : 05A602E1;
3DEF : FFB1FE83;
3DF0 : FAD0F769;
3DF1 : F7BAF861;
3DF2 : F95AFB3D;
3DF3 : FC32FD60;
3DF4 : 000D0153;
3DF5 : 02030295;
3DF6 : 00E1006F;
3DF7 : 01E90386;
3DF8 : 054D0599;
3DF9 : 04D80549;
3DFA : 040A033B;
3DFB : 039601FC;
3DFC : 01DB0345;
3DFD : 02F602BA;
3DFE : 03900524;
3DFF : 07680918;
3E00 : 099908A2;
3E01 : 085B06EA;
3E02 : 047C0414;
3E03 : 01B9FF63;
3E04 : FE0FFD6F;
3E05 : FBE9FA99;
3E06 : FC38FDC8;
3E07 : FEF8FF1C;
3E08 : 00350323;
3E09 : 051D0707;
3E0A : 07710710;
3E0B : 050E036F;
3E0C : 03CF02DB;
3E0D : 023901F1;
3E0E : 0117FF1B;
3E0F : FD33FD0E;
3E10 : FDB4FF21;
3E11 : FF2CFF13;
3E12 : 00D001CA;
3E13 : 0232034D;
3E14 : 047804D2;
3E15 : 04C405B4;
3E16 : 06770591;
3E17 : 050C054F;
3E18 : 066605B3;
3E19 : 03F003DB;
3E1A : 04400328;
3E1B : 01CB0184;
3E1C : 02300256;
3E1D : 03D60568;
3E1E : 061304DD;
3E1F : 03F902E7;
3E20 : 0154FF6F;
3E21 : FC9DFAF3;
3E22 : F961F8CF;
3E23 : FACBFB4B;
3E24 : FC1AFDF5;
3E25 : 014003DC;
3E26 : 03EA02DC;
3E27 : 02650436;
3E28 : 047A0236;
3E29 : 01F400B8;
3E2A : FF2FFF0F;
3E2B : FDE1FC49;
3E2C : FADCFA54;
3E2D : FB0EFE08;
3E2E : 00E50178;
3E2F : 01E1002F;
3E30 : FE0EFEE1;
3E31 : FE2DFECB;
3E32 : FF78FEC6;
3E33 : FF69FFF5;
3E34 : 00440206;
3E35 : 036B0072;
3E36 : FE1C00A1;
3E37 : 02D802E7;
3E38 : 045508A9;
3E39 : 09C0097B;
3E3A : 0AAA0A41;
3E3B : 0A1B085F;
3E3C : 05CF0499;
3E3D : 03220175;
3E3E : 011700A3;
3E3F : FFDA0134;
3E40 : 01A20159;
3E41 : 01BF00BB;
3E42 : 02110358;
3E43 : 0360048B;
3E44 : 053A0285;
3E45 : FF8BFD3B;
3E46 : FBEFFBF6;
3E47 : FB18FB18;
3E48 : FAADF945;
3E49 : FAA8FADB;
3E4A : FC4CFF21;
3E4B : FDAAFD01;
3E4C : FF3FFF23;
3E4D : FD9FFE51;
3E4E : FF65FFD1;
3E4F : 01130316;
3E50 : 042501F2;
3E51 : 00060040;
3E52 : FF96FF12;
3E53 : FFFA0139;
3E54 : 023E02E6;
3E55 : 03AE04D7;
3E56 : 045802C9;
3E57 : 00F800F5;
3E58 : 025E015D;
3E59 : 01B90350;
3E5A : 010EFEBF;
3E5B : FECBFE6B;
3E5C : FE9F004E;
3E5D : 00AC0128;
3E5E : 028803A8;
3E5F : 040801CB;
3E60 : 010801A3;
3E61 : 0026FE15;
3E62 : FDC5FE67;
3E63 : FE80FE86;
3E64 : 00870332;
3E65 : 02DD02B1;
3E66 : 03F50311;
3E67 : FFCBFDC9;
3E68 : FDD0FC87;
3E69 : FBDAFCBA;
3E6A : FEF90012;
3E6B : FF2AFF2F;
3E6C : FEA8FF8F;
3E6D : FFDBFF04;
3E6E : 01C002FE;
3E6F : 0079FE94;
3E70 : FEA1FDC7;
3E71 : FBB7FAB9;
3E72 : F942F9BE;
3E73 : FE09FF89;
3E74 : FE30FF75;
3E75 : FF73FE0D;
3E76 : FDD8FD36;
3E77 : FBD4F997;
3E78 : F772F6E5;
3E79 : F848F93A;
3E7A : F9D0FAC1;
3E7B : FB7EFBB2;
3E7C : F9B1F93E;
3E7D : FC1CFBAA;
3E7E : FAB5FBC0;
3E7F : FB51FAD8;
3E80 : FA91F8A4;
3E81 : F79DF8D4;
3E82 : F683F3E7;
3E83 : F53CF474;
3E84 : F454F664;
3E85 : F72EF6D9;
3E86 : F6EFF613;
3E87 : F43CF6A5;
3E88 : F8BBF7AD;
3E89 : F965FBFB;
3E8A : FBAAFBA8;
3E8B : FE90FED4;
3E8C : FBF4FACB;
3E8D : FA9DFB39;
3E8E : FBB2FC64;
3E8F : FCFCFE4C;
3E90 : FF20FE3B;
3E91 : FD03FDFC;
3E92 : FE89FE64;
3E93 : FEDEFE9F;
3E94 : FE34FD74;
3E95 : FB85FBAA;
3E96 : FCC0FCB5;
3E97 : FD48FE87;
3E98 : FF39009A;
3E99 : 00DF0163;
3E9A : 024D0273;
3E9B : 01E2025B;
3E9C : 034C026E;
3E9D : 0108022C;
3E9E : 026C00B5;
3E9F : FFBEFFB1;
3EA0 : FFBE0117;
3EA1 : 02680216;
3EA2 : 00F600D8;
3EA3 : 00C50160;
3EA4 : 0252029A;
3EA5 : 034F02C7;
3EA6 : 02E102CD;
3EA7 : 01F20346;
3EA8 : 048A0484;
3EA9 : 057F076E;
3EAA : 07FF0872;
3EAB : 09A40984;
3EAC : 0763073F;
3EAD : 08C107B9;
3EAE : 071706FC;
3EAF : 063205F3;
3EB0 : 05C9045F;
3EB1 : 040101C7;
3EB2 : FDD3FDE3;
3EB3 : FFB1001A;
3EB4 : 010C0264;
3EB5 : 02960130;
3EB6 : 01F302C6;
3EB7 : 0080FD39;
3EB8 : FCD0FE52;
3EB9 : FE9AFE91;
3EBA : FF400147;
3EBB : 01C50207;
3EBC : 0425042E;
3EBD : 0312031D;
3EBE : 038803BF;
3EBF : 031A01AF;
3EC0 : 01E502A1;
3EC1 : 02080154;
3EC2 : 013500C9;
3EC3 : FF71FF4E;
3EC4 : 00B4016E;
3EC5 : 00A10146;
3EC6 : 0182FFA3;
3EC7 : FCCCFBDC;
3EC8 : FB98FCD7;
3EC9 : FF28003C;
3ECA : 011C011E;
3ECB : 006F0054;
3ECC : FFFFFF83;
3ECD : FCF6FD06;
3ECE : FE73FD14;
3ECF : FCFBFE12;
3ED0 : FD3DFCA1;
3ED1 : FE9BFFEB;
3ED2 : FF87FF85;
3ED3 : 004D01A5;
3ED4 : 010400B8;
3ED5 : 00D101E7;
3ED6 : 043A0528;
3ED7 : 048F049E;
3ED8 : 03E801A4;
3ED9 : 0180026C;
3EDA : 01B7015E;
3EDB : 0372042C;
3EDC : 048704E4;
3EDD : 04270458;
3EDE : 052706BD;
3EDF : 07B407A3;
3EE0 : 08BA0939;
3EE1 : 09B90957;
3EE2 : 07F60714;
3EE3 : 06180603;
3EE4 : 0681081B;
3EE5 : 09F80BA1;
3EE6 : 0CC60CB2;
3EE7 : 0D460B6D;
3EE8 : 094D09A0;
3EE9 : 089807A0;
3EEA : 075F0543;
3EEB : 03830311;
3EEC : 01C700F6;
3EED : 02F104AE;
3EEE : 05C4072D;
3EEF : 06D104B4;
3EF0 : 03400469;
3EF1 : 02B7010A;
3EF2 : 0085FDD2;
3EF3 : FB95FAA6;
3EF4 : FA9AFA88;
3EF5 : F948F892;
3EF6 : FA1AFBF2;
3EF7 : FC16FBE8;
3EF8 : FC14FD15;
3EF9 : FDAFFE4C;
3EFA : FFC300C2;
3EFB : 013F01D1;
3EFC : 01290066;
3EFD : FFB6FF51;
3EFE : FFADFF6F;
3EFF : FFCB00C9;
3F00 : 01710361;
3F01 : 052703B8;
3F02 : 00900168;
3F03 : 012FFE9F;
3F04 : FFADFFE0;
3F05 : FE6CFDC5;
3F06 : FEFDFEEE;
3F07 : FD9AFBA7;
3F08 : F861F6FF;
3F09 : F701F8B5;
3F0A : FA51FCFB;
3F0B : FF2AFD97;
3F0C : FCD3FCDE;
3F0D : FCD5FC35;
3F0E : FA87FB36;
3F0F : FBDCFB99;
3F10 : FB1AFA36;
3F11 : F981FA3A;
3F12 : FB2DFAE3;
3F13 : FBF0FD96;
3F14 : FEBBFF95;
3F15 : FFBB008B;
3F16 : FF06FCDE;
3F17 : FD20FD46;
3F18 : FBF8FB72;
3F19 : FB70FB14;
3F1A : F9DBFB3B;
3F1B : FD41FF3F;
3F1C : FFC2FF33;
3F1D : 00070158;
3F1E : 018900B2;
3F1F : FFDA0123;
3F20 : FFC7FE99;
3F21 : 012F007A;
3F22 : FD3DFA93;
3F23 : F889F85A;
3F24 : F719F618;
3F25 : F5FBF741;
3F26 : F8C4F97A;
3F27 : FA38FC53;
3F28 : FB60FBB5;
3F29 : FEB5FDC2;
3F2A : FC9FFD40;
3F2B : FBB7FC9F;
3F2C : FD0EF9D5;
3F2D : F83FF922;
3F2E : F92DF9DA;
3F2F : FBA5FC91;
3F30 : FE91FF91;
3F31 : FD9EFD3A;
3F32 : FEC0FD0F;
3F33 : FB25FC39;
3F34 : FB12F9DF;
3F35 : FBB7FD1B;
3F36 : FE1DFD98;
3F37 : FA7FFB43;
3F38 : FDEBFE4C;
3F39 : FE45FEE6;
3F3A : 000000F5;
3F3B : 02EA03A2;
3F3C : 041D0360;
3F3D : 026803A9;
3F3E : 03E70363;
3F3F : 02660257;
3F40 : 01EDFFAE;
3F41 : FFE40079;
3F42 : FF04FCF7;
3F43 : FD0AFDF1;
3F44 : FED9FFBE;
3F45 : FE50FF8F;
3F46 : FFA1FE75;
3F47 : FF78FE8C;
3F48 : FCCBFBCB;
3F49 : FBC1FB4F;
3F4A : FBB1FC65;
3F4B : FC63FD6A;
3F4C : FCA4FBDD;
3F4D : FCD8FE00;
3F4E : FDB8FD83;
3F4F : FE9EFFD0;
3F50 : 0037003F;
3F51 : 0095FFB3;
3F52 : FFAC010E;
3F53 : FF77FF91;
3F54 : FFC0FDE6;
3F55 : FF260116;
3F56 : 01DD043A;
3F57 : 062B0597;
3F58 : 04ED053C;
3F59 : 0686074B;
3F5A : 070106E5;
3F5B : 07390672;
3F5C : 0416033A;
3F5D : 02EA010B;
3F5E : 00C102CA;
3F5F : 022D00CB;
3F60 : 01EE0372;
3F61 : 05C6050E;
3F62 : 040C0571;
3F63 : 05BD0461;
3F64 : 01F70186;
3F65 : 02680162;
3F66 : 00780036;
3F67 : 0063FFE8;
3F68 : 008A0049;
3F69 : 002B0126;
3F6A : 02B003A6;
3F6B : 048B075D;
3F6C : 08760783;
3F6D : 04F4042F;
3F6E : 04FF03C7;
3F6F : 044A035A;
3F70 : 02AA0289;
3F71 : 010601D2;
3F72 : 00EBFF1D;
3F73 : FF180105;
3F74 : 01C400FF;
3F75 : FF5EFDB4;
3F76 : FE44FE2B;
3F77 : FEC0FECC;
3F78 : FF34FF9F;
3F79 : FE1DFCC0;
3F7A : FC18FC7C;
3F7B : FBE5FAF8;
3F7C : FAC8FAE3;
3F7D : FB7FFDA9;
3F7E : FE37FC2F;
3F7F : FDAAFEAD;
3F80 : FF8B0399;
3F81 : 044F03A4;
3F82 : 04E60361;
3F83 : 0094014F;
3F84 : 0118FD6A;
3F85 : FE0BFEE9;
3F86 : FD91FDE4;
3F87 : FE90FC96;
3F88 : FF0701EF;
3F89 : 011F010A;
3F8A : 0075010D;
3F8B : 014702B3;
3F8C : 0354024C;
3F8D : 028E014D;
3F8E : 00020174;
3F8F : 01F70205;
3F90 : 03FC05FB;
3F91 : 078209A0;
3F92 : 09C509D1;
3F93 : 0B5D0A20;
3F94 : 090B09C9;
3F95 : 092206FE;
3F96 : 058704CC;
3F97 : 030D0031;
3F98 : FF440084;
3F99 : 00D600B3;
3F9A : 01D40453;
3F9B : 029100E6;
3F9C : 0277027C;
3F9D : 02AF0362;
3F9E : 0246011E;
3F9F : 01880053;
3FA0 : 00CA0167;
3FA1 : FF87FF16;
3FA2 : FF30FEE6;
3FA3 : FF33FFC0;
3FA4 : FE7EFCCE;
3FA5 : FDF7FD8C;
3FA6 : FDE3FE7F;
3FA7 : FCC6FD42;
3FA8 : FFAC00B6;
3FA9 : FF8AFFC5;
3FAA : FF24FEAC;
3FAB : FEBBFE45;
3FAC : 00DB04A5;
3FAD : 0617063A;
3FAE : 066A0432;
3FAF : 034A0522;
3FB0 : 041404B4;
3FB1 : 074A06C0;
3FB2 : 05AD050B;
3FB3 : 01A2FEAE;
3FB4 : FEC1FE23;
3FB5 : FD7CFF30;
3FB6 : 0000FF68;
3FB7 : 017A0192;
3FB8 : 00260157;
3FB9 : 02F80285;
3FBA : 01340128;
3FBB : 02130231;
3FBC : 00F9FEEE;
3FBD : FFEB0134;
3FBE : 011C0169;
3FBF : 012E01BA;
3FC0 : 03A80588;
3FC1 : 03E003C1;
3FC2 : 05760593;
3FC3 : 05FC0620;
3FC4 : 05290331;
3FC5 : 035B02DF;
3FC6 : 02A602CC;
3FC7 : 0094FFAD;
3FC8 : FFA8FF9B;
3FC9 : FCFAFC70;
3FCA : FEC5FD2B;
3FCB : FCB1FF31;
3FCC : FEC80034;
3FCD : 0041FD54;
3FCE : FD46FCC9;
3FCF : F97DF896;
3FD0 : F6E1F46D;
3FD1 : F3FCF388;
3FD2 : F3A6F39D;
3FD3 : F3EBF5CD;
3FD4 : F70CF564;
3FD5 : F4CDF6A9;
3FD6 : F88CF66A;
3FD7 : F5DFF74B;
3FD8 : F5FBF56B;
3FD9 : F455F1B6;
3FDA : F2A7F3BE;
3FDB : F509F8D1;
3FDC : F8DFF79E;
3FDD : F5AFF50F;
3FDE : F680F6A5;
3FDF : F6ABF7FB;
3FE0 : F8B6F82B;
3FE1 : F95AF97E;
3FE2 : F81DF7BF;
3FE3 : F788F6E9;
3FE4 : F7A2FA4D;
3FE5 : FB59FA69;
3FE6 : FA56FB0D;
3FE7 : FCB0FC4D;
3FE8 : FD8BFF4A;
3FE9 : FF7B0082;
3FEA : FF72FF70;
3FEB : FEF5FED0;
3FEC : FEACFECB;
3FED : FD3DFD26;
3FEE : FD79FB55;
3FEF : FC09FC8A;
3FF0 : FF100147;
3FF1 : 022F0043;
3FF2 : 00CC03FA;
3FF3 : 0292FFB2;
3FF4 : FD15FC31;
3FF5 : FB7DFB16;
3FF6 : FBCFFC5D;
3FF7 : FC75FC22;
3FF8 : FC4AFB8F;
3FF9 : FD05FE1E;
3FFA : FC0FFC72;
3FFB : FEEFFFA0;
3FFC : FF80FDFA;
3FFD : FD55FF7B;
3FFE : 0021003A;
3FFF : 023C0257;
4000 : 04C1068B;
4001 : 05380825;
4002 : 08D5075A;
4003 : 08F60971;
4004 : 09D90BD8;
4005 : 0D730EC8;
4006 : 0DC20BA6;
4007 : 0A90087F;
4008 : 038CFF18;
4009 : FEF8FDDE;
400A : FDBDFF93;
400B : 02280230;
400C : 012703CE;
400D : 03540207;
400E : 01BC0017;
400F : 00F60173;
4010 : 018100FF;
4011 : 002F005E;
4012 : 01E90083;
4013 : FEE7005C;
4014 : 01250106;
4015 : 00C80015;
4016 : 01F2026A;
4017 : 00DDFFBF;
4018 : FE84FE39;
4019 : FE20FDCD;
401A : FD63FDA7;
401B : FE1A0003;
401C : 01830071;
401D : FFB2FFFB;
401E : 019E0073;
401F : 00C00267;
4020 : 02170232;
4021 : 030F04F0;
4022 : 05BE0626;
4023 : 03F40204;
4024 : 03B90192;
4025 : FED4FF98;
4026 : 004DFED9;
4027 : FDDCFD18;
4028 : FC03FCB1;
4029 : FDB9FF33;
402A : 012C01B5;
402B : 011C01E2;
402C : 0409010D;
402D : FE2EFF4C;
402E : 00D502F9;
402F : 043F0336;
4030 : 043705E1;
4031 : 07F30903;
4032 : 06F90679;
4033 : 07830645;
4034 : 05B9053C;
4035 : 04030448;
4036 : 05BA06C2;
4037 : 081B07C1;
4038 : 0665053A;
4039 : 0404065E;
403A : 08580843;
403B : 0AB40D01;
403C : 0C390C36;
403D : 0CB20993;
403E : 09A70A72;
403F : 0A7D0CB9;
4040 : 0DB90E97;
4041 : 106610F9;
4042 : 0FB60DE1;
4043 : 0C8A0B83;
4044 : 09D00768;
4045 : 050D02CC;
4046 : 043806B5;
4047 : 05C10681;
4048 : 064C03EF;
4049 : 0443037C;
404A : 02E502BF;
404B : 030E02D7;
404C : 02220013;
404D : FF2EFE66;
404E : FC53FB83;
404F : FB69FB5E;
4050 : F97BFA61;
4051 : FB6FFB63;
4052 : FBA1FBF5;
4053 : FB28FB33;
4054 : FCA9FAD0;
4055 : FC08FE3C;
4056 : FDF7FD54;
4057 : FCBDFD28;
4058 : FB7EF95F;
4059 : F9E8FB28;
405A : FD74FE85;
405B : FF540274;
405C : 05E10351;
405D : 013300C2;
405E : FE11FCC9;
405F : FBEAF9FD;
4060 : F7D1F8E3;
4061 : FA9FFA8A;
4062 : F906F8C8;
4063 : F781F5FC;
4064 : F733F6C9;
4065 : F785F964;
4066 : F7F4F8FC;
4067 : FB67F93F;
4068 : F8B7F9E5;
4069 : F954F86D;
406A : F9E4FB75;
406B : FBDDFB83;
406C : FD0CFD1A;
406D : FA41F935;
406E : F94AF9EC;
406F : FB0FFC6A;
4070 : FE4FFF46;
4071 : FF34FFE3;
4072 : 028103A7;
4073 : 02AE00D8;
4074 : FEA7FEDE;
4075 : FECBFE68;
4076 : FFBBFEE8;
4077 : FC86FCB4;
4078 : FE40FF65;
4079 : 009CFF98;
407A : FF11FE1F;
407B : FD0AFD92;
407C : FC4BFB6E;
407D : FC36FA74;
407E : F942F969;
407F : F8F8F820;
4080 : F72BF74C;
4081 : F9C5F92A;
4082 : FA00FB28;
4083 : F9DAFAFE;
4084 : FC0DFC4C;
4085 : FDAFFE2F;
4086 : FC0BFC96;
4087 : FD45FD8A;
4088 : FE1AFC2B;
4089 : FB2EFA4D;
408A : F902F9D8;
408B : F9C4F966;
408C : FAD7FBF6;
408D : FD27FBC9;
408E : FAA5FA3C;
408F : F8EEF8F8;
4090 : FC38FCDC;
4091 : FC84FE3D;
4092 : 00AB01A9;
4093 : 0335020A;
4094 : 0117034E;
4095 : 0437049B;
4096 : 022D0126;
4097 : 010BFEBD;
4098 : FC9CFC0D;
4099 : FBB9FD0F;
409A : FDFEFEAA;
409B : 0025FDCB;
409C : FF0B006F;
409D : FF41FF3D;
409E : FD21FAEF;
409F : FC38FD77;
40A0 : FBF9FAD1;
40A1 : FAC8FA04;
40A2 : FA83FB4A;
40A3 : FCDBFCA4;
40A4 : FC58FCC0;
40A5 : FC57FD37;
40A6 : FDB5FC00;
40A7 : FBA5FDDE;
40A8 : FDFFFD0C;
40A9 : FBC5FBF5;
40AA : FD47FC93;
40AB : FA28FA6A;
40AC : FC4DFC64;
40AD : FEAD0055;
40AE : FF9EFFDD;
40AF : 02000381;
40B0 : 05B807FD;
40B1 : 09150C2C;
40B2 : 0DD70B02;
40B3 : 09580871;
40B4 : 059C0401;
40B5 : 03AF02BE;
40B6 : 013EFFF0;
40B7 : FE27FDF4;
40B8 : FFCF0048;
40B9 : 00E3016E;
40BA : 034F0504;
40BB : 05340428;
40BC : 02FE036E;
40BD : 03BC031A;
40BE : 02160010;
40BF : FDC8FE2B;
40C0 : FF13FF34;
40C1 : 014B044C;
40C2 : 04A6071D;
40C3 : 08AA06F1;
40C4 : 08E60A10;
40C5 : 0AC60A00;
40C6 : 07010625;
40C7 : 06580589;
40C8 : 03B30397;
40C9 : 040D02C4;
40CA : 01F40291;
40CB : 0392041B;
40CC : 066D093C;
40CD : 09FA0A58;
40CE : 0A7C0A20;
40CF : 07C705BB;
40D0 : 047A0284;
40D1 : 03460208;
40D2 : FD78FEA7;
40D3 : FFB3FD59;
40D4 : FE250055;
40D5 : 00F00212;
40D6 : 02720098;
40D7 : 0026FE66;
40D8 : FC02FCDA;
40D9 : FB4AFAA3;
40DA : FBACFB20;
40DB : FC56FD7F;
40DC : FE1BFE6D;
40DD : FEA9FF64;
40DE : FF79FFA8;
40DF : FFF6003C;
40E0 : 00170124;
40E1 : 014801EA;
40E2 : 04200513;
40E3 : 05B4037F;
40E4 : 015F01DF;
40E5 : 0152013F;
40E6 : 00B20020;
40E7 : 00EF023E;
40E8 : 02F80374;
40E9 : 0469062B;
40EA : 06BA069D;
40EB : 087F0ACC;
40EC : 0B9C0C39;
40ED : 0ABD08F9;
40EE : 0969078A;
40EF : 047503D0;
40F0 : 029C013D;
40F1 : 0106022F;
40F2 : 031F004A;
40F3 : FF810304;
40F4 : 0434028E;
40F5 : 02BD02FD;
40F6 : 0264030D;
40F7 : 0289029E;
40F8 : 0056FE3E;
40F9 : FDF9FD07;
40FA : FB41F86A;
40FB : F9CFFB1C;
40FC : FB90FE0C;
40FD : FC6BFCB3;
40FE : FD80FC7C;
40FF : FD25FD1C;
4100 : FDE7FD1E;
4101 : FD2AFE71;
4102 : FF050003;
4103 : FFA70077;
4104 : 008600BF;
4105 : 00B700C7;
4106 : 045605DA;
4107 : 045C0578;
4108 : 06B806C8;
4109 : 06B106DA;
410A : 05C7040E;
410B : 037A039A;
410C : 02DF025A;
410D : 02AF021F;
410E : 033903D0;
410F : FFE2FF56;
4110 : FE9BFBB5;
4111 : FB41FBEE;
4112 : FBFAFC77;
4113 : FE81FDCA;
4114 : FD7A0082;
4115 : 009A0203;
4116 : 02D60179;
4117 : 01C202EE;
4118 : 0363018B;
4119 : FFE4FEE2;
411A : FF5900DF;
411B : 014D0379;
411C : 04D10486;
411D : 04A403BF;
411E : 02770293;
411F : 02AB011B;
4120 : 00970063;
4121 : FFBB001A;
4122 : FFF70067;
4123 : 01FD0312;
4124 : 0135014F;
4125 : 0084FD7D;
4126 : FEB3FE27;
4127 : FE3EFEE8;
4128 : FBDBFAE2;
4129 : FBA4FA55;
412A : F8F9F944;
412B : F967F622;
412C : F555F65F;
412D : F623F65A;
412E : F5EAF561;
412F : F5A4F48F;
4130 : F379F363;
4131 : F1CDF109;
4132 : F1C5F2B1;
4133 : F3B8F674;
4134 : F674F607;
4135 : F85FF74A;
4136 : F86DF92D;
4137 : F75EF988;
4138 : F9EEF97F;
4139 : F9D3F9B7;
413A : F94CF813;
413B : F978F894;
413C : F65EF651;
413D : F746F853;
413E : F8B1F99E;
413F : FB00FEB9;
4140 : FFF3FF9C;
4141 : 013001FD;
4142 : 01940084;
4143 : 00FA0196;
4144 : 020A02E5;
4145 : 021701E3;
4146 : 008CFFDE;
4147 : FECCFE9C;
4148 : FFACFCEC;
4149 : FA79F9E9;
414A : FB04FC9E;
414B : FDC3FDB0;
414C : FD09FE9B;
414D : FDE0FC82;
414E : FE5FFEDE;
414F : FEDDFF5A;
4150 : FFA0FEEC;
4151 : FE51FC8C;
4152 : FC9FFD62;
4153 : FE50002D;
4154 : FFE301C9;
4155 : 029D026A;
4156 : 0425044A;
4157 : 05D80569;
4158 : 03FE04D3;
4159 : 03FB0203;
415A : 00940103;
415B : 00A200D0;
415C : 016301A2;
415D : 03D404A1;
415E : 068C0692;
415F : 06120855;
4160 : 085006AA;
4161 : 057C0398;
4162 : 0231011F;
4163 : FFE5FF6C;
4164 : 002201BF;
4165 : FFE3FC4D;
4166 : FD8CFE40;
4167 : FC96FDAD;
4168 : FBAAF987;
4169 : F929F886;
416A : F8A1F9F8;
416B : FAA9FCAD;
416C : FE6EFD59;
416D : FC91FB69;
416E : FAA4FBC9;
416F : FC3BFD07;
4170 : FDFAFE6B;
4171 : FE34FDE0;
4172 : 00900226;
4173 : 00F801F1;
4174 : 031A019F;
4175 : 005CFFBB;
4176 : FFF901DD;
4177 : 03030414;
4178 : 0394027E;
4179 : 017A0174;
417A : 00BCFE9F;
417B : FFF9025A;
417C : 0166FFBE;
417D : FF2CFEED;
417E : FF8500B6;
417F : 00C00166;
4180 : 01280008;
4181 : 00D7FF8E;
4182 : 00D401D1;
4183 : FF81007C;
4184 : 0079FDD8;
4185 : FF1E000B;
4186 : FF5400D8;
4187 : 0036FDDD;
4188 : FEC1FF85;
4189 : 00EF03D5;
418A : 04E305FC;
418B : 08580A7C;
418C : 0A650982;
418D : 08C2085D;
418E : 08F609D4;
418F : 09F30A64;
4190 : 0B200B94;
4191 : 0A75099B;
4192 : 09C50971;
4193 : 09AF09EA;
4194 : 0A500BA3;
4195 : 0C7F0DBC;
4196 : 0F091080;
4197 : 10B110C1;
4198 : 12711186;
4199 : 10891062;
419A : 0FA30EB1;
419B : 0BE70B19;
419C : 0943077C;
419D : 080C0702;
419E : 06180520;
419F : 04A70626;
41A0 : 060E04C3;
41A1 : 041604B1;
41A2 : 049302AB;
41A3 : 007DFE47;
41A4 : FC90FBCE;
41A5 : FB94FB35;
41A6 : FBB7FD55;
41A7 : FDB4FB79;
41A8 : FB23FCDD;
41A9 : FC7FFC1F;
41AA : FC6FFD06;
41AB : FE0CFF0D;
41AC : FECDFE27;
41AD : FFADFF75;
41AE : FD2FFCFF;
41AF : FB88F96C;
41B0 : FA17FBBC;
41B1 : FAFAFA31;
41B2 : FC28FDB3;
41B3 : FDEDFE2D;
41B4 : FEEB0050;
41B5 : 017D0217;
41B6 : 023400DC;
41B7 : 005A00E8;
41B8 : FEEBFCC5;
41B9 : FC12FA2F;
41BA : FA7CFB8B;
41BB : FADBFAEA;
41BC : FABCF8D0;
41BD : F6F5F71F;
41BE : F76AF677;
41BF : F681F6C0;
41C0 : F66CF706;
41C1 : F7F6F7EB;
41C2 : F7F3F9B2;
41C3 : FAAFF97C;
41C4 : F9AAFB38;
41C5 : FC72FD2E;
41C6 : FE69FEBC;
41C7 : FE43FE8B;
41C8 : FF76FF90;
41C9 : FFB3FEEF;
41CA : FFDC0183;
41CB : 02500458;
41CC : 044600E9;
41CD : 003E0139;
41CE : 012000A7;
41CF : FEA9FCEA;
41D0 : FDAFFF8F;
41D1 : 00700182;
41D2 : 01DB00D3;
41D3 : 0234038F;
41D4 : 00D9FFD0;
41D5 : FFF1FE29;
41D6 : FE2CFE54;
41D7 : FCA4FC3B;
41D8 : FEF30021;
41D9 : FF90FF34;
41DA : FD86FB0D;
41DB : F804F63F;
41DC : F61CF479;
41DD : F3CEF3C9;
41DE : F32CF2EE;
41DF : F484F68B;
41E0 : F80AFAB0;
41E1 : FC20FB1D;
41E2 : FBAFFBFB;
41E3 : FB9AFB75;
41E4 : FB01F9F9;
41E5 : FB0BFD3A;
41E6 : FDD3FD6A;
41E7 : FB81F99C;
41E8 : F9B3F9C4;
41E9 : F9FAFAAE;
41EA : FC0DFC5D;
41EB : FBD0FDCE;
41EC : FF58FF65;
41ED : FF6EFF9A;
41EE : 002A009D;
41EF : 01C2004C;
41F0 : FF36004F;
41F1 : FFD8FE2D;
41F2 : FD6CFD2F;
41F3 : FCCAFC62;
41F4 : FD2CFDED;
41F5 : FF07FF47;
41F6 : FED3FFAB;
41F7 : 0031FF32;
41F8 : FE8EFECF;
41F9 : FDC4FC37;
41FA : FBEDFA7B;
41FB : F9ECFAE9;
41FC : FC99FD11;
41FD : FCECFD7E;
41FE : FF0E0027;
41FF : 00E9010F;
4200 : 01E001EE;
4201 : 00C600E2;
4202 : 021901E2;
4203 : 02AF0467;
4204 : 0545058E;
4205 : 041302B3;
4206 : 01E4006C;
4207 : 01C00201;
4208 : 002A018A;
4209 : 04510467;
420A : 04A4061B;
420B : 06FA07B4;
420C : 091609B2;
420D : 0A4B08A9;
420E : 07DB06BA;
420F : 03FB0217;
4210 : FFF0FFD5;
4211 : 01060266;
4212 : 02EB00EC;
4213 : FEE9003C;
4214 : 01E100CD;
4215 : FFB9FFD2;
4216 : FFD90068;
4217 : 00BDFF9C;
4218 : 00EE020E;
4219 : 0232041D;
421A : 04C302FD;
421B : 02AC0327;
421C : 023F0269;
421D : 02E501F2;
421E : 02E0027D;
421F : 031C0545;
4220 : 03FE03DC;
4221 : 065D077C;
4222 : 081B0692;
4223 : 03970450;
4224 : 0505050E;
4225 : 05C3026C;
4226 : 01A6023A;
4227 : 0183029E;
4228 : 02FC009E;
4229 : 0146023E;
422A : 015000B1;
422B : FF36FF02;
422C : FF0BFD95;
422D : FCF6FD48;
422E : FCB8FCE0;
422F : FF04FFC0;
4230 : FE58FB53;
4231 : F883F6DF;
4232 : F603F5FE;
4233 : F6A6F793;
4234 : F88DFB1A;
4235 : FD51FCEA;
4236 : FD80FF32;
4237 : 013C03D2;
4238 : 051E03FF;
4239 : 02AB025E;
423A : 02AF013F;
423B : 00850260;
423C : 025A01F9;
423D : 0264019C;
423E : 018B01A0;
423F : 040206B8;
4240 : 059003F7;
4241 : 03F5035D;
4242 : 049705D9;
4243 : 0623079A;
4244 : 08C70997;
4245 : 0A76099C;
4246 : 0780079C;
4247 : 07CA0701;
4248 : 06BF05C9;
4249 : 057705C0;
424A : 054C0552;
424B : 050104B7;
424C : 04A902C5;
424D : 03630481;
424E : 02C500E1;
424F : 014A00A4;
4250 : FF2AFEEB;
4251 : FE3BFDFF;
4252 : FE21FDD8;
4253 : FE0FFD41;
4254 : FD64FF8B;
4255 : 00EB0151;
4256 : 01DD020E;
4257 : 02A90376;
4258 : 03880339;
4259 : 02A70328;
425A : 03A6039A;
425B : 027F0021;
425C : FE59FD84;
425D : FC62FC4F;
425E : FDC6FDD0;
425F : FFA7024F;
4260 : 03490410;
4261 : 03D40407;
4262 : 04A3050D;
4263 : 06850686;
4264 : 02100050;
4265 : 021C0019;
4266 : 0000011C;
4267 : 00A00112;
4268 : 01C80138;
4269 : 010301B8;
426A : 020302C2;
426B : 013EFF6F;
426C : FE99FEBA;
426D : FF06FE68;
426E : FE4BFD6C;
426F : FCACFE5E;
4270 : 002C004E;
4271 : FFFC0025;
4272 : 00A5FFAD;
4273 : FF4B0041;
4274 : FFE301DE;
4275 : 049E055A;
4276 : 05F6044B;
4277 : 03D703CE;
4278 : 038D033A;
4279 : 0201FEF7;
427A : FDEFFFDA;
427B : FF0FFE97;
427C : FEB5FDC7;
427D : FEC4FF43;
427E : FEBBFEF1;
427F : FF43FF2A;
4280 : 0004FF50;
4281 : FDB5FBD4;
4282 : FA4DF870;
4283 : F7C3F91A;
4284 : FA41FA5D;
4285 : F9BCF982;
4286 : F804F598;
4287 : F51BF2DD;
4288 : F04FF18B;
4289 : F1F6F181;
428A : F258F2F9;
428B : F3E4F521;
428C : F61AF74A;
428D : F7EDF9E0;
428E : FA40F89C;
428F : F768F675;
4290 : F699F666;
4291 : F776F96C;
4292 : F847F7F3;
4293 : F85FF70E;
4294 : F621F6C9;
4295 : F822F84D;
4296 : F918FA2C;
4297 : F9DEFA57;
4298 : FBD2FD1C;
4299 : FDF3FE60;
429A : FF65FFCA;
429B : 0129011B;
429C : FFF7FE7F;
429D : FD31FD28;
429E : FB90FAFC;
429F : FD5EFEE8;
42A0 : 001D0197;
42A1 : 01F50255;
42A2 : 01B60188;
42A3 : 0062FFF2;
42A4 : 0179006A;
42A5 : FEFBFE4A;
42A6 : FDC1FCD9;
42A7 : FCDFFE7E;
42A8 : 0011FF8E;
42A9 : FECFFFCB;
42AA : 00230078;
42AB : 015D0033;
42AC : FFFA01C8;
42AD : 01C5003D;
42AE : 018602A0;
42AF : 03410330;
42B0 : 02D302A2;
42B1 : 00B80076;
42B2 : 00D4FF55;
42B3 : FE7FFE78;
42B4 : FD44FCDC;
42B5 : FDEF00D9;
42B6 : 02E60300;
42B7 : 03680297;
42B8 : 035E06A7;
42B9 : 08030566;
42BA : 049B0483;
42BB : 036D03AF;
42BC : 0250017B;
42BD : 004EFF9A;
42BE : 003AFFA0;
42BF : 002A00C1;
42C0 : FFCEFF58;
42C1 : 0091FF3F;
42C2 : FCD5FCAA;
42C3 : FD2AFD2E;
42C4 : FE00008D;
42C5 : 0096FE5E;
42C6 : FE37FFF5;
42C7 : FFB4FE7A;
42C8 : FD7CFC8E;
42C9 : FD15FF48;
42CA : 01C5028B;
42CB : 011002A9;
42CC : 040E02CF;
42CD : 0291036C;
42CE : 01940149;
42CF : 03AE0198;
42D0 : FD98FB69;
42D1 : FA9FFBF9;
42D2 : FCD8FD27;
42D3 : FE3D001F;
42D4 : 00F800A9;
42D5 : 02F0041A;
42D6 : 0423066D;
42D7 : 063F0257;
42D8 : 0057FEAD;
42D9 : FF4B01A2;
42DA : 02660359;
42DB : 022A00E4;
42DC : 015B00C9;
42DD : 0051000F;
42DE : FE4BFE19;
42DF : FF3D0017;
42E0 : 008DFF5E;
42E1 : 01C70513;
42E2 : 0466044B;
42E3 : 046A036A;
42E4 : 0481066A;
42E5 : 06870717;
42E6 : 06FE0783;
42E7 : 09E10ABA;
42E8 : 0A330B23;
42E9 : 0BAF0C3E;
42EA : 0C8A0CA4;
42EB : 0B8A095E;
42EC : 08EF09C7;
42ED : 09990828;
42EE : 08C50A0D;
42EF : 0A8C0C0A;
42F0 : 0CE60D34;
42F1 : 0DCF0CE3;
42F2 : 0AA60ACD;
42F3 : 0A3308F1;
42F4 : 096909C1;
42F5 : 0A1209BC;
42F6 : 09720A15;
42F7 : 0B6E0B99;
42F8 : 09DF0867;
42F9 : 07110613;
42FA : 05DC0587;
42FB : 0454013E;
42FC : 006E0191;
42FD : 01C301F2;
42FE : 00A90082;
42FF : 00E700CD;
4300 : 019500DD;
4301 : 00520098;
4302 : FFC5FE09;
4303 : FC99FD3E;
4304 : FC93FCC8;
4305 : FF3CFE9E;
4306 : FF0A016E;
4307 : FFF9FD56;
4308 : FDEFFDF8;
4309 : FC59FBCA;
430A : FBFAFBAB;
430B : FB8FFD6A;
430C : FD88FD71;
430D : FE3DFCA7;
430E : FAAFFC29;
430F : FE05FF1F;
4310 : FE37FC96;
4311 : FC24FA75;
4312 : FAFEFD52;
4313 : FDE5FE06;
4314 : FCFAFB76;
4315 : FB66FB94;
4316 : FBFEFCAD;
4317 : FAF6FB06;
4318 : FB41FA29;
4319 : F9F2FA7A;
431A : FBA6FC3E;
431B : FD7EFDC4;
431C : FCBCFCAC;
431D : FE0FFE28;
431E : FDB4FE48;
431F : FD76FC14;
4320 : FBD7FC7B;
4321 : FD7BFF37;
4322 : 011800D8;
4323 : 0029FF8F;
4324 : FDF4FD52;
4325 : FD62FD78;
4326 : FD0DFBBA;
4327 : FA1DFB44;
4328 : FC5CFC98;
4329 : FD58FD03;
432A : FB2FFBCA;
432B : FE97FEAD;
432C : FE5AFFB1;
432D : FF73FD8F;
432E : FC94FB20;
432F : FA5DFC1F;
4330 : FD1CFD04;
4331 : FBE2FB04;
4332 : FA26F7CA;
4333 : F6BCF590;
4334 : F57CF4C1;
4335 : F1E1F252;
4336 : F2B7F2CE;
4337 : F3AFF60D;
4338 : F733F665;
4339 : F79AF8E0;
433A : FA9EFAE6;
433B : F93BF91C;
433C : FA35FA1A;
433D : FA74FBDC;
433E : FB67FABD;
433F : F983F978;
4340 : FA48FAE6;
4341 : FB59FC01;
4342 : FBBCFC07;
4343 : FC9EFBEA;
4344 : FC6AFC06;
4345 : FC29FD71;
4346 : FEDC0011;
4347 : FF860027;
4348 : 014D0266;
4349 : 02E501C0;
434A : 0071007C;
434B : FFF000C1;
434C : 031702DD;
434D : 01D3008E;
434E : 00530124;
434F : 01420229;
4350 : 02390107;
4351 : 011B00AC;
4352 : FFE8FF9B;
4353 : FF23FFE4;
4354 : 00530057;
4355 : FFF5FFD8;
4356 : 00AD01F6;
4357 : 029901AF;
4358 : 01C5006B;
4359 : FD60FDA8;
435A : FEA6FE95;
435B : 00910229;
435C : 0290032B;
435D : 03B903EA;
435E : 04DE04C5;
435F : 039B0363;
4360 : 02390245;
4361 : 032A02D3;
4362 : 021C01F2;
4363 : 024F021D;
4364 : 01700146;
4365 : 02F3043E;
4366 : 050A04FE;
4367 : 02D20405;
4368 : 069A063A;
4369 : 07CA0914;
436A : 079005A8;
436B : 041E0235;
436C : 010401A3;
436D : 0254015D;
436E : 001D015A;
436F : 024102E2;
4370 : 0353029B;
4371 : 03E905F0;
4372 : 04670307;
4373 : 024000D7;
4374 : 024A0232;
4375 : 01F702C6;
4376 : 01690073;
4377 : FFFC003B;
4378 : 00B70068;
4379 : 0391051D;
437A : 01D802E4;
437B : 044A03F3;
437C : 049E03C1;
437D : 021CFFEA;
437E : FDB6FE0C;
437F : FE10FD5D;
4380 : FE19FEDB;
4381 : FFEB0100;
4382 : 01910060;
4383 : 00220137;
4384 : 013E0231;
4385 : 0176FE86;
4386 : FF5D0022;
4387 : FE10FE2B;
4388 : FDC3FC9A;
4389 : FC51FC02;
438A : FC2FFC0F;
438B : FCB4FC70;
438C : FC09FD63;
438D : FDB9FE25;
438E : FE1BFE69;
438F : 0025FFF1;
4390 : FDD4FECD;
4391 : 0168FFD3;
4392 : FF64FF48;
4393 : FF37007C;
4394 : 010502A1;
4395 : 02F70385;
4396 : 04730486;
4397 : 055905F2;
4398 : 03BF0320;
4399 : 042F01A0;
439A : 024903DE;
439B : 01E403C3;
439C : 06760639;
439D : 06DC05FE;
439E : 0622074A;
439F : 08520A30;
43A0 : 0A2C0933;
43A1 : 081108C1;
43A2 : 0949082E;
43A3 : 07BC0604;
43A4 : 045504FF;
43A5 : 0593033B;
43A6 : 01F00409;
43A7 : 04FD043C;
43A8 : 043B0350;
43A9 : 030103F7;
43AA : 045904BD;
43AB : 03B90295;
43AC : 02AC02A8;
43AD : 01E0000D;
43AE : FEB1FE08;
43AF : FD9DFDCF;
43B0 : FF1AFE73;
43B1 : FF250112;
43B2 : 00AF0085;
43B3 : FFE5FFAD;
43B4 : FF9FFD9E;
43B5 : FD73FF75;
43B6 : FE28FD11;
43B7 : FE9FFF55;
43B8 : 0026FFDC;
43B9 : FF55FEA4;
43BA : FE50FFAA;
43BB : FEEFFE05;
43BC : 00D8019C;
43BD : 00D00184;
43BE : 00660151;
43BF : 02F90200;
43C0 : 036101FE;
43C1 : FF9DFFFF;
43C2 : 005F010A;
43C3 : FF6DFFAC;
43C4 : 010A00C1;
43C5 : 02630295;
43C6 : 018F0256;
43C7 : 014D00E6;
43C8 : 017B00D4;
43C9 : 01A0008C;
43CA : FE96000B;
43CB : 02670156;
43CC : 01680221;
43CD : 02AE043E;
43CE : 04790576;
43CF : 056605B7;
43D0 : 06CB06AD;
43D1 : 067F058F;
43D2 : 05390601;
43D3 : 03C700B2;
43D4 : 00C3FF9B;
43D5 : FD6BFD22;
43D6 : FD59FDF6;
43D7 : FE38FE1E;
43D8 : FF5DFFF5;
43D9 : FE15FC47;
43DA : FCC0FCFB;
43DB : FDBDFD9F;
43DC : FC5CFB2D;
43DD : F9BAFA19;
43DE : F979F8AA;
43DF : F81BF75E;
43E0 : F6DBF7C3;
43E1 : F7B3F650;
43E2 : F64CF51F;
43E3 : F506F50E;
43E4 : F3CAF281;
43E5 : F2AAF364;
43E6 : F26FF231;
43E7 : F1F7F1B9;
43E8 : F280F2F7;
43E9 : F2EDF3A4;
43EA : F3DFF3F1;
43EB : F58DF5F7;
43EC : F641F620;
43ED : F452F5CD;
43EE : F6B2F571;
43EF : F66EF701;
43F0 : F5F5F677;
43F1 : F786F923;
43F2 : FB18FBD1;
43F3 : FD39FDDF;
43F4 : FC3BFB69;
43F5 : FCAAFD9C;
43F6 : FE5CFE1C;
43F7 : FC08FCA7;
43F8 : FD8FFCB9;
43F9 : FD5EFDC1;
43FA : FC7EFCC0;
43FB : FCC1FC91;
43FC : FECFFFF2;
43FD : FECBFE22;
43FE : FE50FF6D;
43FF : 005A0046;
4400 : 007200DB;
4401 : 0077FFC2;
4402 : FF4EFFF7;
4403 : 0040FF7C;
4404 : FE7BFE50;
4405 : FD60FCAD;
4406 : FE4CFF70;
4407 : FEECFEB4;
4408 : FF680084;
4409 : 023B0382;
440A : 041C053B;
440B : 0426037B;
440C : 038E0313;
440D : 034A02C4;
440E : 01ED00C0;
440F : FFEF0158;
4410 : 0234023B;
4411 : 0357036A;
4412 : 025502A5;
4413 : 02DC038E;
4414 : 030401FF;
4415 : 01EC02B6;
4416 : 0414041E;
4417 : 066E07A6;
4418 : 03FA01A0;
4419 : 005A0002;
441A : 009AFFAA;
441B : FED7FFBD;
441C : FFDAFF85;
441D : FF0E001E;
441E : 0009FE7E;
441F : FEAEFD33;
4420 : FBEDFC74;
4421 : FC8AFDF7;
4422 : FE51FE40;
4423 : FDEEFDBB;
4424 : FF040038;
4425 : 00F50184;
4426 : 016A011D;
4427 : 013A01A4;
4428 : 01C100F3;
4429 : 0030FFF0;
442A : FE9EFDFF;
442B : FF10FF44;
442C : FEFB0138;
442D : 018600F1;
442E : 0105009A;
442F : 01370194;
4430 : 00800097;
4431 : 01B90294;
4432 : 03100390;
4433 : 02C90160;
4434 : 0153012C;
4435 : FFC0FFC1;
4436 : 00E4026E;
4437 : 0377046D;
4438 : 06130555;
4439 : 03A6033E;
443A : 02B70240;
443B : 018D00CE;
443C : 0072012E;
443D : 018D0207;
443E : 028A025E;
443F : 01A2020F;
4440 : 02D6046D;
4441 : 05D30684;
4442 : 09AC0C4D;
4443 : 0B5D0AE3;
4444 : 0A11089A;
4445 : 090D0905;
4446 : 086A0A36;
4447 : 0AF60B24;
4448 : 0C3D0C02;
4449 : 0CD70DD8;
444A : 0D3D0C89;
444B : 0CA90D1C;
444C : 0D8C0EBF;
444D : 0F440F92;
444E : 0F060D22;
444F : 0CBB0CDE;
4450 : 0AE60BDE;
4451 : 0C100A9D;
4452 : 0C0F0B29;
4453 : 0A710BD0;
4454 : 0A72093B;
4455 : 086F08B5;
4456 : 099107E6;
4457 : 067C0720;
4458 : 069B0524;
4459 : 04290284;
445A : 0017FF4D;
445B : FEBDFC94;
445C : FD53FDF6;
445D : FD39FEDE;
445E : FF22FE01;
445F : FD7DFCD2;
4460 : FD0AFDBA;
4461 : FE16FECF;
4462 : FF85FF59;
4463 : FE57FE86;
4464 : FDBFFBBF;
4465 : FC0EFB99;
4466 : FA04FAC2;
4467 : FB5BFC0F;
4468 : FC6AFC9F;
4469 : FC63FAFF;
446A : FAA1FB27;
446B : FA90FAAB;
446C : FD6FFF34;
446D : FF4C0025;
446E : 0092FF60;
446F : FE62FD8D;
4470 : FDAFFD26;
4471 : FC06FCF5;
4472 : FCF8FCFB;
4473 : FDCDFDD1;
4474 : FD24FBCC;
4475 : FAFDFA8C;
4476 : FB50FC97;
4477 : FCE7FD05;
4478 : FC28FB39;
4479 : FBCEFC15;
447A : FBF3FC9B;
447B : FBECFBAA;
447C : FC6DFBB3;
447D : FC8BFEC5;
447E : FE7EFD67;
447F : FE35FCDC;
4480 : FB59FC7E;
4481 : FCBEFD6B;
4482 : FD82FD3D;
4483 : FEB5FDF5;
4484 : FC19FBD3;
4485 : FB0BF9C3;
4486 : F974F91F;
4487 : F9DCFAB6;
4488 : FB46FBFB;
4489 : FBE3FB6F;
448A : FB96FC15;
448B : FB98FC4C;
448C : FC1EFCDD;
448D : FEE1FDCA;
448E : FD66FD39;
448F : FB90FABA;
4490 : F9BBF819;
4491 : F86AF932;
4492 : F973F8AF;
4493 : F819F849;
4494 : F982FAF4;
4495 : FA96F900;
4496 : F91BF818;
4497 : F868FB12;
4498 : FC0FFB7C;
4499 : FADAFB0D;
449A : F9FBF94E;
449B : F92FF860;
449C : F7F6F935;
449D : FA2DFA97;
449E : FBDFFDAA;
449F : FEFCFE9B;
44A0 : FE56FF5E;
44A1 : 00740003;
44A2 : 007D0152;
44A3 : FFA8FDE3;
44A4 : FE8AFDF0;
44A5 : FD34FE20;
44A6 : FDFAFDC6;
44A7 : FEC5FDE7;
44A8 : FEDD0134;
44A9 : 018501AD;
44AA : 01E201E0;
44AB : 00EBFFFE;
44AC : 010E00E3;
44AD : 00800055;
44AE : FEA0FDC7;
44AF : FDCEFD62;
44B0 : FD1AFC5C;
44B1 : FBD3FBB4;
44B2 : FC50FEAE;
44B3 : 00380123;
44B4 : 010CFFDA;
44B5 : 013F0194;
44B6 : 01C90335;
44B7 : 02900268;
44B8 : 02EE025D;
44B9 : 01AC0090;
44BA : 00730013;
44BB : FFE9FE6E;
44BC : FD20FEE9;
44BD : FFA2FFB8;
44BE : 00820062;
44BF : 00D40148;
44C0 : 00760017;
44C1 : FFE6FFDD;
44C2 : 00780117;
44C3 : 0264034E;
44C4 : 03E40493;
44C5 : 0419025E;
44C6 : 037E04B6;
44C7 : 0413042A;
44C8 : 042B03C8;
44C9 : 02F301BA;
44CA : 016900DA;
44CB : 013D0126;
44CC : 01200161;
44CD : 0129024D;
44CE : 02C302E8;
44CF : 02D6026F;
44D0 : 035A0494;
44D1 : 05270469;
44D2 : 043703E5;
44D3 : 02E702F1;
44D4 : 037D0277;
44D5 : 027A041E;
44D6 : 045F042A;
44D7 : 0464050E;
44D8 : 03CF03CD;
44D9 : 04DC0393;
44DA : 038302ED;
44DB : 018CFF9B;
44DC : FE92FFB3;
44DD : FF89FF78;
44DE : FFDEFEFB;
44DF : FE0DFD71;
44E0 : FEE4FEF5;
44E1 : FF1D00CB;
44E2 : 01A601BF;
44E3 : 034E03D7;
44E4 : 034A02D6;
44E5 : 0118FF5E;
44E6 : FE08FDDC;
44E7 : FD10FCAF;
44E8 : FCA4FC68;
44E9 : FBF8FBD4;
44EA : FCDDFD4C;
44EB : FD4EFDCE;
44EC : FF05FEAC;
44ED : FE3F0025;
44EE : 01E20325;
44EF : 03FE0350;
44F0 : 02A901CA;
44F1 : 03060364;
44F2 : 02D8033A;
44F3 : 03E204D2;
44F4 : 04CF04DC;
44F5 : 04C90491;
44F6 : 04830512;
44F7 : 05510506;
44F8 : 065D07F3;
44F9 : 07430671;
44FA : 06A9062E;
44FB : 065E0743;
44FC : 0726076C;
44FD : 0930086E;
44FE : 07010707;
44FF : 05C604B0;
4500 : 06610635;
4501 : 04930334;
4502 : 013B01A1;
4503 : 020F0184;
4504 : 00D8FF41;
4505 : FEE2FED8;
4506 : FD02FC18;
4507 : FDB4FEAF;
4508 : FDCBFE54;
4509 : FFE1FFB2;
450A : FFAD0033;
450B : FF45FE85;
450C : FE77FEF6;
450D : 003D0087;
450E : 01A70215;
450F : 01C70289;
4510 : 01D1016D;
4511 : 030A0295;
4512 : 003D012C;
4513 : 02380141;
4514 : 00A9FFD7;
4515 : FF88FF85;
4516 : 007B01AB;
4517 : 02D103D0;
4518 : 03620203;
4519 : 01EF03A8;
451A : 03DC02EA;
451B : 045B0559;
451C : 033602C7;
451D : 045304C1;
451E : 04F103FB;
451F : 0393039B;
4520 : 015C00BF;
4521 : 00E400D1;
4522 : 014F00CB;
4523 : FF860007;
4524 : 01B900B9;
4525 : FF04FF74;
4526 : FFCFFFFE;
4527 : 00DB024D;
4528 : 04860459;
4529 : 03120345;
452A : 01BE015E;
452B : 033E03B3;
452C : 040A04BF;
452D : 049604D6;
452E : 054E0433;
452F : 024C0179;
4530 : 00FFFED6;
4531 : FDF3FEF0;
4532 : FE2CFCD5;
4533 : FB89FB5D;
4534 : FD94FE34;
4535 : FE01FE56;
4536 : FD46FCA7;
4537 : FBB5FB89;
4538 : FD45FE82;
4539 : FEB4FE01;
453A : FD30FD1A;
453B : FAB9F844;
453C : F898F6D0;
453D : F36DF303;
453E : F1BAF0DF;
453F : F1BCF0AF;
4540 : F02CF0CA;
4541 : F17CF1E2;
4542 : F255F36D;
4543 : F398F2E7;
4544 : F367F54F;
4545 : F4A4F3A5;
4546 : F45CF468;
4547 : F427F437;
4548 : F49AF454;
4549 : F42AF571;
454A : F64EF71C;
454B : F883F758;
454C : F5A5F8E9;
454D : FB16FA5C;
454E : FC3CFD7F;
454F : FD4FFD7F;
4550 : FD25FD38;
4551 : FDECFFE0;
4552 : FFA5FDD2;
4553 : FF900059;
4554 : FE30FF4F;
4555 : FFB8FDFE;
4556 : FE0EFEB6;
4557 : 000B011C;
4558 : 012C029E;
4559 : 0202FFD2;
455A : 00B90138;
455B : 00560053;
455C : FEEDFCE6;
455D : FC91FDB2;
455E : FD51FCD5;
455F : FE5BFED3;
4560 : FE2CFE47;
4561 : FD07FC3A;
4562 : FEA9005F;
4563 : FFD10148;
4564 : 027801DF;
4565 : 034D045E;
4566 : 023E01C9;
4567 : 033F0243;
4568 : 00E70205;
4569 : 033C02A1;
456A : 013700C7;
456B : FEB7FDAA;
456C : FFBE001C;
456D : FFA400C1;
456E : 01350062;
456F : FF950108;
4570 : 01F501C8;
4571 : 039103FA;
4572 : 028703A5;
4573 : 044D030D;
4574 : 0319031D;
4575 : 0137FF74;
4576 : FE92FD14;
4577 : FBDBFC99;
4578 : FCC6FC48;
4579 : FBE0FB70;
457A : FB3CFBC1;
457B : FC18FBB6;
457C : FBECFD02;
457D : FC4EFB2F;
457E : FC47FD8C;
457F : FE4BFE6B;
4580 : FCE2FC2A;
4581 : FD07FDEE;
4582 : FE91FF27;
4583 : 00320090;
4584 : FF52FEFF;
4585 : FFE3FF9A;
4586 : FF2700CC;
4587 : 008FFE91;
4588 : FEFD00F2;
4589 : 0060FFD4;
458A : 017A007B;
458B : FF630123;
458C : 00F30157;
458D : 03A7049B;
458E : 051F0637;
458F : 071606B5;
4590 : 06A30704;
4591 : 05D404DF;
4592 : 055F0578;
4593 : 032D01BD;
4594 : 01C4015F;
4595 : 012601FF;
4596 : 025102D2;
4597 : 048B04FF;
4598 : 058B081A;
4599 : 0A6B0AB8;
459A : 09F60B46;
459B : 0B41099E;
459C : 0AB30AB7;
459D : 0962094B;
459E : 0A010929;
459F : 07A608E9;
45A0 : 08880795;
45A1 : 084A0810;
45A2 : 083F0A25;
45A3 : 0BF70CFF;
45A4 : 0DD70E45;
45A5 : 0D430CE3;
45A6 : 0CF90B20;
45A7 : 0A0D0B5A;
45A8 : 0C7A0C8D;
45A9 : 0D3D0E13;
45AA : 0D4D0C9B;
45AB : 0D740C99;
45AC : 0AB50B0E;
45AD : 0AF40A51;
45AE : 09ED093E;
45AF : 08BA08BF;
45B0 : 082F0685;
45B1 : 0544048F;
45B2 : 027E0052;
45B3 : FF920171;
45B4 : 01FA0045;
45B5 : 011C00F0;
45B6 : FF35FE2C;
45B7 : FD77FDA3;
45B8 : FE41FE37;
45B9 : FCE4FE70;
45BA : 0172009F;
45BB : FF4E0086;
45BC : 00BDFF2B;
45BD : FE5CFECC;
45BE : FEB1FDD9;
45BF : FC84FB67;
45C0 : FA7BF9BF;
45C1 : F946F96E;
45C2 : F9DAF9BA;
45C3 : F8F9F82C;
45C4 : F8DEF8D7;
45C5 : F923FA92;
45C6 : FB95FC19;
45C7 : FB9EFBB5;
45C8 : FD10FE12;
45C9 : FDC0FD86;
45CA : FD81FCCA;
45CB : FC06FC47;
45CC : FC65FBDB;
45CD : FAD8F95D;
45CE : F9E7FBC3;
45CF : FC1AFC41;
45D0 : FD1AFD0E;
45D1 : FB2FF98E;
45D2 : FA60FC91;
45D3 : FEDDFE65;
45D4 : FD60FD68;
45D5 : FD12FCB8;
45D6 : FC88FD8A;
45D7 : FE27FE24;
45D8 : FD53FE3D;
45D9 : FFEFFF62;
45DA : FFDD013D;
45DB : 0127001F;
45DC : FEF7FF43;
45DD : FFC1FE88;
45DE : FD8AFD64;
45DF : FD80FD5C;
45E0 : FC5BFB9B;
45E1 : FC7AFD77;
45E2 : FD2CFCA5;
45E3 : FCCBFCA5;
45E4 : FD3EFE45;
45E5 : FD5EFD8C;
45E6 : FE2EFDB2;
45E7 : FD64FCF2;
45E8 : FBABFB29;
45E9 : FB43F9A4;
45EA : F8DFF9A7;
45EB : F890F71D;
45EC : F732F5E4;
45ED : F673F767;
45EE : F682F78C;
45EF : F84CF84E;
45F0 : F8FCF965;
45F1 : F98DF9A4;
45F2 : F9D2F889;
45F3 : F8CFFB76;
45F4 : FC03FB79;
45F5 : FBCFFC58;
45F6 : FB93FABC;
45F7 : FAEEFB30;
45F8 : FBBEFBA5;
45F9 : FBAEFC22;
45FA : FCD8FDF7;
45FB : FE30FBF6;
45FC : FAE2FB99;
45FD : FB85FBF1;
45FE : FC29FC5D;
45FF : FCEDFCFB;
4600 : FC23FC4A;
4601 : FEBCFF50;
4602 : FE90FF06;
4603 : FF1DFEDE;
4604 : FEF2FF25;
4605 : FE20FCAA;
4606 : FC97FC9F;
4607 : FC49FC97;
4608 : FDC9FDFD;
4609 : FC1AFBBE;
460A : FDDDFDEF;
460B : FE53FE3B;
460C : FCE4FE15;
460D : FDADFC93;
460E : FD9BFFD6;
460F : 01C40181;
4610 : 01DE02DE;
4611 : 038A031F;
4612 : 03450405;
4613 : 03510461;
4614 : 065C05A8;
4615 : 04670363;
4616 : 015FFF2F;
4617 : FF3B002D;
4618 : 004F0077;
4619 : 01A30134;
461A : 012602CA;
461B : 03AC03B6;
461C : 03520404;
461D : 047A0450;
461E : 058A054E;
461F : 0576059B;
4620 : 03F20350;
4621 : 0369021C;
4622 : 00E20095;
4623 : FFCAFED9;
4624 : FFBE0178;
4625 : 024F0157;
4626 : 002E006E;
4627 : FFEDFF3D;
4628 : 0047FF65;
4629 : FF3C0119;
462A : 014700D1;
462B : 01D20294;
462C : 01BC01FA;
462D : 027501A2;
462E : 02A502D5;
462F : 01BE025D;
4630 : 039F046A;
4631 : 04D1040F;
4632 : 046905CF;
4633 : 061504C1;
4634 : 037204A3;
4635 : 05C403B2;
4636 : 02C902C8;
4637 : 022CFFCC;
4638 : FD6BFD43;
4639 : FDFFFEAC;
463A : FFAF0025;
463B : FFA7FFE1;
463C : 00EE0191;
463D : 026E017E;
463E : FFDDFF66;
463F : 006A009B;
4640 : FFBDFF4E;
4641 : FE3CFC32;
4642 : FC83FCC5;
4643 : FB8BFBFC;
4644 : FC15FB13;
4645 : FBCFFAAB;
4646 : FB3BFDB9;
4647 : FD55FCF3;
4648 : FF71016C;
4649 : 011801B1;
464A : 03F00593;
464B : 049D0436;
464C : 053604D1;
464D : 061206B6;
464E : 067C062C;
464F : 05DC0621;
4650 : 056704CA;
4651 : 05CF0602;
4652 : 05E1061B;
4653 : 06350683;
4654 : 076C078E;
4655 : 0873092E;
4656 : 082A06B2;
4657 : 0654082E;
4658 : 0898077A;
4659 : 077606F8;
465A : 05EC04D2;
465B : 03A501C2;
465C : 019B00F4;
465D : 00270072;
465E : 00BC0091;
465F : 00F101D5;
4660 : 01B7FF7F;
4661 : FE80FF6D;
4662 : FF11FDC9;
4663 : FDD8FEA7;
4664 : FF10FF0C;
4665 : FFA2FF81;
4666 : FFFA013C;
4667 : 0082FF2F;
4668 : FFC80181;
4669 : 023301BF;
466A : 03C10667;
466B : 05B60302;
466C : 01870149;
466D : 0346041F;
466E : 037C0439;
466F : 04770357;
4670 : 02950368;
4671 : 05230554;
4672 : 03C60376;
4673 : 048604BE;
4674 : 0575066B;
4675 : 07280829;
4676 : 06E305C6;
4677 : 061805D8;
4678 : 047801E3;
4679 : 0073FF90;
467A : FF1AFEF9;
467B : FED1FFAD;
467C : 02520170;
467D : FF950089;
467E : 00EA0115;
467F : FFDBFFE8;
4680 : 01CA0123;
4681 : FF36FDF6;
4682 : FE75FFBF;
4683 : FF60FDE5;
4684 : FDDDFED3;
4685 : FF51FF49;
4686 : FF9900C0;
4687 : 01540130;
4688 : 01630123;
4689 : 02CE0423;
468A : 034A020D;
468B : 02B20339;
468C : 019B004F;
468D : FEAAFD9C;
468E : FDC2FE0A;
468F : FD73FC96;
4690 : FCF6FD8A;
4691 : FE5BFEBB;
4692 : FE87FE3E;
4693 : FE06FDD5;
4694 : FD72FE17;
4695 : FD3EFB11;
4696 : F8D9F6EC;
4697 : F613F51C;
4698 : F4A6F319;
4699 : F1FAF26C;
469A : F2B9F22A;
469B : F1CCF27C;
469C : F2F5F2CA;
469D : F1B4F273;
469E : F339F22B;
469F : F170F28B;
46A0 : F51BF6E4;
46A1 : F628F54C;
46A2 : F5B4F611;
46A3 : F796F84A;
46A4 : F7DBF83E;
46A5 : F856F82C;
46A6 : F84FF933;
46A7 : FAC2FA38;
46A8 : F8DBF8EF;
46A9 : FAF9FC13;
46AA : FAB6FA4F;
46AB : FC10FD57;
46AC : FC2DFD02;
46AD : FF9C00BA;
46AE : FFF2FF6E;
46AF : 00DA0259;
46B0 : 039403A6;
46B1 : 034301BC;
46B2 : 00D40020;
46B3 : FEFF0018;
46B4 : 00D000E4;
46B5 : FFBCFE73;
46B6 : FF83008B;
46B7 : 0015FDCD;
46B8 : FBC7FA47;
46B9 : F96CF996;
46BA : FA62FC0C;
46BB : FBEAFB8D;
46BC : FD09FED4;
46BD : FFD800CC;
46BE : 016401DC;
46BF : 01DE0201;
46C0 : 03770389;
46C1 : 0306020C;
46C2 : FF85FDDF;
46C3 : FDDAFE9C;
46C4 : FE8EFE12;
46C5 : FE68FE3B;
46C6 : FD80FD9D;
46C7 : FE7CFF78;
46C8 : 00A20035;
46C9 : FF000021;
46CA : 01A402DD;
46CB : 036203F6;
46CC : 03A401B9;
46CD : 00EF0062;
46CE : FF59FD44;
46CF : FC5CFC0E;
46D0 : FB2AFB66;
46D1 : FBC4FABE;
46D2 : FA49FABB;
46D3 : FB5DFBE7;
46D4 : FBE5FD33;
46D5 : FD65FC46;
46D6 : FBD5FACB;
46D7 : FB3FFBF2;
46D8 : FA95F9F0;
46D9 : FA92FB4A;
46DA : FB7AFB34;
46DB : FC1AFDB8;
46DC : FD9AFD88;
46DD : FE23FE52;
46DE : FF530117;
46DF : 01C0016A;
46E0 : 0164027A;
46E1 : 049E0466;
46E2 : 02940395;
46E3 : 03D50216;
46E4 : 01540176;
46E5 : 00CCFEAA;
46E6 : FE61FEF6;
46E7 : FF6C0155;
46E8 : 030503EB;
46E9 : 040305D9;
46EA : 06A00569;
46EB : 05C80748;
46EC : 075F0567;
46ED : 047404EE;
46EE : 05820473;
46EF : 0375052A;
46F0 : 06A40634;
46F1 : 05A30669;
46F2 : 071D05E9;
46F3 : 048A0564;
46F4 : 07A308A7;
46F5 : 08B608C3;
46F6 : 08860938;
46F7 : 0AED0C4A;
46F8 : 0C620C28;
46F9 : 0B3B0A79;
46FA : 0ADF0C8E;
46FB : 0E5B0DBC;
46FC : 0D530D93;
46FD : 0CBA0BD9;
46FE : 0D540F0E;
46FF : 0D230CD7;
4700 : 0E270D9D;
4701 : 0C900CE9;
4702 : 0DB50CE3;
4703 : 0C2E0BA6;
4704 : 0C5B0D57;
4705 : 0C780B90;
4706 : 0CBF0EBF;
4707 : 0DAD0BFA;
4708 : 0B4C0A7F;
4709 : 08FB077C;
470A : 06A50513;
470B : 04A4056C;
470C : 04440341;
470D : 030C00F9;
470E : FF2BFFAE;
470F : FFA3FEE7;
4710 : FE5FFD61;
4711 : FC83FD0C;
4712 : FEE60077;
4713 : 00AA020E;
4714 : 032A02E7;
4715 : 0359034C;
4716 : 02EC0392;
4717 : 02FA018C;
4718 : 0015FE1E;
4719 : FCA4FBA4;
471A : FBBAFB29;
471B : FAF9FB9A;
471C : FBA3FB4D;
471D : FB6FFB8F;
471E : FAF4FBBA;
471F : FCA5FCC6;
4720 : FCA4FDF9;
4721 : 00270106;
4722 : 0100008C;
4723 : FF81FDE3;
4724 : FDF1FDCF;
4725 : FBD4FA5F;
4726 : F951F7F1;
4727 : F711F814;
4728 : F858F768;
4729 : F7D0F7D8;
472A : F7EAF86A;
472B : F916FA5C;
472C : FA07F8EB;
472D : FA35FB92;
472E : FB0EFAD1;
472F : F9FAFAB6;
4730 : FB71FC0E;
4731 : FE3FFECB;
4732 : FEA7FFD8;
4733 : 004EFF75;
4734 : FEDBFFD4;
4735 : 0151011E;
4736 : 00460206;
4737 : 019DFFE4;
4738 : FFE9FE35;
4739 : FDC7FD5C;
473A : FCA7FCC8;
473B : FCA7FD3B;
473C : FD6BFC9E;
473D : FC3DFC01;
473E : FB4DFBA2;
473F : FC93FB38;
4740 : FB6BFC34;
4741 : FA1FF924;
4742 : F963F9E2;
4743 : F98EF7AE;
4744 : F66EF673;
4745 : F57DF54E;
4746 : F62BF544;
4747 : F452F406;
4748 : F380F2EE;
4749 : F367F3D2;
474A : F306F294;
474B : F373F537;
474C : F6C7F7E1;
474D : F819F89B;
474E : FB34FCB1;
474F : FBAAFAB1;
4750 : FB66FBB9;
4751 : FB10FC9F;
4752 : FE37FFC0;
4753 : 00DCFFCE;
4754 : FEEEFF3E;
4755 : FF71FEB2;
4756 : FE46003D;
4757 : 00B2FF3A;
4758 : FFA8FFC4;
4759 : FF6B00BA;
475A : 01480150;
475B : 024A017D;
475C : 010A00CF;
475D : 01AC0297;
475E : 01E400BA;
475F : FF77FEF8;
4760 : FFFD01CF;
4761 : 009D0046;
4762 : 00E6FF7C;
4763 : FF80FF35;
4764 : FCEEFB9B;
4765 : FBB0FA8D;
4766 : F966F97F;
4767 : F88FF78D;
4768 : F687F6CE;
4769 : FA7EFCE1;
476A : FD10FE08;
476B : 00820316;
476C : 02CC0269;
476D : 040F0439;
476E : 041E0480;
476F : 03CF0322;
4770 : 02A301B8;
4771 : 01820221;
4772 : 03220312;
4773 : 01800113;
4774 : 021401FE;
4775 : 027C03BE;
4776 : 047705F3;
4777 : 06EA0745;
4778 : 0781076D;
4779 : 071F06A3;
477A : 05E4052A;
477B : 04B702A2;
477C : 009DFFC3;
477D : FF11FF8A;
477E : FFB7FDF8;
477F : FCB8FDD6;
4780 : FF12FE35;
4781 : FD75FEDA;
4782 : FED6FDCB;
4783 : FE7AFEE1;
4784 : FE39FEF6;
4785 : FFE3FFAF;
4786 : 000A0057;
4787 : 004B011B;
4788 : 01F10155;
4789 : 00B7018E;
478A : 02380289;
478B : 02960172;
478C : 00C7011D;
478D : 01530162;
478E : 032C04DA;
478F : 03E90260;
4790 : 026F023C;
4791 : 02000257;
4792 : 027F0240;
4793 : 028B031B;
4794 : 04010425;
4795 : 0430054B;
4796 : 047903C9;
4797 : 045302F9;
4798 : 01350143;
4799 : 0054FE34;
479A : FE5F001C;
479B : FF26FD40;
479C : FD47FD2B;
479D : FCB0FD69;
479E : FD98FC35;
479F : FC51FCC9;
47A0 : FBBEFBFC;
47A1 : FD67FE13;
47A2 : FDC0FF53;
47A3 : 00C20085;
47A4 : 014701FB;
47A5 : 02C50379;
47A6 : 04120404;
47A7 : 03C10340;
47A8 : 01E901C7;
47A9 : 03A40432;
47AA : 027C02DC;
47AB : 04D304EF;
47AC : 051106D0;
47AD : 07AF0727;
47AE : 07EB094A;
47AF : 0A340AEF;
47B0 : 0B920A61;
47B1 : 08C108DE;
47B2 : 089507E6;
47B3 : 07E7069A;
47B4 : 04C30507;
47B5 : 05A00482;
47B6 : 03E70392;
47B7 : 02C603DC;
47B8 : 04C5039C;
47B9 : 022A0224;
47BA : 0141FF6A;
47BB : FF32FEB8;
47BC : FCDCFB22;
47BD : FA72FAB6;
47BE : FA93FA3D;
47BF : FAF2FD50;
47C0 : FE92FE6D;
47C1 : FF580101;
47C2 : 028E023D;
47C3 : 028503E9;
47C4 : 04AF03DC;
47C5 : 036F03FF;
47C6 : 047203FC;
47C7 : 03A203B6;
47C8 : 02AD01C0;
47C9 : 023F0287;
47CA : 00C80088;
47CB : 00BB0082;
47CC : 02A80372;
47CD : 02C103DC;
47CE : 05BE067D;
47CF : 06DE07B1;
47D0 : 07AA06B2;
47D1 : 06AA075B;
47D2 : 067005B5;
47D3 : 05670445;
47D4 : 043F055C;
47D5 : 04710295;
47D6 : 0281028E;
47D7 : 01CE014F;
47D8 : 019F0220;
47D9 : 0259019B;
47DA : 013401CD;
47DB : 01BDFFE4;
47DC : FE2FFF7B;
47DD : 0111007F;
47DE : 0126032F;
47DF : 025D01EB;
47E0 : 03D903D2;
47E1 : 01ED021E;
47E2 : 042C03D8;
47E3 : 028102C0;
47E4 : 037E02F1;
47E5 : 02E202C7;
47E6 : 01C10170;
47E7 : 0002FE9D;
47E8 : FEB2FE42;
47E9 : FD66FCB3;
47EA : FC02FBD1;
47EB : FC6AFCB2;
47EC : FC1AFADD;
47ED : FB1FFC37;
47EE : F9FDF8AF;
47EF : F930F7C3;
47F0 : F651F672;
47F1 : F670F5B7;
47F2 : F452F2D9;
47F3 : F2DAF357;
47F4 : F21BF0EC;
47F5 : F110F065;
47F6 : EEB8EE13;
47F7 : F0B4F28A;
47F8 : F253F316;
47F9 : F4ACF542;
47FA : F487F539;
47FB : F622F5E3;
47FC : F5F4F5C4;
47FD : F4EBF4CC;
47FE : F500F4C6;
47FF : F5AEF73F;
4800 : F673F6C7;
4801 : F82BF7D4;
4802 : F7B4F8FD;
4803 : FB3CFB85;
4804 : FBB8FDC2;
4805 : FF0AFF41;
4806 : FF0BFF2E;
4807 : FEF2FEBC;
4808 : FFADFFBA;
4809 : FF60FF3D;
480A : FE26FD76;
480B : FD4AFCC4;
480C : FC78FCE3;
480D : FCFEFD17;
480E : FE0AFF45;
480F : FEEFFE89;
4810 : FFF5FFFE;
4811 : FE98FE90;
4812 : 00E5FFEC;
4813 : FD52FE3B;
4814 : FEDDFE99;
4815 : FDF4FE25;
4816 : FF18001B;
4817 : FFDFFF63;
4818 : 007B02CF;
4819 : 03EF0313;
481A : 04380553;
481B : 03D40409;
481C : 0578046E;
481D : 0304039D;
481E : 04AC0379;
481F : 00F1FFF7;
4820 : FF99FED7;
4821 : FDE8FD65;
4822 : FE94FF21;
4823 : FE830024;
4824 : 0126FF36;
4825 : FE89003C;
4826 : 008AFF03;
4827 : FE5AFDF5;
4828 : FC3BF949;
4829 : F9DCFAF9;
482A : F8BDF7FA;
482B : F8C9F84F;
482C : F6B3F650;
482D : F712F6FE;
482E : F670F6C5;
482F : F7EDF847;
4830 : F7F5F80A;
4831 : F878F8F9;
4832 : F9D8FA66;
4833 : F9EFFAE0;
4834 : FC48FD6D;
4835 : FDDBFD36;
4836 : FCCCFE18;
4837 : 007BFFB2;
4838 : 005403C1;
4839 : 03B601EC;
483A : 037704B6;
483B : 03800285;
483C : 02730273;
483D : 023301AF;
483E : 015D0143;
483F : 0169020C;
4840 : 02EB02CA;
4841 : 02A3041D;
4842 : 04E8054F;
4843 : 05C90681;
4844 : 06D6059A;
4845 : 05320642;
4846 : 060C05EC;
4847 : 061804D2;
4848 : 048204AA;
4849 : 04C80516;
484A : 04A90390;
484B : 03B0039B;
484C : 031A034E;
484D : 03FB04C5;
484E : 05140584;
484F : 07E30895;
4850 : 078F09D4;
4851 : 0C540C9A;
4852 : 0D260D58;
4853 : 0DBB0E97;
4854 : 0EE61039;
4855 : 11B91160;
4856 : 10CE11AA;
4857 : 11CD1175;
4858 : 10D61074;
4859 : 116911AF;
485A : 1214128E;
485B : 127312DD;
485C : 11FE10B3;
485D : 10BD1066;
485E : 0FC40EDF;
485F : 0E2E0DFF;
4860 : 0D1F0B60;
4861 : 0ADB091E;
4862 : 072E079D;
4863 : 066D04DA;
4864 : 051004A2;
4865 : 039002CC;
4866 : 01C60165;
4867 : 01450084;
4868 : 01160111;
4869 : FF15FDEC;
486A : FDC0FD14;
486B : FD05FD62;
486C : FD51FD1A;
486D : FC24FCB6;
486E : FD92FCAF;
486F : FD42FE81;
4870 : FE5DFE2C;
4871 : FF2E0075;
4872 : 00A10037;
4873 : 010C028B;
4874 : 022701FB;
4875 : 02B10105;
4876 : FE60FE85;
4877 : FEBEFD1D;
4878 : FD4BFE06;
4879 : FD2BFE22;
487A : 000AFEDD;
487B : FE1EFEAF;
487C : FDCAFD51;
487D : FD24FBB9;
487E : FB08FA76;
487F : FA2CFAD2;
4880 : F9AEF79A;
4881 : F801F912;
4882 : F77DF65F;
4883 : F775F886;
4884 : F869F843;
4885 : F952FAFE;
4886 : FA3BF8D8;
4887 : F96BFA0E;
4888 : F9CCF97A;
4889 : FA02FA43;
488A : FAB7FB13;
488B : F9DFF8DD;
488C : FA25FAF8;
488D : F9F6FA81;
488E : FD32FE6E;
488F : FDFCFED4;
4890 : 00650036;
4891 : FFB200AB;
4892 : 01A30254;
4893 : 026D01A5;
4894 : 015B0159;
4895 : 00A5FFB8;
4896 : FF8AFEF4;
4897 : FE34FE21;
4898 : FE2BFE92;
4899 : FDE7FC87;
489A : FBD8FB48;
489B : FAFEFB60;
489C : FA70F970;
489D : F9BEFA51;
489E : F973F83D;
489F : F7EFF85B;
48A0 : F7C2F5AB;
48A1 : F499F468;
48A2 : F450F2F9;
48A3 : F28DF39C;
48A4 : F340F1DE;
48A5 : F33FF542;
48A6 : F50BF493;
48A7 : F506F625;
48A8 : F88CFAFE;
48A9 : FA76FA27;
48AA : FB72FBB6;
48AB : FB23FCA4;
48AC : FD38FC29;
48AD : FC3CFE24;
48AE : FF6AFF60;
48AF : FEDEFF29;
48B0 : FFAFFFB0;
48B1 : 005CFFE5;
48B2 : FF0CFF82;
48B3 : 00B10195;
48B4 : 01150022;
48B5 : 0108017F;
48B6 : 003B0074;
48B7 : 01550039;
48B8 : FDF5FDF1;
48B9 : FF46FF25;
48BA : FECD000C;
48BB : 0081FF8B;
48BC : FFC8FFD5;
48BD : FE4AFDF7;
48BE : FE46FDD6;
48BF : FCE9FC9B;
48C0 : FB56F9A1;
48C1 : F983FA76;
48C2 : F9BDF990;
48C3 : FB7FFC25;
48C4 : FC88FE9E;
48C5 : FF7AFEB9;
48C6 : FF02004F;
48C7 : 012F017B;
48C8 : 026F045E;
48C9 : 04F60452;
48CA : 048B0567;
48CB : 053A0374;
48CC : 021E032A;
48CD : 02F60042;
48CE : FF050086;
48CF : 0073FFE4;
48D0 : 0059013B;
48D1 : 0232033F;
48D2 : 039B030A;
48D3 : 03FE0563;
48D4 : 052A0468;
48D5 : 04C504A7;
48D6 : 028C0121;
48D7 : 01E502AF;
48D8 : 0074FF2A;
48D9 : 001500A7;
48DA : 0028FF76;
48DB : 006C0097;
48DC : FF3BFFEB;
48DD : 012B019C;
48DE : 00B100CA;
48DF : 01B300C5;
48E0 : FF73FFB2;
48E1 : 007DFFB5;
48E2 : FF20FF98;
48E3 : 00670095;
48E4 : FFB9003D;
48E5 : 019702C1;
48E6 : 037A0323;
48E7 : 02BA03CA;
48E8 : 040803E1;
48E9 : 04910488;
48EA : 033B0247;
48EB : 01E202A4;
48EC : 0266000C;
48ED : 00F702F4;
48EE : 019D0136;
48EF : 0271031A;
48F0 : 021B006E;
48F1 : 00B5015E;
48F2 : FF8AFEC7;
48F3 : 00210049;
48F4 : 00D40191;
48F5 : 01C801FF;
48F6 : 00A6FF6D;
48F7 : FEEAFEC3;
48F8 : FF6AFF88;
48F9 : FED9FF27;
48FA : 0024FF79;
48FB : FECDFF2A;
48FC : FED6FFB8;
48FD : 00DD0197;
48FE : 023A02C7;
48FF : 036B0388;
4900 : 043604B2;
4901 : 047C04D8;
4902 : 052E04A6;
4903 : 055D0682;
4904 : 06CF069A;
4905 : 065D060A;
4906 : 05E805C8;
4907 : 04AB0476;
4908 : 04E704D8;
4909 : 052706DE;
490A : 076B066D;
490B : 05B60550;
490C : 056F0413;
490D : 038502FF;
490E : 01AA01E7;
490F : 025C025C;
4910 : 01DD0058;
4911 : FF740038;
4912 : FFC2FECF;
4913 : 004A00B6;
4914 : 004100B5;
4915 : 010A00E1;
4916 : 0009FE7E;
4917 : FD1AFD64;
4918 : FD63FD39;
4919 : FE230012;
491A : 00CE004F;
491B : 02340212;
491C : 007801BC;
491D : 045C03F8;
491E : 041B060A;
491F : 061705AD;
4920 : 05A70584;
4921 : 04810302;
4922 : 034C0463;
4923 : 03820341;
4924 : 047003A0;
4925 : 014F01C0;
4926 : 038E0297;
4927 : 021303AC;
4928 : 04780486;
4929 : 053604D2;
492A : 04A4052F;
492B : 0531059A;
492C : 053C045C;
492D : 046003C3;
492E : 0321035E;
492F : 048B03F3;
4930 : 03140343;
4931 : 0378034D;
4932 : 0286032E;
4933 : 031C02CC;
4934 : 02BD02BE;
4935 : 03A00389;
4936 : 03640376;
4937 : 03560240;
4938 : 022C0462;
4939 : 04A30429;
493A : 053A06B1;
493B : 06E00574;
493C : 052D05C7;
493D : 04CC0380;
493E : 03A1033D;
493F : 03630398;
4940 : 02EA024C;
4941 : 00CE0064;
4942 : FF76FD26;
4943 : FD7FFE77;
4944 : FD3EFC76;
4945 : FCB2FCD4;
4946 : FB08F93C;
4947 : F9BBF900;
4948 : F745F732;
4949 : F741F74D;
494A : F78CF7BF;
494B : F843F791;
494C : F5BBF547;
494D : F4CBF364;
494E : F344F2E6;
494F : F0F7EFB8;
4950 : F064EF8B;
4951 : EE1FEEF6;
4952 : EF60EF59;
4953 : F040F24E;
4954 : F30DF260;
4955 : F386F58F;
4956 : F6D2F823;
4957 : F830F736;
4958 : F720F8DC;
4959 : FAE1FB54;
495A : FAB7FB5B;
495B : FC8EFC42;
495C : FC4FFD44;
495D : FD28FC19;
495E : FC56FD75;
495F : FDBBFDD7;
4960 : FE45FF2B;
4961 : FEB0FD85;
4962 : FC60FB3D;
4963 : F9CAF9DD;
4964 : FC72FD2C;
4965 : FBD1FC96;
4966 : FE13FD28;
4967 : FCEEFE09;
4968 : FDFBFE35;
4969 : FE48FECD;
496A : FED1FDE7;
496B : FE43FE89;
496C : FE6BFE3A;
496D : FD23FBF0;
496E : FBE1FD81;
496F : FDE5FC9E;
4970 : FC71FE23;
4971 : FDE1FDCD;
4972 : FEE0FEB8;
4973 : FE59FF5F;
4974 : 0190028F;
4975 : 024101BC;
4976 : 028103DD;
4977 : 03FB030B;
4978 : 020201A2;
4979 : 01B501AA;
497A : 0266028C;
497B : 01580092;
497C : FF380042;
497D : 0093FE37;
497E : FD60FE5A;
497F : FEA3FE41;
4980 : FE93FE56;
4981 : FD17FD7A;
4982 : FF46FE9A;
4983 : FD1CFD32;
4984 : FD88FCEE;
4985 : FC1FFC01;
4986 : FABEF8F4;
4987 : F8FBF8D3;
4988 : F819F6CE;
4989 : F67AF756;
498A : F72AF87A;
498B : FA59FA1D;
498C : F92DF958;
498D : F9DBFA57;
498E : F9BDFA47;
498F : FAF0FB8B;
4990 : FCADFCA2;
4991 : FDB8FE93;
4992 : FE39FE50;
4993 : FEE9FF36;
4994 : FF4100A7;
4995 : 024F0184;
4996 : 013202E8;
4997 : 028C014B;
4998 : 02460436;
4999 : 03FA02E5;
499A : 03DB0556;
499B : 05F70636;
499C : 06B60736;
499D : 05DF0514;
499E : 06A6088A;
499F : 087E085D;
49A0 : 0862083E;
49A1 : 08ED098F;
49A2 : 090408D8;
49A3 : 08B10773;
49A4 : 06CF0648;
49A5 : 067B06CB;
49A6 : 064C06C0;
49A7 : 06F906FB;
49A8 : 068005CC;
49A9 : 06B508AF;
49AA : 09450944;
49AB : 09AD0B07;
49AC : 0C920CDB;
49AD : 0EF6117B;
49AE : 10300EDB;
49AF : 1052122F;
49B0 : 111B0F68;
49B1 : 10C111DF;
49B2 : 10130FB9;
49B3 : 10500F37;
49B4 : 0EBA0F14;
49B5 : 0F200F83;
49B6 : 0F0E0E1B;
49B7 : 0E0A0E9C;
49B8 : 0E2E0D0E;
49B9 : 0C8E0C58;
49BA : 0CD50CA5;
49BB : 0B290C13;
49BC : 0D580B24;
49BD : 096309B2;
49BE : 085E072F;
49BF : 076A0628;
49C0 : 051E049F;
49C1 : 036302A6;
49C2 : 01770182;
49C3 : 0101FE80;
49C4 : FE6400AA;
49C5 : FFEFFD26;
49C6 : FC57FCB1;
49C7 : FB9CFBA1;
49C8 : FCD7FC42;
49C9 : FB04FBEF;
49CA : FDC7FE43;
49CB : FE55FE2D;
49CC : FE9CFFB8;
49CD : FF6AFE3D;
49CE : FDAAFCD8;
49CF : FC10FC8E;
49D0 : FBF0FB78;
49D1 : FB41FA6B;
49D2 : FB1AFBA2;
49D3 : FAB3FA78;
49D4 : FAAFFB14;
49D5 : FB89FB9C;
49D6 : FB6CFC5E;
49D7 : FCEEFCC3;
49D8 : FDD3FE17;
49D9 : FC59FC32;
49DA : FDADFD6F;
49DB : FCA9FD4E;
49DC : FD39FCAE;
49DD : FBF1FB87;
49DE : FC50FB7A;
49DF : FA9CFC9E;
49E0 : FDAAFBAF;
49E1 : F9ECFB63;
49E2 : FD00FC0F;
49E3 : FB27FB69;
49E4 : FB0FF9DF;
49E5 : F90BFAA4;
49E6 : FBE3FB3E;
49E7 : FC9CFDD0;
49E8 : FDC7FD80;
49E9 : FD42FE6D;
49EA : FE6FFDA0;
49EB : FD89FEB4;
49EC : FF0AFE17;
49ED : FD26FD54;
49EE : FD68FCAF;
49EF : FCFFFD65;
49F0 : FD6DFCB5;
49F1 : FCDDFE86;
49F2 : FEC5FC83;
49F3 : FAFBFC5F;
49F4 : FCFBFC6A;
49F5 : FCB6FD05;
49F6 : FCD6FC08;
49F7 : FBF4FC33;
49F8 : FAE9F90B;
49F9 : F853F898;
49FA : F7B1F7D3;
49FB : F889F7E6;
49FC : F735F765;
49FD : F67DF658;
49FE : F690F6B3;
49FF : F6B5F5AB;
4A00 : F60EF6BB;
4A01 : F720F892;
4A02 : FA2BFAB7;
4A03 : FAACFA97;
4A04 : FAC4FAA3;
4A05 : FBA3FC55;
4A06 : FB95FBE2;
4A07 : FB90FC26;
4A08 : FC9FFB64;
4A09 : FB95FD0A;
4A0A : FC26FB88;
4A0B : FCD5FDBB;
4A0C : FDDCFDBF;
4A0D : FE45FE91;
4A0E : FD72FDD4;
4A0F : FF1DFF49;
4A10 : FDC3FCF6;
4A11 : FDB2FD47;
4A12 : FDC6FF1E;
4A13 : FE55FC59;
4A14 : FD25FE24;
4A15 : FD92FD6F;
4A16 : FCC1FC19;
4A17 : FBF6FB86;
4A18 : FB6AFC81;
4A19 : FC16FC02;
4A1A : FC9FFC86;
4A1B : FC98FDC6;
4A1C : FE2DFD4B;
4A1D : FDD9FDAF;
4A1E : FDADFF2F;
4A1F : 00000129;
4A20 : 02530143;
4A21 : 004B01BB;
4A22 : 020D0154;
4A23 : 024502F2;
4A24 : 026601F9;
4A25 : 02D50316;
4A26 : 03390249;
4A27 : 006C02CA;
4A28 : 03CE0136;
4A29 : 01410292;
4A2A : 01D102AB;
4A2B : 03BB023F;
4A2C : 021602AA;
4A2D : 02AF03CD;
4A2E : 03E1026B;
4A2F : 021702B3;
4A30 : 0391044D;
4A31 : 031001E2;
4A32 : 02710203;
4A33 : 016801B5;
4A34 : 018100B9;
4A35 : FF2CFEF6;
4A36 : 00CF01B3;
4A37 : FFE4FF8C;
4A38 : 0013FEF1;
4A39 : FE29FEC4;
4A3A : 004A00C9;
4A3B : FFDAFF42;
4A3C : 00DA026F;
4A3D : 006900BA;
4A3E : 03CA02CB;
4A3F : 00D4019A;
4A40 : 01EC0233;
4A41 : 03640296;
4A42 : 02210323;
4A43 : 0268016B;
4A44 : 02B703B8;
4A45 : 032402F3;
4A46 : 022E0318;
4A47 : 03FC014F;
4A48 : 007802BA;
4A49 : 01B2FFE9;
4A4A : 00EA010D;
4A4B : 01E20298;
4A4C : 0223027C;
4A4D : 01A700F3;
4A4E : 01F202FC;
4A4F : 038D02EE;
4A50 : 01E10253;
4A51 : 023800FB;
4A52 : 0092FFE9;
4A53 : FF3CFDEF;
4A54 : FE330106;
4A55 : 0082FF5E;
4A56 : FF75FEF6;
4A57 : FFD90013;
4A58 : 00070182;
4A59 : 026F022F;
4A5A : 026F03F0;
4A5B : 054104F7;
4A5C : 049505AA;
4A5D : 064C0570;
4A5E : 04C805C8;
4A5F : 077A0753;
4A60 : 06FA077B;
4A61 : 06660566;
4A62 : 06620682;
4A63 : 05890639;
4A64 : 060F0513;
4A65 : 0556059D;
4A66 : 0497034B;
4A67 : 038F038E;
4A68 : 0264026C;
4A69 : 03630333;
4A6A : 02D40396;
4A6B : 039F0263;
4A6C : 01DE01FD;
4A6D : 011400D9;
4A6E : 00F2FFCA;
4A6F : FFCFFFA7;
4A70 : FFE900E5;
4A71 : FFC6FFE6;
4A72 : 0017FEA1;
4A73 : FFA10128;
4A74 : FFD9FFA9;
4A75 : 016501DC;
4A76 : 01AF0200;
4A77 : 021B0243;
4A78 : 029B032F;
4A79 : 046E048B;
4A7A : 03790428;
4A7B : 052D057D;
4A7C : 0554044E;
4A7D : 04560488;
4A7E : 04CA04A0;
4A7F : 04C904F9;
4A80 : 03B80420;
4A81 : 05F90655;
4A82 : 055B060D;
4A83 : 068A062B;
4A84 : 06A50670;
4A85 : 063005DE;
4A86 : 05720538;
4A87 : 0487041D;
4A88 : 048A04AF;
4A89 : 03F6045C;
4A8A : 03B30232;
4A8B : 027E0311;
4A8C : 040003E1;
4A8D : 036402CB;
4A8E : 032703E0;
4A8F : 026F0215;
4A90 : 031A02C0;
4A91 : 01AC031C;
4A92 : 046B022F;
4A93 : 005B00D5;
4A94 : 01590107;
4A95 : 010B0271;
4A96 : 0260017B;
4A97 : 021D0230;
4A98 : 009CFF4C;
4A99 : FFBD007D;
4A9A : FFC4FF10;
4A9B : FF40FFF2;
4A9C : 00C9FFA5;
4A9D : FECFFECA;
4A9E : FE2DFE05;
4A9F : FD0BFD7A;
4AA0 : FE14FB63;
4AA1 : FA63FC43;
4AA2 : FBB6F9F3;
4AA3 : F937F870;
4AA4 : F93DF90A;
4AA5 : F776F7B7;
4AA6 : F789F667;
4AA7 : F5CCF4D5;
4AA8 : F303F1A4;
4AA9 : F1FAF1DF;
4AAA : F1D6F2FB;
4AAB : F326F19A;
4AAC : F1FEF332;
4AAD : F2D2F205;
4AAE : F0DCF141;
4AAF : F315F404;
4AB0 : F412F50C;
4AB1 : F728F80B;
4AB2 : F72BF671;
4AB3 : F714F782;
4AB4 : F76AF84D;
4AB5 : F91BF95C;
4AB6 : F97EFA67;
4AB7 : FAB3F9FD;
4AB8 : FA90F9E3;
4AB9 : F8AEFAF1;
4ABA : FC16FAD6;
4ABB : FA22FA37;
4ABC : FCA8FDAD;
4ABD : FC4FFB8C;
4ABE : FB95FBCC;
4ABF : FB5DFBDE;
4AC0 : FDD0FEA2;
4AC1 : FEA4FE86;
4AC2 : FFB8FF2E;
4AC3 : FDF2FE09;
4AC4 : FDE0FEE8;
4AC5 : FF30FE1E;
4AC6 : FDBAFE00;
4AC7 : FEC6FEF3;
4AC8 : FDC6FD82;
4AC9 : FE2BFDF9;
4ACA : FDE7FE5D;
4ACB : FE8FFE9C;
4ACC : FEF7FEC7;
4ACD : FEAD00C7;
4ACE : 0140FFD1;
4ACF : 0101027F;
4AD0 : 02430211;
4AD1 : 039003E2;
4AD2 : 01D7FFE0;
4AD3 : FF210047;
4AD4 : FF8BFE34;
4AD5 : FEA6FDA9;
4AD6 : FD50FD5F;
4AD7 : FD82FEB4;
4AD8 : FD2BFB7D;
4AD9 : FB72FB8C;
4ADA : FC42FCBE;
4ADB : FD5DFD05;
4ADC : FBF9FC36;
4ADD : FBB0FB0C;
4ADE : FC03FAC9;
4ADF : F845F809;
4AE0 : F887F90F;
4AE1 : F8ECF836;
4AE2 : F856F7B3;
4AE3 : F730F805;
4AE4 : F74AF6C9;
4AE5 : F872F86A;
4AE6 : F88EF9BD;
4AE7 : F95CF89B;
4AE8 : F84AF8CB;
4AE9 : F8F7F87B;
4AEA : F811F8B3;
4AEB : FAAFFC05;
4AEC : FD37FF6B;
4AED : FF79FE12;
4AEE : FE9AFF8E;
4AEF : FF970052;
4AF0 : 00CE0114;
4AF1 : 01CD0205;
4AF2 : 02B10484;
4AF3 : 04BF0363;
4AF4 : 045404FC;
4AF5 : 04D9061F;
4AF6 : 068C062B;
4AF7 : 06DE07D5;
4AF8 : 073106E5;
4AF9 : 0713070E;
4AFA : 078D07DB;
4AFB : 082A09D1;
4AFC : 0A7D097F;
4AFD : 090409D7;
4AFE : 0A5A0A14;
4AFF : 09510913;
4B00 : 0AAB0C66;
4B01 : 0C170C00;
4B02 : 0D520DDE;
4B03 : 0D070BF8;
4B04 : 0D070D6E;
4B05 : 0C960CBF;
4B06 : 0D5D0DC8;
4B07 : 0E7F108C;
4B08 : 10E90F78;
4B09 : 0F290F8F;
4B0A : 0F220E4E;
4B0B : 0F31103E;
4B0C : 10811078;
4B0D : 0FD4103C;
4B0E : 1066100C;
4B0F : 0FB20F64;
4B10 : 0EF20EE6;
4B11 : 0E250DE3;
4B12 : 0EFD0E84;
4B13 : 0BFB0A3C;
4B14 : 0B060BD2;
4B15 : 09BA08BD;
4B16 : 092A09DD;
4B17 : 099B0823;
4B18 : 082F08A4;
4B19 : 06620403;
4B1A : 03CD0296;
4B1B : 01C902A5;
4B1C : 02BB0134;
4B1D : 004300B7;
4B1E : 01160114;
4B1F : 005F016C;
4B20 : 0179FEDE;
4B21 : FE78FF6A;
4B22 : FFDB0028;
4B23 : FFD2FDEB;
4B24 : FC0EFD2D;
4B25 : FE47FE93;
4B26 : FF4C0062;
4B27 : FFD3FEEF;
4B28 : FF4DFF33;
4B29 : FE89FD8B;
4B2A : FC88FB1D;
4B2B : FBEAFDCE;
4B2C : FC20FC54;
4B2D : FDD4FCF3;
4B2E : FBF0FB7B;
4B2F : FB08FAC3;
4B30 : FA40F9F7;
4B31 : FB06FB76;
4B32 : FBAAFD2F;
4B33 : FD6AFD3F;
4B34 : FDCEFCB1;
4B35 : FB2AFBB2;
4B36 : FBD9FAED;
4B37 : FA9EFB0B;
4B38 : FAE4FA15;
4B39 : FA5BFAEF;
4B3A : FA2EF9BD;
4B3B : F9FAFA2F;
4B3C : FAC2FC12;
4B3D : FC61FAF5;
4B3E : FAE8FB83;
4B3F : FA42FB0D;
4B40 : FCC1FB7C;
4B41 : FC18FE50;
4B42 : FF18FD6B;
4B43 : FCA5FE83;
4B44 : FEA3FD91;
4B45 : FCFAFC71;
4B46 : FC51FD1D;
4B47 : FE8DFF4B;
4B48 : FEE7FE46;
4B49 : FDF3FDEA;
4B4A : FDFDFE21;
4B4B : FCECFC3A;
4B4C : FD7BFE13;
4B4D : FDBCFE4D;
4B4E : FDDAFC29;
4B4F : FB8DFB5A;
4B50 : FB58FAE3;
4B51 : FB87FC82;
4B52 : FB9BFA2C;
4B53 : F9C1FA76;
4B54 : FA83F916;
4B55 : F8D2F8FB;
4B56 : F7A9F6F2;
4B57 : F82DF983;
4B58 : F99DF8FF;
4B59 : F910F91E;
4B5A : F844F749;
4B5B : F670F6D6;
4B5C : F7F3F80E;
4B5D : F800F949;
4B5E : FA6BF9E8;
4B5F : F96AF9EE;
4B60 : F96FF8B1;
4B61 : FA6AFB2D;
4B62 : F99CFA7F;
4B63 : FC86FBA3;
4B64 : FA85FB33;
4B65 : FB7FF989;
4B66 : FA21FC75;
4B67 : FC05FAD0;
4B68 : FBFCFDB1;
4B69 : FCF8FABE;
4B6A : FA36FA49;
4B6B : FAA6FB4B;
4B6C : FB6BFC3B;
4B6D : FD47FDB7;
4B6E : FC56FB79;
4B6F : FBAFFB71;
4B70 : FAB1FBBA;
4B71 : FC74FBED;
4B72 : FC49FCE1;
4B73 : FDE0FE7C;
4B74 : FDCEFE1A;
4B75 : FF0AFEBC;
4B76 : FDBFFF17;
4B77 : 0104FEFF;
4B78 : FDBCFF1A;
4B79 : FF5EFECA;
4B7A : 002700F1;
4B7B : 0051013D;
4B7C : 038A03AA;
4B7D : 020B02AB;
4B7E : 03950268;
4B7F : 01940312;
4B80 : 04500335;
4B81 : 038803E2;
4B82 : 03500444;
4B83 : 056404A8;
4B84 : 02150187;
4B85 : 02BC0205;
4B86 : 015D02C1;
4B87 : 03CA042B;
4B88 : 047604F3;
4B89 : 057F0507;
4B8A : 03EE02DC;
4B8B : 027C029B;
4B8C : 01BD0167;
4B8D : 02470399;
4B8E : 01C8FFE3;
4B8F : 016F015C;
4B90 : 00B40225;
4B91 : 024B0140;
4B92 : 01D10241;
4B93 : 00D3FF7A;
4B94 : FF900039;
4B95 : FFD8FF4A;
4B96 : FFAFFF51;
4B97 : FE3E0009;
4B98 : 03090170;
4B99 : 0128020F;
4B9A : 0088FFB2;
4B9B : FF64FF07;
4B9C : FF3DFF16;
4B9D : FF87FF5B;
4B9E : FEFC0083;
4B9F : 00BFFF8A;
4BA0 : FFDF016A;
4BA1 : 02180172;
4BA2 : 01220086;
4BA3 : 006401D2;
4BA4 : 0102007A;
4BA5 : 00CF018F;
4BA6 : 018B0175;
4BA7 : 01C3FFD6;
4BA8 : FF17005A;
4BA9 : 004AFEF3;
4BAA : FE44FF4D;
4BAB : FFE4FF61;
4BAC : FEC80070;
4BAD : 01DE0135;
4BAE : 01820116;
4BAF : 00E80191;
4BB0 : 01CE0144;
4BB1 : 00930087;
4BB2 : 001100A5;
4BB3 : 033603FD;
4BB4 : 031B02A1;
4BB5 : 05380666;
4BB6 : 040F0405;
4BB7 : 0547048F;
4BB8 : 0470050A;
4BB9 : 054004BF;
4BBA : 04180407;
4BBB : 05450575;
4BBC : 033103ED;
4BBD : 057E0496;
4BBE : 03B6040C;
4BBF : 049903A4;
4BC0 : 028B03A0;
4BC1 : 03D20363;
4BC2 : 03FD04F9;
4BC3 : 051F0396;
4BC4 : 03210353;
4BC5 : 01F80142;
4BC6 : 01E00106;
4BC7 : 00170060;
4BC8 : 01280212;
4BC9 : 035202A5;
4BCA : 018502A8;
4BCB : 03CD0343;
4BCC : 031602EB;
4BCD : 02A701F7;
4BCE : 01B30257;
4BCF : 0200024F;
4BD0 : 03580425;
4BD1 : 04650376;
4BD2 : 046505FE;
4BD3 : 06470676;
4BD4 : 051D04E7;
4BD5 : 05EC058C;
4BD6 : 0575066B;
4BD7 : 074606A8;
4BD8 : 06A0081D;
4BD9 : 0757078E;
4BDA : 08530681;
4BDB : 05BA054F;
4BDC : 036C03A1;
4BDD : 05C30605;
4BDE : 06240717;
4BDF : 06620731;
4BE0 : 07A6058E;
4BE1 : 05AE06C0;
4BE2 : 05D8059B;
4BE3 : 063A0568;
4BE4 : 05F106D7;
4BE5 : 06390523;
4BE6 : 059006E2;
4BE7 : 06E40559;
4BE8 : 04350556;
4BE9 : 04E5018E;
4BEA : 024A0319;
4BEB : 00BD00C6;
4BEC : 02C4028F;
4BED : 01EB02BC;
4BEE : 03D60421;
4BEF : 02B2033D;
4BF0 : 0361013B;
4BF1 : FFC2FFA9;
4BF2 : FF2EFDDB;
4BF3 : FE71FF19;
4BF4 : FD78FD4B;
4BF5 : FEA9FF51;
4BF6 : FE5DFE90;
4BF7 : FF13FEF9;
4BF8 : FF23FE6D;
4BF9 : FD15FBF6;
4BFA : FC33FC1E;
4BFB : FB3EFAF7;
4BFC : F99EF854;
4BFD : F8C7F821;
4BFE : F6D9F731;
4BFF : F751F6AD;
4C00 : F574F592;
4C01 : F562F406;
4C02 : F4D8F521;
4C03 : F440F4DD;
4C04 : F648F591;
4C05 : F33FF386;
4C06 : F41AF360;
4C07 : F2E2F400;
4C08 : F3DCF244;
4C09 : F38EF658;
4C0A : F725F5F3;
4C0B : F719F8E4;
4C0C : F7F2F777;
4C0D : F62EF599;
4C0E : F5BEF55A;
4C0F : F514F68C;
4C10 : F811F73E;
4C11 : F818F9A0;
4C12 : F93AF96A;
4C13 : F977FAB5;
4C14 : FC42FBEA;
4C15 : FB65FB97;
4C16 : FB34FA16;
4C17 : F95EF976;
4C18 : FB21FC18;
4C19 : FB3BFC05;
4C1A : FDA6FCBB;
4C1B : FC4AFCAE;
4C1C : FC44FC3C;
4C1D : FC04FC08;
4C1E : FDF4FEAF;
4C1F : FCFBFE24;
4C20 : FF4DFDF8;
4C21 : FD21FCA6;
4C22 : FDD9FE7A;
4C23 : FD65FE24;
4C24 : FEBFFE69;
4C25 : FD2CFDB7;
4C26 : FFABFFED;
4C27 : FF0FFD91;
4C28 : FF2B008F;
4C29 : FEE7FEED;
4C2A : FEEEFDE8;
4C2B : FD4EFCE7;
4C2C : FD43FD7C;
4C2D : FD38FDDB;
4C2E : FF1DFE7A;
4C2F : FD8CFE54;
4C30 : FF20FEB7;
4C31 : FCBFFC41;
4C32 : FC58FB02;
4C33 : FA3CFAAC;
4C34 : FABCF9BD;
4C35 : FA19FAB7;
4C36 : FA3FF9FB;
4C37 : FAACFAB3;
4C38 : F8DFF85C;
4C39 : FAFEFCB0;
4C3A : FB7AF9D6;
4C3B : FB0BFC49;
4C3C : FC69FB6F;
4C3D : F9BEF9B6;
4C3E : FA79F9F3;
4C3F : F92FF81E;
4C40 : F752F7EA;
4C41 : F8CFFA0A;
4C42 : F963F959;
4C43 : FB2DFC07;
4C44 : FC69FD98;
4C45 : FFF4FF90;
4C46 : FD10FE10;
4C47 : FF70FF7E;
4C48 : FE88FEE5;
4C49 : FFD7FF80;
4C4A : 00010174;
4C4B : 02BF02A6;
4C4C : 030A0470;
4C4D : 04BF0461;
4C4E : 05CF07A9;
4C4F : 07CE075C;
4C50 : 069706C7;
4C51 : 070A0714;
4C52 : 076D0687;
4C53 : 0695085E;
4C54 : 093C08AD;
4C55 : 09090A49;
4C56 : 0B1F0C9A;
4C57 : 0CA40AFE;
4C58 : 0B300D63;
4C59 : 0E5D0D8C;
4C5A : 0D900DEC;
4C5B : 0E0B0EDD;
4C5C : 0E550CD0;
4C5D : 0CD10D5E;
4C5E : 0C860D90;
4C5F : 0E870F80;
4C60 : 10411042;
4C61 : 10421006;
4C62 : 1161115D;
4C63 : 1042101D;
4C64 : 0FCD0F30;
4C65 : 0F080F8F;
4C66 : 0E730DA7;
4C67 : 0ED40F7F;
4C68 : 0ECA0FC7;
4C69 : 10A90E75;
4C6A : 0D390D3B;
4C6B : 0D030C3F;
4C6C : 0B2309C3;
4C6D : 09AD0A5C;
4C6E : 09B00979;
4C6F : 08C807CA;
4C70 : 09250833;
4C71 : 060C0633;
4C72 : 05F90444;
4C73 : 02640378;
4C74 : 043F02B9;
4C75 : 0283042A;
4C76 : 030600F1;
4C77 : 022602D9;
4C78 : 01C70268;
4C79 : 02A70240;
4C7A : 028601FE;
4C7B : 00D9013A;
4C7C : 017E001E;
4C7D : FFCCFFFA;
4C7E : FE71FE03;
4C7F : FE15FEE9;
4C80 : FE19FC7F;
4C81 : FD7EFD4E;
4C82 : FB8BFCBD;
4C83 : FE7DFE63;
4C84 : FEB4FE15;
4C85 : FEEAFF25;
4C86 : FD88FE10;
4C87 : FD64FBED;
4C88 : FC54FBE8;
4C89 : FB9CFB06;
4C8A : FBA3FC30;
4C8B : FBA8FCF2;
4C8C : FCE5FB88;
4C8D : FB1FFBA1;
4C8E : FC8DFCDA;
4C8F : FCB5FD93;
4C90 : FC8FFBED;
4C91 : FC4DFC24;
4C92 : FC98FC62;
4C93 : FC18FC90;
4C94 : FD3DFC71;
4C95 : FB68FB5F;
4C96 : FAE4FA41;
4C97 : F9F2FA72;
4C98 : FABAF9B7;
4C99 : FB70FC92;
4C9A : FBC4FD52;
4C9B : FDE3FDB8;
4C9C : FD0CFBE7;
4C9D : FC91FC55;
4C9E : FC19FC41;
4C9F : FC41FB9A;
4CA0 : FC03FDDE;
4CA1 : FDF4FDD9;
4CA2 : FD56FC88;
4CA3 : FDB4FDAE;
4CA4 : FC53FD0F;
4CA5 : FD2AFD1D;
4CA6 : FC45FBEB;
4CA7 : FBD3FB3D;
4CA8 : FAA2FADA;
4CA9 : FB85FB94;
4CAA : FC36FC90;
4CAB : FAF9FA4F;
4CAC : F97CF909;
4CAD : FA64FA1A;
4CAE : FA2CF9C4;
4CAF : F859F946;
4CB0 : F974F9F6;
4CB1 : F862F83A;
4CB2 : F868F735;
4CB3 : F817F716;
4CB4 : F528F579;
4CB5 : F86FF914;
4CB6 : F781F7A2;
4CB7 : F965FA0D;
4CB8 : F908F6D2;
4CB9 : F78DF8E9;
4CBA : F787F8E1;
4CBB : FA5EF9F1;
4CBC : F9D8FAEC;
4CBD : FBD6FB7D;
4CBE : FB74FC3A;
4CBF : FC40FAF8;
4CC0 : FA15FACC;
4CC1 : FB06F820;
4CC2 : F753F950;
4CC3 : F877F898;
4CC4 : FB09FABE;
4CC5 : F7E5F95D;
4CC6 : FC73FA7D;
4CC7 : F982FB4D;
4CC8 : FB01FAA5;
4CC9 : FC0EFBD8;
4CCA : FB6BFDED;
4CCB : 0122FF31;
4CCC : FD5AFE7C;
4CCD : FF41FC90;
4CCE : FA49FD76;
4CCF : FE3AFD58;
4CD0 : FF87FFC3;
4CD1 : FE77FF2A;
4CD2 : FF4CFF0E;
4CD3 : 0034FF04;
4CD4 : FEB6FF5D;
4CD5 : FF080020;
4CD6 : 00FC022F;
4CD7 : 02A00154;
4CD8 : 009C032F;
4CD9 : 03200393;
4CDA : 054702DB;
4CDB : 02FD04DB;
4CDC : 04550519;
4CDD : 06A503F6;
4CDE : 034804AD;
4CDF : 04C40533;
4CE0 : 05470549;
4CE1 : 0402022E;
4CE2 : 0318023E;
4CE3 : 000201B3;
4CE4 : 0451024A;
4CE5 : 02310419;
4CE6 : 03FA0548;
4CE7 : 05CE03FD;
4CE8 : 02E70207;
4CE9 : 035503AA;
4CEA : 026003E0;
4CEB : 0325016A;
4CEC : 017D0048;
4CED : 012C0183;
4CEE : 003D00CB;
4CEF : 00E2FE45;
4CF0 : FFAA0131;
4CF1 : FF20FEDB;
4CF2 : 00A5FFE0;
4CF3 : FD66FD64;
4CF4 : FEDE00CE;
4CF5 : 00F300BA;
4CF6 : 00EA01D8;
4CF7 : 01DAFEF3;
4CF8 : FE900256;
4CF9 : 011DFEAF;
4CFA : 00A100D6;
4CFB : 005B0172;
4CFC : 023A0182;
4CFD : 02090107;
4CFE : 024D0257;
4CFF : 00A402B3;
4D00 : 0289FFBC;
4D01 : 0165033B;
4D02 : 02130080;
4D03 : 003A033A;
4D04 : 02AF0012;
4D05 : 022400B7;
4D06 : FEA0039F;
4D07 : 0523FEFF;
4D08 : FFFE0282;
4D09 : 0108FF99;
4D0A : FE390090;
4D0B : 0174FD83;
4D0C : F507F28E;
4D0D : FAD5FB92;
4D0E : F9DCFDF5;
4D0F : FEC2FD46;
4D10 : 010A020F;
4D11 : 019A00E0;
4D12 : 02F501DA;
4D13 : 03CB0515;
4D14 : 05790972;
4D15 : 07DE0623;
4D16 : 0A710768;
4D17 : 01B205E6;
4D18 : 0D400E3F;
4D19 : 0C9F0FDF;
4D1A : 0ED30D72;
4D1B : 0AB30B78;
4D1C : 06E60547;
4D1D : 0A160B8D;
4D1E : 0C7E0E0A;
4D1F : 0E720CDD;
4D20 : 0C410798;
4D21 : 06950A1D;
4D22 : 09EB07C5;
4D23 : 067F073E;
4D24 : 0644048B;
4D25 : 04630315;
4D26 : 04BA03D8;
4D27 : FF70FC2C;
4D28 : FACAF97D;
4D29 : F4FEF656;
4D2A : F870FA0C;
4D2B : FAE1F7FF;
4D2C : F8EAFFBF;
4D2D : FF1EFCE1;
4D2E : FE470419;
4D2F : 01800176;
4D30 : 0036FD3B;
4D31 : FCD001AD;
4D32 : 05B20658;
4D33 : 02F201DE;
4D34 : 083E034B;
4D35 : 02890113;
4D36 : 03A205D6;
4D37 : 022507C1;
4D38 : 0AE30AE6;
4D39 : 0EF40F52;
4D3A : 05D305B1;
4D3B : 02780081;
4D3C : 058B05D7;
4D3D : 05D2FFFC;
4D3E : 0502073D;
4D3F : 04700429;
4D40 : 06DC0185;
4D41 : F84BFF02;
4D42 : 026C03A1;
4D43 : 0B6C0D18;
4D44 : 0B990CD7;
4D45 : 07A50B76;
4D46 : 11DE10AB;
4D47 : 0E160D31;
4D48 : 0CB10D4D;
4D49 : 0B260BDF;
4D4A : 057A072F;
4D4B : 087D04F8;
4D4C : 005101A6;
4D4D : 0AD20971;
4D4E : 038F05C0;
4D4F : 02D608D3;
4D50 : 0425FCE3;
4D51 : FDB5F3AE;
4D52 : FBA2FA90;
4D53 : F79DFBD9;
4D54 : F56AEDBF;
4D55 : F313F108;
4D56 : F22BF2B5;
4D57 : EFA4FA80;
4D58 : F44AF239;
4D59 : F5B6FE11;
4D5A : FDE4F789;
4D5B : F021EEFE;
4D5C : EC4CEA31;
4D5D : F1A0F5B9;
4D5E : F066F6E3;
4D5F : F69AE4B0;
4D60 : EA47F29E;
4D61 : E849E2CD;
4D62 : E996EACD;
4D63 : FB1AF7A2;
4D64 : F699F8EC;
4D65 : F79DF6D7;
4D66 : F8B0F660;
4D67 : F210F7FB;
4D68 : F986FC5F;
4D69 : FF19FB7C;
4D6A : F402FB29;
4D6B : F7B2F492;
4D6C : F6D0F9C3;
4D6D : FF39048D;
4D6E : 029E02AF;
4D6F : 04F006B5;
4D70 : 00030194;
4D71 : FC51F83F;
4D72 : 05FDFE16;
4D73 : FA28FD5C;
4D74 : FC8600A8;
4D75 : FB9EF4C5;
4D76 : FC1BFEA0;
4D77 : F641EDBF;
4D78 : F24DF67D;
4D79 : F859F86E;
4D7A : F043F5CF;
4D7B : F366ED1F;
4D7C : EA92EA07;
4D7D : E6A8EB91;
4D7E : E920E949;
4D7F : E7DEE103;
4D80 : E359E20C;
4D81 : E428E2EE;
4D82 : E564EFBB;
4D83 : EB3AEF87;
4D84 : FB3BF7D8;
4D85 : 026703E1;
4D86 : 03A404FA;
4D87 : 03110FC7;
4D88 : 112001E4;
4D89 : 09B51141;
4D8A : 124F0ED5;
4D8B : 073F064C;
4D8C : 08300F79;
4D8D : 0DDC0FA9;
4D8E : 12CF0E58;
4D8F : 10E10F5C;
4D90 : 0D5D0E04;
4D91 : 0D720991;
4D92 : 05FC063C;
4D93 : 05C008E9;
4D94 : 08900511;
4D95 : 048EFF3D;
4D96 : 03D8056C;
4D97 : 047DFE22;
4D98 : FD480096;
4D99 : 026F0424;
4D9A : 055B07E0;
4D9B : 05AF06A0;
4D9C : F744F07E;
4D9D : 05B40253;
4D9E : FF5BFFFA;
4D9F : F213FAC6;
4DA0 : FCE5F664;
4DA1 : F21FECEC;
4DA2 : F3FFF5A1;
4DA3 : F047F36C;
4DA4 : F81A0558;
4DA5 : 0333FC84;
4DA6 : 055A0503;
4DA7 : FDCDF647;
4DA8 : F399FABD;
4DA9 : FDE40264;
4DAA : FFA7F37E;
4DAB : F5D1F85A;
4DAC : F7C0F985;
4DAD : F6E8F5A3;
4DAE : 00C2037B;
4DAF : 01B6FD52;
4DB0 : 016E0794;
4DB1 : 04DF02D5;
4DB2 : 00FF0461;
4DB3 : 09530C1D;
4DB4 : 07D8FFED;
4DB5 : 03950530;
4DB6 : 083703D3;
4DB7 : FE770ABB;
4DB8 : 08770273;
4DB9 : 05260A6F;
4DBA : 13370CAF;
4DBB : 0A181379;
4DBC : 183F1618;
4DBD : 143A1278;
4DBE : 12280D3A;
4DBF : 1A0D1E1D;
4DC0 : 1A011998;
4DC1 : 125513F6;
4DC2 : 128B12DB;
4DC3 : 1CE51A54;
4DC4 : 184C269F;
4DC5 : 2D9F3149;
4DC6 : 2E6B2511;
4DC7 : 2757202D;
4DC8 : 21782286;
4DC9 : 1C6822FF;
4DCA : 23C7202A;
4DCB : 20DB195F;
4DCC : 1272131C;
4DCD : 10C90C96;
4DCE : 14021A52;
4DCF : 11C6158D;
4DD0 : 13A60F73;
4DD1 : 0C8001C6;
4DD2 : FFD4F71F;
4DD3 : F7360200;
4DD4 : FD01F887;
4DD5 : F78CF5BD;
4DD6 : F38FEE20;
4DD7 : F0CBF365;
4DD8 : EF07F14E;
4DD9 : F35AF893;
4DDA : F996F903;
4DDB : F8BAFABF;
4DDC : F99BF41A;
4DDD : F61BF11D;
4DDE : F1C9F74D;
4DDF : F7D3F6DA;
4DE0 : F7AAF344;
4DE1 : F27DFB4F;
4DE2 : ED3CF002;
4DE3 : 0169FC3A;
4DE4 : F5BDF64B;
4DE5 : FB38FD91;
4DE6 : 00BDFB2F;
4DE7 : F946FDE5;
4DE8 : 04BD04E9;
4DE9 : 0046F7AC;
4DEA : FFD8F843;
4DEB : F1F2FEBA;
4DEC : FF0DF3F0;
4DED : F019F393;
4DEE : F465F692;
4DEF : F72EF78E;
4DF0 : F68AF836;
4DF1 : FD93028E;
4DF2 : FB0CF1FB;
4DF3 : F5A8FA88;
4DF4 : F95EF468;
4DF5 : F348F001;
4DF6 : F677F543;
4DF7 : EF2AF97E;
4DF8 : FBC7EEA7;
4DF9 : EBDBE909;
4DFA : E954EB57;
4DFB : EADFEAB8;
4DFC : EF88EB56;
4DFD : E9A4EB30;
4DFE : E895E353;
4DFF : E591F206;
4E00 : EA9AE896;
4E01 : E9E1E83A;
4E02 : EBDBEAB7;
4E03 : EAF9F1F3;
4E04 : EE73ECE9;
4E05 : F625F665;
4E06 : F53500B5;
4E07 : 0E770C7A;
4E08 : 062B01A7;
4E09 : 053F0876;
4E0A : 08F50E43;
4E0B : 0BC91008;
4E0C : 15CC0F9D;
4E0D : 097511D3;
4E0E : 179614AF;
4E0F : 0FE6115F;
4E10 : 0EA81437;
4E11 : 1A73151F;
4E12 : 173A196C;
4E13 : 15880CF9;
4E14 : 0759094F;
4E15 : 0BB00C0A;
4E16 : 13C70F6D;
4E17 : 08A80D85;
4E18 : 0DAB08EC;
4E19 : 0BD50AE1;
4E1A : 0F900E94;
4E1B : 0AF50CC5;
4E1C : 0CF91159;
4E1D : 05E1FDD6;
4E1E : 0063FAFC;
4E1F : 017704EB;
4E20 : 012BFC68;
4E21 : F6ABF02F;
4E22 : ED98EB0F;
4E23 : E8F6ED36;
4E24 : F1E4E962;
4E25 : E7CFE79A;
4E26 : E93EEAC7;
4E27 : E40CE543;
4E28 : E7B8E75D;
4E29 : E407E124;
4E2A : D87CDE68;
4E2B : E4F5E457;
4E2C : E4ADE8BC;
4E2D : E64CDFD9;
4E2E : DDCEDBAD;
4E2F : DF2BE60E;
4E30 : E656E139;
4E31 : E5EAECB3;
4E32 : E724E844;
4E33 : EFD8F0BA;
4E34 : EE3AEF1C;
4E35 : F679F41A;
4E36 : EE2BF5C1;
4E37 : F7E8EFF9;
4E38 : F42101F5;
4E39 : FC74F892;
4E3A : FEB1035A;
4E3B : 00C901B1;
4E3C : 0207FCFF;
4E3D : F786FFC5;
4E3E : 075D08D1;
4E3F : 0DFC0A3A;
4E40 : 02FC06D8;
4E41 : 0A570900;
4E42 : 05F508EF;
4E43 : 073B066C;
4E44 : 0D730C6F;
4E45 : 09FF0F4B;
4E46 : 103E134E;
4E47 : 1606213D;
4E48 : 293C24B5;
4E49 : 20D82918;
4E4A : 2AA02147;
4E4B : 1E3F23B8;
4E4C : 232C1D88;
4E4D : 230D1FFD;
4E4E : 115D1776;
4E4F : 1E0418AA;
4E50 : 0EB11704;
4E51 : 15D910F1;
4E52 : 10D31461;
4E53 : 0737034A;
4E54 : 03C402CD;
4E55 : 035201D8;
4E56 : FF88FE4D;
4E57 : FFF6FEF4;
4E58 : FE1AFECF;
4E59 : F876F576;
4E5A : F445ECE4;
4E5B : EFEFF41D;
4E5C : FA9E0223;
4E5D : F9F4FC28;
4E5E : FE0AFAC4;
4E5F : F5C8F741;
4E60 : FA72FBF1;
4E61 : FEB50336;
4E62 : 024FFC45;
4E63 : F7B3FB32;
4E64 : FFBEF772;
4E65 : FC5C067F;
4E66 : 048BFEF1;
4E67 : 012D0538;
4E68 : 01CF03C6;
4E69 : 05BE0676;
4E6A : 0283056F;
4E6B : 038F03C9;
4E6C : FFD0FE86;
4E6D : FDF2FDBE;
4E6E : FF590008;
4E6F : 025801AB;
4E70 : FC3DFBF7;
4E71 : 00C7037B;
4E72 : 029FFF82;
4E73 : 00EDFF38;
4E74 : FA8CFB1D;
4E75 : FA28FB4A;
4E76 : F9CB01D5;
4E77 : 0318FDB8;
4E78 : F976F9F7;
4E79 : F0C4F2D2;
4E7A : F818F879;
4E7B : F988F457;
4E7C : F176F1F3;
4E7D : F55FF344;
4E7E : EAC9ED61;
4E7F : F381F189;
4E80 : EBA1EEF0;
4E81 : F141F49D;
4E82 : F13AF267;
4E83 : ED51EBC6;
4E84 : F219F4C2;
4E85 : F052F305;
4E86 : F7F2FD2A;
4E87 : FF550359;
4E88 : 0633099B;
4E89 : 0F1E0E1D;
4E8A : 10641544;
4E8B : 17D116E0;
4E8C : 19221DCF;
4E8D : 1A1F18C4;
4E8E : 1D47191B;
4E8F : 192A2198;
4E90 : 21DC21D6;
4E91 : 1DE31A01;
4E92 : 1DBB1EF3;
4E93 : 1A2C1971;
4E94 : 1C181C68;
4E95 : 18E21781;
4E96 : 16FC1A6E;
4E97 : 17B213B0;
4E98 : 120113BF;
4E99 : 0DA70F15;
4E9A : 12DE0A67;
4E9B : 08B1139D;
4E9C : 145610C4;
4E9D : 111D180F;
4E9E : 148A1497;
4E9F : 130F0F0D;
4EA0 : 10F3118D;
4EA1 : 0DB40BBA;
4EA2 : 0B5A086C;
4EA3 : 072504A5;
4EA4 : FEBBF96D;
4EA5 : F724F37A;
4EA6 : F113F184;
4EA7 : F3F0F026;
4EA8 : EB93F086;
4EA9 : ECD3EB4F;
4EAA : EF54F0AE;
4EAB : EB6FEB84;
4EAC : E3C2DFDF;
4EAD : E3E5E625;
4EAE : E3B5E64C;
4EAF : E704E59E;
4EB0 : E3B5DFB6;
4EB1 : DB3DDEF7;
4EB2 : E918E6F2;
4EB3 : DF86DDB8;
4EB4 : DF62E424;
4EB5 : E90BEBE9;
4EB6 : EEFBF58C;
4EB7 : F912F52A;
4EB8 : F294F426;
4EB9 : F7E5F708;
4EBA : F3D3F46B;
4EBB : F3F6F9B3;
4EBC : FA69F844;
4EBD : F7D2F366;
4EBE : F686FADF;
4EBF : F903F874;
4EC0 : F656F774;
4EC1 : F733FCCB;
4EC2 : FD42FAE2;
4EC3 : F613F789;
4EC4 : F7EEFB30;
4EC5 : 01B70116;
4EC6 : FEEF03BC;
4EC7 : FF5CFE9A;
4EC8 : 04020721;
4EC9 : 09660D08;
4ECA : 11E31171;
4ECB : 14E1149E;
4ECC : 115F1134;
4ECD : 124815B0;
4ECE : 184A13A1;
4ECF : 131F1306;
4ED0 : 1069102E;
4ED1 : 0A8F0918;
4ED2 : 0CBF0F9B;
4ED3 : 0D3506A7;
4ED4 : 071A0273;
4ED5 : FEE8FD0F;
4ED6 : FF53FE6E;
4ED7 : FDC6FDA8;
4ED8 : FABBF438;
4ED9 : F2E2F6BE;
4EDA : FB78F9EE;
4EDB : F8A5F65A;
4EDC : F6F8F2E5;
4EDD : F39CEF6A;
4EDE : EDD1F0AF;
4EDF : F335F181;
4EE0 : F1FEF18F;
4EE1 : F4A7F921;
4EE2 : 019BFD6E;
4EE3 : FAECF8CF;
4EE4 : F5AEF256;
4EE5 : F48BF2AB;
4EE6 : F4E2F3FE;
4EE7 : F495F3D8;
4EE8 : F29AF3EF;
4EE9 : F514F0DA;
4EEA : EE1CEDBB;
4EEB : F1BBF0FA;
4EEC : EF02EC0A;
4EED : E983E877;
4EEE : EDC3F230;
4EEF : F56BF54B;
4EF0 : F6BCF3C3;
4EF1 : F205EF30;
4EF2 : F2B2F80C;
4EF3 : FC2EFAA8;
4EF4 : FB49F90A;
4EF5 : FA32F93A;
4EF6 : F718FA87;
4EF7 : FDFA017F;
4EF8 : 0272FEF3;
4EF9 : FFB1FCB1;
4EFA : FE47FF98;
4EFB : FF8CFA31;
4EFC : F979F8DE;
4EFD : F7A5F324;
4EFE : F6CCF91C;
4EFF : F8FBF708;
4F00 : F62CF647;
4F01 : F59BF610;
4F02 : F8F8FA73;
4F03 : FAADF7A1;
4F04 : F7B7F7EC;
4F05 : F603F42D;
4F06 : F919F9F8;
4F07 : F7C8F9E3;
4F08 : 00FC01BC;
4F09 : 024303E2;
4F0A : 06370495;
4F0B : 064F0A35;
4F0C : 0F4017C5;
4F0D : 1D491DFE;
4F0E : 20DA1F01;
4F0F : 1E31205C;
4F10 : 20201DF8;
4F11 : 1E9621B0;
4F12 : 261E272A;
4F13 : 2646256D;
4F14 : 2541215F;
4F15 : 20F92354;
4F16 : 24A820D7;
4F17 : 1BC01B52;
4F18 : 1BF619DE;
4F19 : 176D189B;
4F1A : 1B4A1C7A;
4F1B : 1B911B9F;
4F1C : 19BD19B3;
4F1D : 194D1AA1;
4F1E : 17BD13B8;
4F1F : 12901547;
4F20 : 1A951BD7;
4F21 : 1A5B18DD;
4F22 : 19BC1D6A;
4F23 : 1E181AF8;
4F24 : 176B11D8;
4F25 : 0F6F10CC;
4F26 : 096C0424;
4F27 : 01C6FF78;
4F28 : FB62FC93;
4F29 : 0078005F;
4F2A : FAB3FC9E;
4F2B : FDCFFA56;
4F2C : F633F547;
4F2D : F4CBF602;
4F2E : F8A3F860;
4F2F : EFE7EB2E;
4F30 : EB12EDB6;
4F31 : EF5AEEA5;
4F32 : EB08EB67;
4F33 : EC7DF12A;
4F34 : EF69ED16;
4F35 : EEADED54;
4F36 : EB78ED42;
4F37 : EA8BEC0C;
4F38 : F432F743;
4F39 : F355F229;
4F3A : F393F52D;
4F3B : F2BCF0FF;
4F3C : EF8AF244;
4F3D : F3ECF4C0;
4F3E : F34CF5C7;
4F3F : F6D0F804;
4F40 : F7CCF790;
4F41 : F584F5EC;
4F42 : F38BF2A8;
4F43 : F0CCF40C;
4F44 : F8F2FD04;
4F45 : FA5AFC9D;
4F46 : FEFFFF55;
4F47 : FD0AFADB;
4F48 : FA390011;
4F49 : 06560B38;
4F4A : 0F781570;
4F4B : 17E91CBE;
4F4C : 20431BFF;
4F4D : 183D1F9D;
4F4E : 207C1CD9;
4F4F : 1D551F7A;
4F50 : 1F0B1EEB;
4F51 : 1CCB19F2;
4F52 : 19271AEB;
4F53 : 176C1348;
4F54 : 119B1244;
4F55 : 139314E7;
4F56 : 11270983;
4F57 : 0426028B;
4F58 : FF90FC8A;
4F59 : FB4EFC87;
4F5A : F862F48B;
4F5B : F5CEF89B;
4F5C : F777F67B;
4F5D : F458F25B;
4F5E : F0DCF225;
4F5F : EF9BEF53;
4F60 : EF40EE90;
4F61 : EF64F360;
4F62 : F070F084;
4F63 : F682FA2A;
4F64 : F7CAF7DE;
4F65 : F9ABFAA0;
4F66 : F735F500;
4F67 : F276F45C;
4F68 : F59AF550;
4F69 : F4BAF588;
4F6A : F4F2F93E;
4F6B : FA15F7E5;
4F6C : F3DAF5FF;
4F6D : F5CCF485;
4F6E : F30DF4FB;
4F6F : F5EBF44A;
4F70 : F1C2F78E;
4F71 : F9D9F73C;
4F72 : F5EAF7A9;
4F73 : F98EFE3F;
4F74 : 008301B7;
4F75 : FE3BFCC8;
4F76 : FB25FB23;
4F77 : F9D2F81A;
4F78 : F4EFF523;
4F79 : F6DAF8DE;
4F7A : FA49FC6A;
4F7B : FD64F930;
4F7C : F930FC0D;
4F7D : FB0CF906;
4F7E : F4DFEF9A;
4F7F : EEC5EE33;
4F80 : ED4DF053;
4F81 : F05DECC6;
4F82 : E9ABE5BD;
4F83 : E218E24F;
4F84 : E448E752;
4F85 : E862E8D4;
4F86 : E838E65A;
4F87 : E434DFF0;
4F88 : E312E473;
4F89 : E457E4C4;
4F8A : E7DBE960;
4F8B : EB99ED08;
4F8C : F027F356;
4F8D : F552F511;
4F8E : FC6403BC;
4F8F : 07A70B54;
4F90 : 0EA00AF3;
4F91 : 09BF0DD9;
4F92 : 155C1433;
4F93 : 141515DD;
4F94 : 15C11106;
4F95 : 121B1208;
4F96 : 133011A8;
4F97 : 1721167B;
4F98 : 10FE0DDD;
4F99 : 0E7F0C12;
4F9A : 0F590D91;
4F9B : 0E730F15;
4F9C : 12F913C3;
4F9D : 1588142C;
4F9E : 13CB1141;
4F9F : 16D917BB;
4FA0 : 1BDF1E62;
4FA1 : 1FA71D95;
4FA2 : 1A7617BE;
4FA3 : 1D201C61;
4FA4 : 1DCE2191;
4FA5 : 23571CC2;
4FA6 : 196C18AC;
4FA7 : 14BD1017;
4FA8 : 0E290708;
4FA9 : 06A305B7;
4FAA : 0649042E;
4FAB : 01CB017C;
4FAC : 055F0288;
4FAD : 009CFFE1;
4FAE : FCB4F756;
4FAF : F801F75D;
4FB0 : F6F3F732;
4FB1 : F83FF3B4;
4FB2 : F1BDEF0A;
4FB3 : EC7AEC63;
4FB4 : F142F0B2;
4FB5 : EDF1EC64;
4FB6 : EDC5EC3D;
4FB7 : EC77EB89;
4FB8 : EC6BEA25;
4FB9 : E95CE987;
4FBA : EB26EE03;
4FBB : F19DF15D;
4FBC : F215F500;
4FBD : F656F221;
4FBE : F7E2F6FE;
4FBF : F3CCF312;
4FC0 : F31BF1C4;
4FC1 : F273F4AF;
4FC2 : F763F35E;
4FC3 : F127F0FB;
4FC4 : F268EFF5;
4FC5 : F110F29B;
4FC6 : F24BF493;
4FC7 : F996F77E;
4FC8 : F52BF5D6;
4FC9 : F69CF844;
4FCA : FD0BFD9E;
4FCB : 013F0795;
4FCC : 0C410BF1;
4FCD : 0FD7118A;
4FCE : 14FC154B;
4FCF : 15FA1A8B;
4FD0 : 1DA61ABC;
4FD1 : 1AA11D9D;
4FD2 : 1E311C1E;
4FD3 : 1B7418D1;
4FD4 : 1A1A18F7;
4FD5 : 1856167C;
4FD6 : 1582166C;
4FD7 : 1890164F;
4FD8 : 0FDD099F;
4FD9 : 09880718;
4FDA : 063907E5;
4FDB : 07BC04DF;
4FDC : 05FE06DC;
4FDD : 06D30447;
4FDE : 019EFEB6;
4FDF : FDE5FE6D;
4FE0 : FFF8FD9C;
4FE1 : FD7BFDB0;
4FE2 : FD33FB2E;
4FE3 : FA6EFC59;
4FE4 : FE14FEF1;
4FE5 : 02070111;
4FE6 : 02F00613;
4FE7 : 0A270A73;
4FE8 : 071902C1;
4FE9 : 02A300D6;
4FEA : 0092038D;
4FEB : 047D01F6;
4FEC : 0368036C;
4FED : 05220293;
4FEE : 044505ED;
4FEF : 04A102F3;
4FF0 : 039B03E1;
4FF1 : 0517040B;
4FF2 : 046B0670;
4FF3 : 08C70B96;
4FF4 : 0B130AF2;
4FF5 : 0F711071;
4FF6 : 0FEA0F07;
4FF7 : 11CC134F;
4FF8 : 0F6C0E60;
4FF9 : 0C960994;
4FFA : 09AE0ACE;
4FFB : 08C506BA;
4FFC : 082009BD;
4FFD : 0746053B;
4FFE : 070A029A;
4FFF : FE99FC81;
5000 : F991F87C;
5001 : F731F655;
5002 : F49AF144;
5003 : EE68E9F0;
5004 : E733E3A3;
5005 : E1C4E103;
5006 : E1CEE5E5;
5007 : E6BCE3E4;
5008 : E278E298;
5009 : E043DE94;
500A : E059E2DF;
500B : E1CDE5A0;
500C : E78DE857;
500D : ED9CEF41;
500E : ED28EF5B;
500F : F1FDF57A;
5010 : F5E6FA3D;
5011 : 00780469;
5012 : 06070A3C;
5013 : 0B8A08D0;
5014 : 085A0BE1;
5015 : 0A3F0A60;
5016 : 0D550F49;
5017 : 0F990F6E;
5018 : 0E5B0C3A;
5019 : 089E09ED;
501A : 0B1707D4;
501B : 03E8045C;
501C : 05F205A1;
501D : 08530A7B;
501E : 08EB09C9;
501F : 08080708;
5020 : 09E90B1F;
5021 : 08D207EA;
5022 : 06710599;
5023 : 07CE09BB;
5024 : 055502FA;
5025 : 021503F0;
5026 : 01BF0212;
5027 : 03FC0644;
5028 : 057102AB;
5029 : FFF1FEB7;
502A : FBB8FAC3;
502B : F73BF633;
502C : F5B1F6F1;
502D : F53EF543;
502E : F4D6F1C6;
502F : EBE3EAF7;
5030 : EB82ED25;
5031 : EDA1EEB5;
5032 : EC3CEBB2;
5033 : EAF8EB07;
5034 : E782E3BA;
5035 : E39BE58A;
5036 : E4DAE751;
5037 : E5EFE2B7;
5038 : E4B0E5B1;
5039 : E02FDEEB;
503A : DD5FDDF1;
503B : DC9FDD03;
503C : DF20E3BA;
503D : E576EA97;
503E : ECE3EB45;
503F : E842EB2C;
5040 : EA71E915;
5041 : E9B8EB9C;
5042 : EBD0F073;
5043 : F28DF161;
5044 : EECFEDCA;
5045 : ECD7EE39;
5046 : EE4CF0F2;
5047 : F1DDF46F;
5048 : F5F4F7F2;
5049 : F505F5B5;
504A : F643F742;
504B : F940FB36;
504C : FD5C01C6;
504D : 068F0B10;
504E : 0AB00E2D;
504F : 11891331;
5050 : 15471982;
5051 : 19AA1A33;
5052 : 1BD21C8C;
5053 : 1FD823E8;
5054 : 23CE24C4;
5055 : 217F2355;
5056 : 21E91EE1;
5057 : 1F2621A4;
5058 : 21001DF9;
5059 : 1B971A12;
505A : 15A41295;
505B : 11900EDD;
505C : 0B610DFC;
505D : 0F590EEA;
505E : 0F5F10FE;
505F : 0E4F0AC3;
5060 : 0C370E1C;
5061 : 0A6F0AD0;
5062 : 0C540D00;
5063 : 0C6B0EB0;
5064 : 0E560B8A;
5065 : 0A040AE2;
5066 : 0867097A;
5067 : 0AE10D1D;
5068 : 104613C7;
5069 : 14841400;
506A : 14DC1544;
506B : 128B1342;
506C : 148C14F6;
506D : 138D146D;
506E : 151013FE;
506F : 10860F60;
5070 : 0F291210;
5071 : 11010F6F;
5072 : 109213C6;
5073 : 14D21449;
5074 : 13831035;
5075 : 0D8C0D41;
5076 : 0E961091;
5077 : 0F160FE7;
5078 : 1241120D;
5079 : 11A90F42;
507A : 09A206B8;
507B : 057E0500;
507C : 00D8FE8F;
507D : FEEF00F3;
507E : FF0EFF5F;
507F : FD1AFD7E;
5080 : FA78F7AD;
5081 : F83CF57F;
5082 : F31AF3AA;
5083 : F412F0FA;
5084 : ECEEE9C8;
5085 : E1FFE17D;
5086 : E280E19A;
5087 : DE6CDF27;
5088 : DF99E0AE;
5089 : E124E361;
508A : E0C3DFC9;
508B : DFAADE50;
508C : DE07E1D5;
508D : E231E478;
508E : E8D3E9F5;
508F : EA0EEA62;
5090 : EA18EE24;
5091 : EFA2F120;
5092 : F3EEFB89;
5093 : FFC50258;
5094 : 0278044A;
5095 : 04F60970;
5096 : 08BA0B4F;
5097 : 099F0A7E;
5098 : 0EB212A5;
5099 : 14681684;
509A : 14B01179;
509B : 0F2B0F52;
509C : 0E800E50;
509D : 0CAC0F5D;
509E : 12C51601;
509F : 14F714ED;
50A0 : 13A01501;
50A1 : 127114B7;
50A2 : 162616A8;
50A3 : 19FE1E0E;
50A4 : 1EB01F67;
50A5 : 1D8A1950;
50A6 : 165316C7;
50A7 : 130F12DB;
50A8 : 154E13D4;
50A9 : 13EA12D1;
50AA : 109E1057;
50AB : 0D1D0C2E;
50AC : 0A4806F1;
50AD : 03F103E4;
50AE : 04F90527;
50AF : 023E0046;
50B0 : FDD3F9D5;
50B1 : F8EEF8EF;
50B2 : F858F892;
50B3 : FB8CFB97;
50B4 : FB85F97E;
50B5 : F6B4F435;
50B6 : F0F3EDF6;
50B7 : EE20EFCA;
50B8 : F20DF2AC;
50B9 : F4B4F15A;
50BA : EE53EE17;
50BB : ED14E92D;
50BC : E7B1E54C;
50BD : E3EDE3B7;
50BE : E59AE9C7;
50BF : EC1BE9C6;
50C0 : EAF9EB3E;
50C1 : EBCFEC4E;
50C2 : EF02EE68;
50C3 : F1DDF162;
50C4 : F22BF053;
50C5 : EE46EBA4;
50C6 : EAE7E7B5;
50C7 : E6FDE594;
50C8 : E7A7EC20;
50C9 : EDA7EF32;
50CA : F190EF13;
50CB : EF36EC07;
50CC : EDB4EF84;
50CD : F10EF3B2;
50CE : F7C0F7C1;
50CF : FC59FCB5;
50D0 : FE6FFF14;
50D1 : 00C30151;
50D2 : 047303C3;
50D3 : 06BF08D3;
50D4 : 0B4A0BEE;
50D5 : 0D230C19;
50D6 : 0B8409CC;
50D7 : 09FC0A15;
50D8 : 0B440B64;
50D9 : 0DD60B19;
50DA : 0B50074E;
50DB : 065A04B7;
50DC : 00CBFDC5;
50DD : FC75FB23;
50DE : FDB6FF4A;
50DF : FFADFC69;
50E0 : FA9EFB0D;
50E1 : FBDDFC24;
50E2 : FBC3F975;
50E3 : F9F3F7B2;
50E4 : FBC9FC8A;
50E5 : FAC8F86D;
50E6 : F851F564;
50E7 : F4CCF500;
50E8 : F29DF24E;
50E9 : F6CDF791;
50EA : F8DFF924;
50EB : F952FA97;
50EC : FB4BFC86;
50ED : F994FAE0;
50EE : FF1500FF;
50EF : 018A02EF;
50F0 : 03A20414;
50F1 : 053F05FD;
50F2 : 051B05DF;
50F3 : 08740B8B;
50F4 : 0D0D0D35;
50F5 : 0AB305AA;
50F6 : 0704094C;
50F7 : 0905091D;
50F8 : 08750C1C;
50F9 : 0F2B1175;
50FA : 11DC0DD1;
50FB : 0BAC0CA9;
50FC : 0C7608BB;
50FD : 08F3074F;
50FE : 04FA0450;
50FF : 070005F7;
5100 : 04870122;
5101 : FEAFFEA5;
5102 : FC27FA3A;
5103 : FBF3FF75;
5104 : FEA9FE0E;
5105 : FB5FF819;
5106 : F572F339;
5107 : F047EB12;
5108 : E7C7EA5B;
5109 : EC0FED0A;
510A : ED25EBDE;
510B : E9ACEA7A;
510C : EC29ECA4;
510D : EB53EC53;
510E : F044F2C0;
510F : F5CCF898;
5110 : F5A6F778;
5111 : FA55FA67;
5112 : FF13FF6D;
5113 : FD90012A;
5114 : 04AE09AB;
5115 : 0D230E59;
5116 : 0DA00CD6;
5117 : 0EA31259;
5118 : 11D31578;
5119 : 18BA1A54;
511A : 1C071E17;
511B : 1CC61B38;
511C : 19E717C3;
511D : 12A2130B;
511E : 15EF15D1;
511F : 13961409;
5120 : 10A40F93;
5121 : 11DF1405;
5122 : 13B40F87;
5123 : 0F6F155C;
5124 : 15B817EE;
5125 : 17511476;
5126 : 103012DF;
5127 : 12611502;
5128 : 116A0C29;
5129 : 0D330FED;
512A : 10260F77;
512B : 0D820A79;
512C : 08B90820;
512D : 04EA0267;
512E : 00640197;
512F : 01730380;
5130 : 00D30017;
5131 : FB67FC81;
5132 : F9E4F65D;
5133 : F478F6F0;
5134 : F90CFAB3;
5135 : F99CF9C7;
5136 : F6F6F713;
5137 : F5C6F449;
5138 : F0B5F194;
5139 : F293F5A1;
513A : F4C7F23C;
513B : EE6DEEAB;
513C : ED46F1E2;
513D : EF9DED9E;
513E : EAD0EB83;
513F : EFC8F02B;
5140 : EEA0EDBE;
5141 : EB1EECCC;
5142 : ED69EFE0;
5143 : F0A2F2F9;
5144 : F87EFAD2;
5145 : FB23FF69;
5146 : FBA1FB3A;
5147 : FC3CFDA6;
5148 : FA0BF979;
5149 : FAAAFD83;
514A : FD66FF3E;
514B : FD58FD88;
514C : FD8AFE42;
514D : FE620005;
514E : FF5403E8;
514F : 06F50B15;
5150 : 0C6C0EAC;
5151 : 0E85120F;
5152 : 151517F5;
5153 : 16D81855;
5154 : 18B81B4F;
5155 : 1DEB1EE3;
5156 : 1CF41BAC;
5157 : 19411A2A;
5158 : 18D8180D;
5159 : 15AB186A;
515A : 197F1C0D;
515B : 191417AF;
515C : 148D0FDA;
515D : 0D520B6C;
515E : 07240704;
515F : 046902F8;
5160 : 02EC01B3;
5161 : FE7AFE48;
5162 : FC05FA69;
5163 : F87EF9DE;
5164 : FA5DFCFD;
5165 : FF2600FE;
5166 : FE1AFDEC;
5167 : FB51F9FE;
5168 : F924F7B0;
5169 : F2FCF3C7;
516A : F518F4E4;
516B : F4A2F2BE;
516C : F214F36B;
516D : F1C0F441;
516E : F3C0F603;
516F : F6A0F8CB;
5170 : FBC5FD99;
5171 : F94FFB92;
5172 : FAD3FCB2;
5173 : FAB0FCE1;
5174 : FD19FEBD;
5175 : FCF6FE32;
5176 : FF2500D9;
5177 : FC7FFCA4;
5178 : FC9FFB57;
5179 : FB50FDA8;
517A : FFB40296;
517B : 02AE0004;
517C : FD16FF2D;
517D : FBA9FBF7;
517E : FA6AFAA4;
517F : F843F9ED;
5180 : F9DDF8FE;
5181 : F594F605;
5182 : F289EFCE;
5183 : EEBCED45;
5184 : EA8CEC6E;
5185 : ECDDEEBD;
5186 : EC96EC10;
5187 : EA9EE9D5;
5188 : E561E21A;
5189 : DF82DDFC;
518A : DC76DF38;
518B : DF9BDC97;
518C : DA72DB5C;
518D : DA91DDE6;
518E : DD6DDF89;
518F : DFB8E11C;
5190 : E234E3EA;
5191 : E0DDE220;
5192 : E20FE4C0;
5193 : E64EE823;
5194 : EAF2ED14;
5195 : F115F41D;
5196 : F170F482;
5197 : F507F663;
5198 : F73BF91B;
5199 : F917FC86;
519A : FFE50657;
519B : 087008A6;
519C : 07810B00;
519D : 0C420C7E;
519E : 0BB70A88;
519F : 07A009FA;
51A0 : 0A4A0A3F;
51A1 : 065C0827;
51A2 : 0A410C63;
51A3 : 0E250EF7;
51A4 : 0F6A103C;
51A5 : 0F9A0FFD;
51A6 : 118B10C7;
51A7 : 11611448;
51A8 : 1481187E;
51A9 : 16D515D5;
51AA : 11A912DC;
51AB : 11F90FEE;
51AC : 0E800F0A;
51AD : 0D330AB4;
51AE : 075306C7;
51AF : 05DF059C;
51B0 : 082506DA;
51B1 : 04880607;
51B2 : 055D04B1;
51B3 : 027301E4;
51B4 : FF16FFEA;
51B5 : FF160050;
51B6 : 00170031;
51B7 : 02630442;
51B8 : 027E031E;
51B9 : 02D30152;
51BA : 007E0351;
51BB : 030E0381;
51BC : 051F0630;
51BD : 05BE0717;
51BE : 05210214;
51BF : 01880071;
51C0 : FCD4FF17;
51C1 : FE59FC84;
51C2 : FE2EFE89;
51C3 : FF12005D;
51C4 : 002F037C;
51C5 : 04DB07A5;
51C6 : 0A6E0B7F;
51C7 : 0BB30BBD;
51C8 : 09A70C38;
51C9 : 0B1F0A44;
51CA : 09A109BF;
51CB : 091307F2;
51CC : 08CF07F0;
51CD : 083C0B77;
51CE : 0D490C30;
51CF : 0CED0F32;
51D0 : 0D740DE4;
51D1 : 0F260F59;
51D2 : 0F4A1284;
51D3 : 14B31B57;
51D4 : 1B061A60;
51D5 : 1A5D192E;
51D6 : 18E218BD;
51D7 : 18981AAC;
51D8 : 1B40191A;
51D9 : 17011444;
51DA : 12241277;
51DB : 127212A0;
51DC : 11151036;
51DD : 0E7A0D75;
51DE : 08FA0844;
51DF : 0688046F;
51E0 : 0204019D;
51E1 : FF5AFCC5;
51E2 : FC19FC5A;
51E3 : FAE8F987;
51E4 : F7D2F83C;
51E5 : F8BAF900;
51E6 : F867F806;
51E7 : F69BF83D;
51E8 : F751F64F;
51E9 : F459F1F4;
51EA : F163F058;
51EB : EC77ECD9;
51EC : EE05EF72;
51ED : F09DF207;
51EE : F129F1EB;
51EF : F066F305;
51F0 : F348F452;
51F1 : F864F99A;
51F2 : F9F3FDBA;
51F3 : FE2600B4;
51F4 : 01D80122;
51F5 : 02D6042B;
51F6 : 03740585;
51F7 : 0620071B;
51F8 : 08D509DC;
51F9 : 08270A17;
51FA : 09AE0A92;
51FB : 0BDE0E30;
51FC : 0E020C86;
51FD : 0BAE0B8C;
51FE : 0C2A0CC5;
51FF : 0BAD0D71;
5200 : 0C230A9E;
5201 : 0615049E;
5202 : 02BF0112;
5203 : FF98FED4;
5204 : FB8EFB14;
5205 : FB5EF899;
5206 : F705F60C;
5207 : F299F38B;
5208 : F3CCF23E;
5209 : F122F0ED;
520A : E9DCE8EB;
520B : E687E779;
520C : E5B2E352;
520D : E295E305;
520E : E4C6E788;
520F : E7B8E61B;
5210 : E662E957;
5211 : E7D4E940;
5212 : E975EA87;
5213 : E99DEA65;
5214 : ED88F2F3;
5215 : F434F692;
5216 : F575F8A1;
5217 : F904F805;
5218 : F751F9C6;
5219 : FAA5FC92;
521A : FBAAFD2D;
521B : FE850287;
521C : 06D309F9;
521D : 09FF0C9E;
521E : 0D530D22;
521F : 0B820BCC;
5220 : 0BB80C89;
5221 : 0B0B0B49;
5222 : 0AE10CDC;
5223 : 0E260F55;
5224 : 0E170D70;
5225 : 0BDB0C88;
5226 : 0AC30AE7;
5227 : 0AAF09D4;
5228 : 0B1F0E1E;
5229 : 0E140ED0;
522A : 0DD50CF3;
522B : 0E4C0C7E;
522C : 0652036A;
522D : 01C60145;
522E : FF35007B;
522F : FF18FEFC;
5230 : FCC0FBAE;
5231 : FB38F937;
5232 : F78BF55F;
5233 : F3A0F3F9;
5234 : F174F098;
5235 : F1B9F3F5;
5236 : F3A9F3B9;
5237 : F1E5F0F1;
5238 : F10CF220;
5239 : F310F19E;
523A : EEE1EEC4;
523B : EED7EEF0;
523C : EE53EE94;
523D : EF79EF38;
523E : F02CF187;
523F : EF60EE5C;
5240 : EE9AEE2B;
5241 : ECC2E9BE;
5242 : E490E384;
5243 : E516E9D3;
5244 : EB91EAA5;
5245 : E9EAE887;
5246 : EB3BEF46;
5247 : F02AF441;
5248 : F537F58B;
5249 : F86BF61B;
524A : F690FA8B;
524B : FA61FC4D;
524C : FCC3FC7A;
524D : FC6BFC7F;
524E : FE380255;
524F : 015A001C;
5250 : 025B03D4;
5251 : 069A076B;
5252 : 07F609CC;
5253 : 09EB0E76;
5254 : 12961205;
5255 : 139D1516;
5256 : 15A617C2;
5257 : 173815F9;
5258 : 15F2187C;
5259 : 1A851B2D;
525A : 18471676;
525B : 12D91178;
525C : 11730F1B;
525D : 0F8E10EA;
525E : 10161219;
525F : 0E920AC7;
5260 : 0CE20D22;
5261 : 0A8D094E;
5262 : 05E40435;
5263 : 034300BF;
5264 : 0061012D;
5265 : FE80FFDB;
5266 : FFD6FEA1;
5267 : FF620007;
5268 : FF46FE1D;
5269 : FF9D007F;
526A : FE39FE92;
526B : 013A0086;
526C : FDFEFE4D;
526D : FDA1FC82;
526E : FEA3FE95;
526F : FCF8FC0A;
5270 : FA7BFB76;
5271 : FA3BF98B;
5272 : FCF8FF03;
5273 : 01D9047E;
5274 : 05D9081F;
5275 : 093909CD;
5276 : 0AC30ADC;
5277 : 0BF70BA7;
5278 : 0A920B90;
5279 : 0E9E0DFD;
527A : 0CED0D1D;
527B : 0D010D11;
527C : 0FA20F68;
527D : 0E530DC7;
527E : 0E790E02;
527F : 0F4F1061;
5280 : 0EE00C39;
5281 : 0E120C3C;
5282 : 09520857;
5283 : 05AD0313;
5284 : 0144FFDD;
5285 : FFF6FD58;
5286 : FB1EFB37;
5287 : F9E7F7F8;
5288 : F7BFF508;
5289 : F71BF725;
528A : F521F579;
528B : F3FBF2B6;
528C : F2AAF0AE;
528D : F082EE4E;
528E : EBF0E9C6;
528F : EA92EA85;
5290 : EB73EB7B;
5291 : EBCBEB44;
5292 : EB25EB6F;
5293 : EE82F1AB;
5294 : F593F50E;
5295 : F7B8F8E6;
5296 : F94FFAB2;
5297 : FC8FFB76;
5298 : FBBFFAAC;
5299 : FBD8FD19;
529A : FFD4031A;
529B : 04F80482;
529C : 06DA088F;
529D : 0A6E0D9A;
529E : 0FAA101D;
529F : 1249130F;
52A0 : 17231649;
52A1 : 167C17F6;
52A2 : 184118CE;
52A3 : 1B371B74;
52A4 : 1DFA1C77;
52A5 : 1D091E31;
52A6 : 207F2045;
52A7 : 2255201B;
52A8 : 1F27207F;
52A9 : 224A2214;
52AA : 238722F1;
52AB : 24A0233A;
52AC : 22E220FF;
52AD : 1FFB1B71;
52AE : 1A4B1A5E;
52AF : 19AB1820;
52B0 : 160A127A;
52B1 : 10DF0EF2;
52B2 : 0D7E0AE6;
52B3 : 0AFE0A3A;
52B4 : 092D05C9;
52B5 : 03A00232;
52B6 : 0143FCCD;
52B7 : FD32FCD6;
52B8 : FAA4F97C;
52B9 : F825F551;
52BA : F33AF117;
52BB : F1EEEF4C;
52BC : EFE1EEEF;
52BD : ED7BEBF0;
52BE : EE37EEA4;
52BF : EF7BEDEB;
52C0 : EE9DEBF0;
52C1 : EBDCEAE0;
52C2 : E9E8E531;
52C3 : E314E3A3;
52C4 : E4FAE3D7;
52C5 : E334E146;
52C6 : DFDFDFFD;
52C7 : E260E1E3;
52C8 : E27BE445;
52C9 : E70EE7C9;
52CA : EA1AEAF0;
52CB : EC6EED40;
52CC : EF64F081;
52CD : F2F6F114;
52CE : F20CF1DD;
52CF : F0B6F09D;
52D0 : F183F197;
52D1 : F2C3F33E;
52D2 : F710F6EC;
52D3 : F7EAF99A;
52D4 : FB4CFBCB;
52D5 : FD5CFF48;
52D6 : 009C001C;
52D7 : 046D0518;
52D8 : 052C04B9;
52D9 : 058605A5;
52DA : 07A70683;
52DB : 062F0650;
52DC : 058202F9;
52DD : 01BEFFEC;
52DE : 0034FFE5;
52DF : FFB4008F;
52E0 : 0117FF60;
52E1 : FF3DFCB9;
52E2 : FD00FC7D;
52E3 : FC8DFB04;
52E4 : F8C0F586;
52E5 : F63CF468;
52E6 : F485F5A3;
52E7 : F610F403;
52E8 : F3AAF266;
52E9 : F431F47B;
52EA : F5EAF2F1;
52EB : F33FF4A9;
52EC : F544F3E9;
52ED : F545F291;
52EE : F2EBF137;
52EF : F044F03B;
52F0 : EF6DEE8E;
52F1 : EF7EEEF2;
52F2 : EF48EDDA;
52F3 : EEBFF045;
52F4 : F2EEF4D6;
52F5 : F865F886;
52F6 : FB60FAC9;
52F7 : FC88FD74;
52F8 : FE08FD10;
52F9 : FE77FFD4;
52FA : 01630020;
52FB : 0175041E;
52FC : 0575057A;
52FD : 06E20721;
52FE : 08B409EA;
52FF : 0A2B09E7;
5300 : 0C370B91;
5301 : 0C580AF9;
5302 : 0B130912;
5303 : 08E60879;
5304 : 091A06E7;
5305 : 04E802B1;
5306 : 03640439;
5307 : 03D50123;
5308 : 0077FD6D;
5309 : FD1EFD7B;
530A : FF5FFF6A;
530B : FE2CFD2D;
530C : FE1DFB52;
530D : FAAAF8B2;
530E : F8BEF6A1;
530F : F77DF63C;
5310 : F4B2F37C;
5311 : F49BF46D;
5312 : F511F4A7;
5313 : F551F3D4;
5314 : F37AF641;
5315 : FA11FA99;
5316 : FCECFE1C;
5317 : FFAF00F7;
5318 : 032403EC;
5319 : 046503A6;
531A : 067006B0;
531B : 0789075D;
531C : 0A6E0BA8;
531D : 0B920B4E;
531E : 0B7D0D58;
531F : 12491416;
5320 : 161E1545;
5321 : 1A5C1CA4;
5322 : 1DFA1F30;
5323 : 206C1F04;
5324 : 201B208E;
5325 : 230E207C;
5326 : 205C2205;
5327 : 222320F6;
5328 : 23272139;
5329 : 20401FD8;
532A : 20602147;
532B : 1F551DDB;
532C : 21551EC8;
532D : 20722161;
532E : 20EB1E7C;
532F : 1BBB1AD5;
5330 : 1BB617A6;
5331 : 176215C4;
5332 : 13B410D1;
5333 : 0D850A15;
5334 : 09CD0936;
5335 : 088505F5;
5336 : 058405AD;
5337 : 070703C7;
5338 : 0257FF4A;
5339 : FEA5FB2E;
533A : F980F80E;
533B : F6CAF2A3;
533C : F327F2E1;
533D : F3F7F1ED;
533E : F097EF95;
533F : EF6EEEB2;
5340 : EE27EDE1;
5341 : EDD9EE48;
5342 : EFFCEE8D;
5343 : ECFFEAFB;
5344 : EB1BE9E0;
5345 : EA7BEA7D;
5346 : E78BE4A9;
5347 : E65EE629;
5348 : E619E3C5;
5349 : E4ABE592;
534A : E7EEEBD1;
534B : EDC7EEA9;
534C : F288F622;
534D : F84BF6AD;
534E : F833F876;
534F : F918F885;
5350 : FAB3F8E3;
5351 : FA91FBD0;
5352 : 002F024B;
5353 : 01FE018B;
5354 : 03EE03F1;
5355 : 07150906;
5356 : 0A560B65;
5357 : 0DE2110E;
5358 : 1178106D;
5359 : 12D313DF;
535A : 14F8133C;
535B : 14051226;
535C : 11FC13A2;
535D : 159914B1;
535E : 138C1224;
535F : 108A106E;
5360 : 113B0FFA;
5361 : 0DA80D68;
5362 : 0FC30E1E;
5363 : 0BB308C8;
5364 : 07E60459;
5365 : 04340319;
5366 : 00B8FE6B;
5367 : FF89FFE8;
5368 : 0019FD79;
5369 : FC09FC7D;
536A : FA5EFA5F;
536B : F9E1F7AA;
536C : F971F931;
536D : F9CCF9F8;
536E : F7D0F83D;
536F : F8C3F60D;
5370 : F607F56A;
5371 : F2DBF08B;
5372 : EF9FF13F;
5373 : F220EE7B;
5374 : EDFAEFAD;
5375 : EFF3F0B2;
5376 : F2C1F3FB;
5377 : F810F9C3;
5378 : FBA2FAD5;
5379 : F9D2FA89;
537A : FB42FAAC;
537B : FA38F939;
537C : FB32FC0B;
537D : FE2B004F;
537E : FF65FFC0;
537F : FF0FFE47;
5380 : FEC6FE1B;
5381 : FF3E01F4;
5382 : 011B008A;
5383 : 012EFF8B;
5384 : FE47FD61;
5385 : FB9CF9E0;
5386 : F817F931;
5387 : F941FA1C;
5388 : F999F78C;
5389 : F4AEF2CF;
538A : F27AF1B2;
538B : EF2EEF24;
538C : F05FF2F1;
538D : F38EF353;
538E : F1C9EE7F;
538F : EDC0EC5A;
5390 : E95DE7E8;
5391 : E61EE5E3;
5392 : E522E694;
5393 : E6DEE77C;
5394 : E61CE610;
5395 : E60FE618;
5396 : E94DE985;
5397 : EA83EE05;
5398 : EFC3F0D7;
5399 : F026F043;
539A : F08FF1F3;
539B : F153F134;
539C : F287F595;
539D : F7D1F7E9;
539E : F6A3F806;
539F : F9ABFAC9;
53A0 : FA8DFF0D;
53A1 : 00EC038D;
53A2 : 08C30C24;
53A3 : 0DF70C7B;
53A4 : 0D3E0F68;
53A5 : 0F7710D4;
53A6 : 11781356;
53A7 : 145A1733;
53A8 : 1A471AF2;
53A9 : 1BA91A8D;
53AA : 18E41A4D;
53AB : 19951AD7;
53AC : 1B1A1C04;
53AD : 1DFD1FA9;
53AE : 1E5C1D17;
53AF : 1D371CF6;
53B0 : 19D518EF;
53B1 : 18EB1A13;
53B2 : 1A4018CF;
53B3 : 17CA1868;
53B4 : 14F91274;
53B5 : 0E5F0CD6;
53B6 : 0B310BD6;
53B7 : 09EE098C;
53B8 : 097607E5;
53B9 : 05C20302;
53BA : 0042FFCE;
53BB : FCECFA17;
53BC : F62DF5FF;
53BD : F6CFF771;
53BE : F621F489;
53BF : F5F2F55B;
53C0 : F3F2F3DD;
53C1 : F2AEF24C;
53C2 : F2D8F30C;
53C3 : F288F46A;
53C4 : F1ADEF74;
53C5 : EF38EF10;
53C6 : ED5DECCA;
53C7 : EBADEBF7;
53C8 : EB7EECD1;
53C9 : EAAFEADA;
53CA : EA57EAD0;
53CB : EB2EED9A;
53CC : EEA4F20C;
53CD : F450F77C;
53CE : F9C6FB28;
53CF : FCA1FDB7;
53D0 : FCC2FC28;
53D1 : FCA2FD15;
53D2 : FE5F001E;
53D3 : 005B03FE;
53D4 : 0349036F;
53D5 : 0512051D;
53D6 : 0564088C;
53D7 : 09150C24;
53D8 : 0E630EEB;
53D9 : 100411D7;
53DA : 10C11146;
53DB : 11321182;
53DC : 103511C2;
53DD : 13B51685;
53DE : 15C11713;
53DF : 16BE1520;
53E0 : 144B12DA;
53E1 : 0FBF10A7;
53E2 : 100910E8;
53E3 : 0F941136;
53E4 : 0F7E0D04;
53E5 : 0A260A3F;
53E6 : 069904BF;
53E7 : 02F304BC;
53E8 : 05550659;
53E9 : 04F60426;
53EA : 01AE020E;
53EB : 01410099;
53EC : 0007FFA8;
53ED : FFD90109;
53EE : 00CB029F;
53EF : FFFF011B;
53F0 : FF47FC01;
53F1 : FB28FB4E;
53F2 : F98AFC5B;
53F3 : FC8CFE16;
53F4 : FE61FB6B;
53F5 : FA50F9FE;
53F6 : FA4DFB2B;
53F7 : FA65FE29;
53F8 : 009E04FD;
53F9 : 0605054F;
53FA : 05F10655;
53FB : 062705D3;
53FC : 060507C1;
53FD : 08F00C3E;
53FE : 0C7B0E21;
53FF : 0F5D0FC0;
5400 : 0F3F109B;
5401 : 0E9C0FB2;
5402 : 115E12F1;
5403 : 155515DC;
5404 : 15D41320;
5405 : 10621206;
5406 : 1134113D;
5407 : 0E750D50;
5408 : 0DB40EF6;
5409 : 0E0A0A86;
540A : 06EE05CC;
540B : 04E302AF;
540C : 01BA0121;
540D : FFC6022A;
540E : 00D8011D;
540F : FF0AFD8D;
5410 : FA86F827;
5411 : F665F4D8;
5412 : F026F08E;
5413 : F188EF80;
5414 : F006EF02;
5415 : ECAFED7D;
5416 : EB99EAB8;
5417 : E9A1E9F6;
5418 : ED0FEFB5;
5419 : F147F3FA;
541A : F054ED49;
541B : EE0AF024;
541C : EFF4EDDA;
541D : EC8EEF09;
541E : F0BBF397;
541F : F294F246;
5420 : F122F342;
5421 : F231F3BD;
5422 : F53EF6FF;
5423 : F8FBFCD0;
5424 : FFC30152;
5425 : FE89FF9F;
5426 : 004F02AB;
5427 : 035A028D;
5428 : 027D042A;
5429 : 063E06EF;
542A : 06B507CA;
542B : 09250924;
542C : 08820ADB;
542D : 09E50BEB;
542E : 0DE60F32;
542F : 0FF20C97;
5430 : 0B560C9E;
5431 : 0A7E0B9C;
5432 : 0990075D;
5433 : 08170965;
5434 : 08EE06EB;
5435 : 03B80322;
5436 : FF12FF67;
5437 : FF88FCAB;
5438 : FB3DFBAD;
5439 : FB90FA8A;
543A : F7E0F578;
543B : F28DF073;
543C : EF17ECDB;
543D : E95DE9AD;
543E : E94BE994;
543F : E7EAE788;
5440 : E63BE54F;
5441 : E4C8E492;
5442 : E35DE335;
5443 : E2EBE65D;
5444 : E651E71A;
5445 : E2A2E1D7;
5446 : E1A3E046;
5447 : DFDADD0B;
5448 : DA86DD1C;
5449 : DFE6E231;
544A : DF23DDD4;
544B : DF47DF09;
544C : DF1DE198;
544D : E0FDE337;
544E : E50BE88D;
544F : ED48EF84;
5450 : F0A2F199;
5451 : F2A7F4F1;
5452 : F683F83F;
5453 : F7D3FB9D;
5454 : FCB4FDEB;
5455 : FC86FC98;
5456 : FD9D0051;
5457 : 023103A2;
5458 : 044808DA;
5459 : 0C550FB0;
545A : 112C10FE;
545B : 10BD129D;
545C : 13F714A3;
545D : 135314E0;
545E : 16EE1964;
545F : 195218A0;
5460 : 1738181B;
5461 : 181217D8;
5462 : 164813C7;
5463 : 148B15AB;
5464 : 167918A9;
5465 : 15C21379;
5466 : 11770FC8;
5467 : 0D6B0D19;
5468 : 0AD608D2;
5469 : 0A8C0BBE;
546A : 0AFB0995;
546B : 086E0846;
546C : 08430779;
546D : 075D0750;
546E : 08310B89;
546F : 0CA70B62;
5470 : 0B2C09F1;
5471 : 0849074E;
5472 : 055A04EE;
5473 : 03CD03C8;
5474 : 0612062A;
5475 : 04EA02CE;
5476 : 019101CA;
5477 : 02AB05C9;
5478 : 04550505;
5479 : 08DE09BA;
547A : 0ABF0B47;
547B : 0C370CD6;
547C : 0D020C85;
547D : 0CDD0C3C;
547E : 0E240DAE;
547F : 0C9E0CE3;
5480 : 0BEE0D3E;
5481 : 0EB60E77;
5482 : 0FE00F5B;
5483 : 129C13C9;
5484 : 1403140B;
5485 : 13A411DA;
5486 : 112A1099;
5487 : 0F1D0E9C;
5488 : 0D1D0CC7;
5489 : 0B160B49;
548A : 0C6C0A17;
548B : 081506F2;
548C : 06F10482;
548D : 046E0323;
548E : 027A03C3;
548F : 03310377;
5490 : 03D60352;
5491 : 0064FCE8;
5492 : FCEBFAEF;
5493 : F8B6F5F0;
5494 : F5B9F511;
5495 : F659F58D;
5496 : F331F187;
5497 : F2D9F255;
5498 : F0FBF06F;
5499 : F24FF2D1;
549A : F38AF50E;
549B : F638F581;
549C : F56CF466;
549D : F2A3F122;
549E : F1EDF477;
549F : F611F66D;
54A0 : F738F543;
54A1 : F5DBF839;
54A2 : F8EAF79E;
54A3 : F873FB18;
54A4 : FD07FD23;
54A5 : FE7AFFE4;
54A6 : 011102F4;
54A7 : 04BC042F;
54A8 : 039A043B;
54A9 : 073E08C6;
54AA : 0D1C0D01;
54AB : 0C560B65;
54AC : 0CB30F12;
54AD : 0EF10F0B;
54AE : 108010F7;
54AF : 12FC14BE;
54B0 : 161A16F5;
54B1 : 181717DF;
54B2 : 18E21736;
54B3 : 15BD156B;
54B4 : 153F154A;
54B5 : 147C114B;
54B6 : 0F190DA3;
54B7 : 0D390BBC;
54B8 : 099507B0;
54B9 : 090909BB;
54BA : 0A75072B;
54BB : 04830282;
54BC : 0093FE5F;
54BD : FAA0F647;
54BE : F739F609;
54BF : F4FFF551;
54C0 : F43FF14E;
54C1 : EF98EE3B;
54C2 : EEF8ECC8;
54C3 : EB31EABD;
54C4 : EB7FEC8A;
54C5 : EC89EC60;
54C6 : EB9BEABB;
54C7 : E931E740;
54C8 : E6E4E42F;
54C9 : E30CE3B2;
54CA : E499E361;
54CB : E248E08A;
54CC : E36DE505;
54CD : E4C5E435;
54CE : E3D0E5DF;
54CF : E9F4E9F3;
54D0 : EB3FEBE6;
54D1 : EEFCF223;
54D2 : F35DF456;
54D3 : F709F652;
54D4 : F599F528;
54D5 : F5A5F548;
54D6 : F6B1F462;
54D7 : F64AF99E;
54D8 : FA8DFB56;
54D9 : FDD40095;
54DA : 031C032C;
54DB : 0451062A;
54DC : 07C7075A;
54DD : 095008BA;
54DE : 090B08D5;
54DF : 0B380A02;
54E0 : 08C00817;
54E1 : 07CA0818;
54E2 : 09B008C9;
54E3 : 08FF0804;
54E4 : 0A3F0A42;
54E5 : 07C4068E;
54E6 : 075C043D;
54E7 : 036702DE;
54E8 : 02C7001E;
54E9 : FF7AFD40;
54EA : FD91FD33;
54EB : FB7FFA05;
54EC : FA25F976;
54ED : F928F839;
54EE : FA1CFA97;
54EF : FAE9F9B4;
54F0 : FB67FB0E;
54F1 : FC86FC01;
54F2 : FA93F85C;
54F3 : F851F91D;
54F4 : F8C9F4F5;
54F5 : F5D4F4B4;
54F6 : F41DF188;
54F7 : F243F27D;
54F8 : F332F341;
54F9 : F418F3F0;
54FA : F674F903;
54FB : F8FFF9C0;
54FC : FDDDFE70;
54FD : FFC9FF07;
54FE : FF44FE10;
54FF : FF00000A;
5500 : 000BFDF3;
5501 : 0002FFAD;
5502 : 00BE0216;
5503 : 03BF04E9;
5504 : 05AB05BF;
5505 : 0863093A;
5506 : 0ABC0BE6;
5507 : 0BF909A6;
5508 : 0AE90ADC;
5509 : 0B6C0A73;
550A : 0CE50CCC;
550B : 0AE708BF;
550C : 06AD0544;
550D : 0581063B;
550E : 04CD0652;
550F : 075806AB;
5510 : 0725064F;
5511 : 0608034A;
5512 : 029D018D;
5513 : 009B0088;
5514 : 0125FEB6;
5515 : FD53FDBB;
5516 : FA70F81D;
5517 : F68DF576;
5518 : F61AF69E;
5519 : F718F67F;
551A : F7EBF98B;
551B : F9EDF8E7;
551C : FAF3FAED;
551D : FB5DFC9A;
551E : FB73FB84;
551F : FA5AFA87;
5520 : FAF0FA5B;
5521 : F9AAF7EC;
5522 : F92BFBC5;
5523 : FE37FE42;
5524 : 00690153;
5525 : 025F0566;
5526 : 0495059E;
5527 : 06580860;
5528 : 084A068F;
5529 : 088B09FA;
552A : 0AA30C7B;
552B : 0E420F90;
552C : 0F150F72;
552D : 1016102A;
552E : 10E311CE;
552F : 124D136A;
5530 : 14B513C2;
5531 : 14BD1507;
5532 : 148D15C7;
5533 : 15791692;
5534 : 162B1521;
5535 : 165B16C9;
5536 : 170E1492;
5537 : 0FCE0FAE;
5538 : 10A90CF7;
5539 : 0B4E0B67;
553A : 0AE70CEB;
553B : 0A9708C1;
553C : 06E205AF;
553D : 03730201;
553E : 00E2006A;
553F : FEF7FBD3;
5540 : FC07FAE7;
5541 : F6E6F4EF;
5542 : F38EF239;
5543 : F178F1D0;
5544 : F2C0F61E;
5545 : F57AF607;
5546 : F636F413;
5547 : F53CF49B;
5548 : F1D0F1C9;
5549 : EF88EF90;
554A : EFBFEF5B;
554B : F0DBF212;
554C : F08BEE9B;
554D : EE7CEF2F;
554E : ED3BED4C;
554F : EF85F152;
5550 : F32DF6A7;
5551 : F6C3F6AC;
5552 : F95DFD88;
5553 : FCCFFEB1;
5554 : 017C057C;
5555 : 074F08BC;
5556 : 09C709EF;
5557 : 065E0846;
5558 : 073107BD;
5559 : 09FF0ADD;
555A : 0B410FCE;
555B : 110D1192;
555C : 11F515B7;
555D : 18B71734;
555E : 17FA1BA6;
555F : 1BCE1C0B;
5560 : 1D461E30;
5561 : 1B9A1CB0;
5562 : 1BE818ED;
5563 : 162F17A7;
5564 : 194C18FC;
5565 : 19D91C6B;
5566 : 1B0616AA;
5567 : 161D1531;
5568 : 14191341;
5569 : 0F820F42;
556A : 0E5A0D30;
556B : 0BFE0B06;
556C : 05480419;
556D : 041E02F1;
556E : FFC50077;
556F : 01BD025A;
5570 : 012701BD;
5571 : 01F8FF87;
5572 : FC99FBD6;
5573 : F9CDFAC7;
5574 : F9D9F86D;
5575 : F721F62C;
5576 : F3B2F4A8;
5577 : F21AEE51;
5578 : EEA2EC56;
5579 : EB59EDAA;
557A : ECC6EC76;
557B : ECA8EBE8;
557C : ECFAEE63;
557D : EDEDEFC0;
557E : EF22EDDB;
557F : ED68EF1F;
5580 : EF46EE29;
5581 : EE86EFC0;
5582 : EF0BEEAF;
5583 : EF00F066;
5584 : F0D3F281;
5585 : F32FF662;
5586 : F639F629;
5587 : F7F6F81F;
5588 : F7C0F7EA;
5589 : F672F74F;
558A : F694F6E7;
558B : F91EF7AE;
558C : F74CF734;
558D : F4ACF3B4;
558E : F1CDF278;
558F : F39AF5A6;
5590 : F61FF63E;
5591 : F5EFF600;
5592 : F25EF10E;
5593 : F191F290;
5594 : F2DBF00D;
5595 : EFFBEF5C;
5596 : EFBBF078;
5597 : ED4EEBC7;
5598 : EB6CEAD0;
5599 : E97BE83B;
559A : E78EEAC7;
559B : ED6BED45;
559C : ECCEEE14;
559D : ED44EE9B;
559E : ED97EE6E;
559F : F061EF6A;
55A0 : EF4CEF89;
55A1 : F10CF2EF;
55A2 : F2D5F2A9;
55A3 : F07DF05B;
55A4 : F0F8F156;
55A5 : F438F6F2;
55A6 : F72BFA83;
55A7 : FC03FE17;
55A8 : FD7DFEF6;
55A9 : FFF8FF5F;
55AA : FFBD026E;
55AB : 03AD0538;
55AC : 057E066D;
55AD : 05DF08AA;
55AE : 0922098A;
55AF : 0A670B95;
55B0 : 0E331107;
55B1 : 11371121;
55B2 : 0FF10F6C;
55B3 : 0EFD0FE1;
55B4 : 10370F8D;
55B5 : 0F3D0F45;
55B6 : 0F231148;
55B7 : 12340F56;
55B8 : 0D6D0B19;
55B9 : 08850A5F;
55BA : 0A650892;
55BB : 0A9D0AEB;
55BC : 0A710A54;
55BD : 09DA0746;
55BE : 056C05ED;
55BF : 059E0848;
55C0 : 08640802;
55C1 : 072A0380;
55C2 : 021AFF84;
55C3 : FDF8FDE2;
55C4 : FE0AFEC9;
55C5 : FDE400D1;
55C6 : 053C0606;
55C7 : 090D0774;
55C8 : 06F806C8;
55C9 : 065A0536;
55CA : 057F050B;
55CB : 03D90259;
55CC : 0014FC4E;
55CD : FAC2FABC;
55CE : FB55FC82;
55CF : FA13FAB7;
55D0 : FEC5FF84;
55D1 : 00210115;
55D2 : 026F01A0;
55D3 : FFD9FECF;
55D4 : 00CD030D;
55D5 : 03DF020B;
55D6 : 031602AE;
55D7 : 02CE03A8;
55D8 : 040306B5;
55D9 : 09BD07A6;
55DA : 07C70816;
55DB : 08B309E6;
55DC : 0C140AE3;
55DD : 0B800C11;
55DE : 0A760A8B;
55DF : 0DAB0FA3;
55E0 : 12F613E6;
55E1 : 15AA14A2;
55E2 : 149A134F;
55E3 : 104D0FD8;
55E4 : 115711CA;
55E5 : 10320F7C;
55E6 : 120813C0;
55E7 : 15AE18AB;
55E8 : 165D1897;
55E9 : 1A861588;
55EA : 151F12C6;
55EB : 11610E1B;
55EC : 0B4C0894;
55ED : 07570963;
55EE : 08E204FF;
55EF : 07C606CB;
55F0 : 0944088F;
55F1 : 07EA07B4;
55F2 : 07370277;
55F3 : FF4F0067;
55F4 : 0155F9BC;
55F5 : F93FFA01;
55F6 : F893F87B;
55F7 : FB30FD27;
55F8 : FC2AFA84;
55F9 : F6B8EEBC;
55FA : EB0FEC4B;
55FB : EEFCF3BE;
55FC : F578F2B6;
55FD : F0B6EBF2;
55FE : E964E9BB;
55FF : ED0DF18D;
5600 : F4F2F5DF;
5601 : F587F2C6;
5602 : F62BF74E;
5603 : F53AF19E;
5604 : EFC1F10E;
5605 : F26DF6B2;
5606 : FD06FFEC;
5607 : 0070FF75;
5608 : 001CFEB5;
5609 : 029906D2;
560A : 05450005;
560B : 05950541;
560C : 0378036F;
560D : FF63FAA0;
560E : F87CFAC9;
560F : FEF8FF02;
5610 : FEFA0121;
5611 : 019A01DE;
5612 : FF350093;
5613 : FF93FE15;
5614 : FFB1FD12;
5615 : FA59FA91;
5616 : FDD4FE17;
5617 : FEC3FC2E;
5618 : FA70F731;
5619 : F663F740;
561A : FBE5FA21;
561B : FABBFAC9;
561C : F959F85E;
561D : FA0AF95F;
561E : F6F6F7E2;
561F : FCFFFB7D;
5620 : FDA602D7;
5621 : 02B1FBD4;
5622 : F9D8F855;
5623 : F749F63A;
5624 : F9EDFA68;
5625 : F9DDF88A;
5626 : F93AFCFC;
5627 : 00D5013F;
5628 : 029F01CE;
5629 : 033C0516;
562A : 04DA0446;
562B : 051E0547;
562C : 07C80605;
562D : 05E30663;
562E : 05A102EC;
562F : 040204A4;
5630 : 0532057D;
5631 : 079F06B7;
5632 : 06FC04F3;
5633 : 06D30657;
5634 : 032B02A2;
5635 : 01DBFDA2;
5636 : FDDBFE75;
5637 : FF9FFFBD;
5638 : 01340001;
5639 : FF0DFEBA;
563A : FE96FCA3;
563B : F8B6F968;
563C : F9D3F788;
563D : F7AAF995;
563E : FA8BFA16;
563F : F808F92C;
5640 : F7C5F735;
5641 : F909F695;
5642 : F4C4F180;
5643 : F15BF22C;
5644 : F045EE5C;
5645 : EBFDEB52;
5646 : EB49EE63;
5647 : F126F22A;
5648 : F814F7AF;
5649 : F627F736;
564A : F59AF64D;
564B : F505F598;
564C : F5B2F576;
564D : F6DEF6DE;
564E : F5A5F685;
564F : F441F2EC;
5650 : F304F24C;
5651 : F2D0F4EA;
5652 : F899F9F9;
5653 : F81EF58A;
5654 : F303F2B3;
5655 : F1F9F59C;
5656 : F789F735;
5657 : F8F8FB01;
5658 : FBBDFD5A;
5659 : FE69FC37;
565A : FBBDFE92;
565B : FD2E0046;
565C : 0465068B;
565D : 08E00B71;
565E : 0A7109AB;
565F : 094E0AAA;
5660 : 0B750CA4;
5661 : 101913C9;
5662 : 167C1675;
5663 : 15E91532;
5664 : 14DF1745;
5665 : 142713E6;
5666 : 10ED1396;
5667 : 181319DB;
5668 : 1F3A20E6;
5669 : 1EBD1D75;
566A : 1B011CAA;
566B : 1E31207E;
566C : 21DF218A;
566D : 21101D4A;
566E : 16BC1403;
566F : 12121070;
5670 : 133914E4;
5671 : 122E1047;
5672 : 10ED1186;
5673 : 0FC50D3F;
5674 : 07FD02E8;
5675 : FD7CFD38;
5676 : FE46FCCD;
5677 : FA84FAC7;
5678 : F7F5F500;
5679 : F43AF591;
567A : F3A8F247;
567B : F2A4F2A6;
567C : F37FF443;
567D : F612F55F;
567E : F29FF2D8;
567F : F1ACF014;
5680 : EE44EF5C;
5681 : F101F363;
5682 : F68DF4AD;
5683 : F474F34B;
5684 : EF66F1FE;
5685 : F4C3F73D;
5686 : F704F834;
5687 : F8EDF9A2;
5688 : FAF0FCEC;
5689 : FC77FD8A;
568A : 006B0413;
568B : 0869088B;
568C : 08CF08A4;
568D : 051F0526;
568E : 03600188;
568F : FE42FFC0;
5690 : 00CB014B;
5691 : 024C023D;
5692 : FF43FE39;
5693 : FF5E0055;
5694 : FED3FFD8;
5695 : FCF7F931;
5696 : F6D8F69F;
5697 : F7D3F8A6;
5698 : F94BF77F;
5699 : F4CAF5E0;
569A : F82BF93C;
569B : F964FB8B;
569C : FC67FBAE;
569D : FCB3FE0C;
569E : FC7DFBE1;
569F : FAACFC2F;
56A0 : FCD4FD7D;
56A1 : FE8AFF13;
56A2 : 001301D8;
56A3 : 02CF02ED;
56A4 : 029802DE;
56A5 : 00B1FF45;
56A6 : FE6DFCC8;
56A7 : FEE102A9;
56A8 : 053A08AA;
56A9 : 0AC30CC7;
56AA : 0F9C11F4;
56AB : 122612D2;
56AC : 12FA14D2;
56AD : 14B6156F;
56AE : 16611763;
56AF : 15731442;
56B0 : 137A12A4;
56B1 : 126A13FC;
56B2 : 155616EF;
56B3 : 186618B2;
56B4 : 14E21464;
56B5 : 11440E9A;
56B6 : 0BC70864;
56B7 : 07C90824;
56B8 : 08F60C4E;
56B9 : 0D630C20;
56BA : 09000C2B;
56BB : 0CEE0DB5;
56BC : 0C540DD3;
56BD : 0C910CE6;
56BE : 11391309;
56BF : 11801154;
56C0 : 0D890817;
56C1 : 058405A7;
56C2 : 06D309EE;
56C3 : 09520993;
56C4 : 06730237;
56C5 : FF34FCD0;
56C6 : FA3FF7DA;
56C7 : F69BF684;
56C8 : F746FA0E;
56C9 : FA3FFA20;
56CA : F910F9E6;
56CB : F863F7CA;
56CC : F59EF3F3;
56CD : F41AF380;
56CE : F329F0DE;
56CF : ED0BEB3E;
56D0 : E92AE7A0;
56D1 : E57AE3D2;
56D2 : E68AE89C;
56D3 : E8C6EAB5;
56D4 : E94DE59B;
56D5 : E354E36E;
56D6 : E208E0AF;
56D7 : DF21E164;
56D8 : E21FE438;
56D9 : E9D4EAB5;
56DA : E985E853;
56DB : E721E9F6;
56DC : ED83F2DB;
56DD : F5F6F4DC;
56DE : F3E1F338;
56DF : F435F67E;
56E0 : F7A2F92D;
56E1 : F95DF662;
56E2 : F975FE23;
56E3 : FF6D034E;
56E4 : 052C02D9;
56E5 : 0136030E;
56E6 : 034305AF;
56E7 : 07540A21;
56E8 : 0BEC0979;
56E9 : 0A3A0A23;
56EA : 09C20CA9;
56EB : 0D460BF2;
56EC : 0C920B96;
56ED : 0A830C8B;
56EE : 0CE50909;
56EF : 03F7027C;
56F0 : 020AFEDC;
56F1 : FE2BFC1E;
56F2 : FAE6FB01;
56F3 : F9CEF87D;
56F4 : F8D8F80E;
56F5 : F6CCF544;
56F6 : F39DF37B;
56F7 : F303F1B6;
56F8 : F054EBE1;
56F9 : EAE7E97C;
56FA : ECD1ED63;
56FB : EC20EAB1;
56FC : EC93EBD0;
56FD : EBFFED03;
56FE : EEBFEF82;
56FF : ED98EC44;
5700 : ED3BEC58;
5701 : EFA9ED17;
5702 : EC7FEDB8;
5703 : EEAEF103;
5704 : F46BF70B;
5705 : F6E1F38F;
5706 : F34EF451;
5707 : F575F3A5;
5708 : F5DCF6F0;
5709 : F781F760;
570A : F8E6FA48;
570B : FF00FF95;
570C : 00110044;
570D : FF8CFF86;
570E : 00710079;
570F : 00AFFEB0;
5710 : FF48FED4;
5711 : 009BFFD2;
5712 : FF620203;
5713 : 02980209;
5714 : 070408A0;
5715 : 09380B25;
5716 : 0B6B0763;
5717 : 05B40415;
5718 : 05D1069C;
5719 : 07EF07D7;
571A : 07BB0799;
571B : 06CA0605;
571C : 06F905D4;
571D : 04B80453;
571E : 079709EA;
571F : 0AD60E53;
5720 : 0D87087C;
5721 : 069C06FB;
5722 : 06BF08D6;
5723 : 0A870A45;
5724 : 0C200E35;
5725 : 0E690F38;
5726 : 11AA119F;
5727 : 10BB0CE1;
5728 : 09DF0E7C;
5729 : 11D411B2;
572A : 13531332;
572B : 13311505;
572C : 12E411FF;
572D : 146416DA;
572E : 1808186D;
572F : 173314A6;
5730 : 10F50F20;
5731 : 10611278;
5732 : 0F6110D8;
5733 : 146114B3;
5734 : 168415D3;
5735 : 15F71643;
5736 : 147014DA;
5737 : 133210F2;
5738 : 0FB81077;
5739 : 115713A8;
573A : 14DE12FB;
573B : 0FD60F61;
573C : 0F6D1259;
573D : 12A213A2;
573E : 166C15B0;
573F : 12E812A0;
5740 : 0F990DDE;
5741 : 0E300D39;
5742 : 09750886;
5743 : 0C160C54;
5744 : 0C810D30;
5745 : 0B6D0651;
5746 : 023102DA;
5747 : 02A7FF44;
5748 : FD3AFE23;
5749 : FEF6FF7B;
574A : FEBAFC50;
574B : F8ADF696;
574C : F849F9CB;
574D : F91AF93A;
574E : F933F909;
574F : F5DCF49A;
5750 : F3A5F169;
5751 : F02FEEBC;
5752 : EDB1E94D;
5753 : E5EAE97A;
5754 : EA64ECB6;
5755 : EEACEDB9;
5756 : EB85EC67;
5757 : EB51EAD7;
5758 : EB98EE4E;
5759 : ED58EDF1;
575A : ECB7ED33;
575B : EE1EEF2C;
575C : F2CBF65B;
575D : F382F4B4;
575E : F69DF75A;
575F : F8B4F9FB;
5760 : F92AF819;
5761 : F963FB8B;
5762 : FD68FD2D;
5763 : FBB5FE5E;
5764 : 026305BB;
5765 : 072509A8;
5766 : 094B0AD3;
5767 : 0D690AAE;
5768 : 097C0C4A;
5769 : 0D8C0FBC;
576A : 131A1590;
576B : 13FA14B0;
576C : 179617F6;
576D : 177E17E4;
576E : 194918E8;
576F : 18CA18F7;
5770 : 15291289;
5771 : 10660C3B;
5772 : 09B407BA;
5773 : 02B503D4;
5774 : 046C053E;
5775 : 0589052F;
5776 : 025D0295;
5777 : 02ED0188;
5778 : FC9BFA9B;
5779 : FA48FC42;
577A : FBA5F8F0;
577B : F4C8F210;
577C : F095F23B;
577D : F0ABED7F;
577E : EEA9EE2F;
577F : ED9DEFBD;
5780 : F177F19A;
5781 : EDACEBAC;
5782 : E945E6A4;
5783 : E602E6E4;
5784 : EAE7EE00;
5785 : ED2CED3F;
5786 : ECF3EB3F;
5787 : EBCFEC8B;
5788 : EAC1EB18;
5789 : ECC8EC52;
578A : EDC8EFA9;
578B : F07BF02E;
578C : F0A0F1FE;
578D : F31EF276;
578E : F3DDF5CA;
578F : F6EBF8E2;
5790 : F821F5BD;
5791 : F53DF5CA;
5792 : F110EF94;
5793 : F064F192;
5794 : F43DF894;
5795 : FB18FA54;
5796 : F68AF6D9;
5797 : F5B4F75B;
5798 : F6C8F6C9;
5799 : F82AF693;
579A : F497F400;
579B : F2F3F587;
579C : F2F7F044;
579D : F140F03E;
579E : EE7FF0CE;
579F : F344F58D;
57A0 : F429F335;
57A1 : F1A6F034;
57A2 : F188F25B;
57A3 : F18AF461;
57A4 : FA66FCD5;
57A5 : FC1FFF4B;
57A6 : FFBCFF0A;
57A7 : 00F0016B;
57A8 : 012F0266;
57A9 : 03060540;
57AA : 07DD0984;
57AB : 09830AFC;
57AC : 0CAD0E26;
57AD : 0F4411E5;
57AE : 128B135B;
57AF : 129D13AD;
57B0 : 13541184;
57B1 : 110912D9;
57B2 : 12E9126F;
57B3 : 105E10A3;
57B4 : 0DAB0CE4;
57B5 : 0E910FBE;
57B6 : 0F081149;
57B7 : 11431280;
57B8 : 13CB14BE;
57B9 : 14771589;
57BA : 14B41490;
57BB : 11A30F8F;
57BC : 115A13B8;
57BD : 11E912A6;
57BE : 13C81425;
57BF : 14A11438;
57C0 : 146113D2;
57C1 : 11D310CD;
57C2 : 1152112B;
57C3 : 0EC70E38;
57C4 : 0DFC0C93;
57C5 : 0CA10C85;
57C6 : 0BDB0CF6;
57C7 : 0B120842;
57C8 : 062303E7;
57C9 : FFE10117;
57CA : 0088FF0A;
57CB : FE9EFDD6;
57CC : FCA6001D;
57CD : FFF4FF1D;
57CE : FD22FDC1;
57CF : FD6DFCCB;
57D0 : FB78F8A7;
57D1 : F543F545;
57D2 : F1C9EEB1;
57D3 : E8DBE5F4;
57D4 : E550E72D;
57D5 : E957EA89;
57D6 : E936E87C;
57D7 : E7E0EA79;
57D8 : E709E5D5;
57D9 : E611E49C;
57DA : E672E9DE;
57DB : E9A3EAB6;
57DC : EB05EB98;
57DD : EC29ED5B;
57DE : EDDAEDDC;
57DF : EFD4F28C;
57E0 : F4F0F736;
57E1 : F896FA4C;
57E2 : FD3DFF37;
57E3 : FCAAFA59;
57E4 : FE150197;
57E5 : 02E407BC;
57E6 : 092F084F;
57E7 : 0ADF0D2B;
57E8 : 0C680D08;
57E9 : 0BB30D8F;
57EA : 1138147A;
57EB : 165218B2;
57EC : 17E6184E;
57ED : 193B1AD8;
57EE : 18DF1858;
57EF : 184E1906;
57F0 : 19B919A2;
57F1 : 1828156A;
57F2 : 11210DD7;
57F3 : 0AFB0862;
57F4 : 068A06EB;
57F5 : 05460436;
57F6 : 03C50371;
57F7 : 03D40376;
57F8 : 02AC008B;
57F9 : FBF1FC91;
57FA : FEB1000D;
57FB : 0013006C;
57FC : 0023FDFF;
57FD : FBA8F8A1;
57FE : F7F7F8A3;
57FF : F9F7FCE0;
5800 : FF0DFD25;
5801 : FC6BFB11;
5802 : F9DEFA8D;
5803 : FA28FBC3;
5804 : FC3AFD72;
5805 : FFA7FE21;
5806 : FD45FDB7;
5807 : FDBBFD68;
5808 : 000A00B2;
5809 : FE24FF03;
580A : 017A02A0;
580B : 032C02B4;
580C : 01BD01C4;
580D : 0173024E;
580E : 02BD0568;
580F : 07A707F7;
5810 : 07D90A50;
5811 : 07DE0545;
5812 : 061404AE;
5813 : 06A6052D;
5814 : 03A70509;
5815 : 043E02F2;
5816 : 025D0176;
5817 : 046D025E;
5818 : 03F80601;
5819 : 062E08A0;
581A : 07100861;
581B : 06680150;
581C : 03060364;
581D : 02830366;
581E : 03F0046A;
581F : 0216030C;
5820 : 01DFFD77;
5821 : FD12FB8B;
5822 : FBB1FCD3;
5823 : FD83FFE4;
5824 : FF3CFF38;
5825 : 01AB01BC;
5826 : 01F601D0;
5827 : 04740405;
5828 : 021000D4;
5829 : FE66FD05;
582A : FCD9FC4E;
582B : FF440057;
582C : FFF100F7;
582D : 0153017B;
582E : 0046FF2D;
582F : FF8500F6;
5830 : 020C0204;
5831 : 020700CB;
5832 : FFF5FEB0;
5833 : FDF6FDBF;
5834 : FCE3FAFD;
5835 : F99FF958;
5836 : FB53FB4F;
5837 : FCE1FE9F;
5838 : FDE8FE4C;
5839 : FF0B00D6;
583A : 036801D9;
583B : 03F004B8;
583C : 03250309;
583D : 03940222;
583E : 018802D1;
583F : 00BCFF08;
5840 : FFEA027B;
5841 : 002C0192;
5842 : 04B8049A;
5843 : 0131004D;
5844 : FD77FC04;
5845 : FC93FCB5;
5846 : FCAEFA31;
5847 : F9D4F519;
5848 : F3D0F296;
5849 : F11FEF97;
584A : EFAAEEE4;
584B : EF12ED0C;
584C : EDCAEE60;
584D : ECC7EAB6;
584E : EBCAEF0F;
584F : EAFDEB63;
5850 : ED07E979;
5851 : E899E6C8;
5852 : E7A2E878;
5853 : E745E35B;
5854 : E4B1E3E5;
5855 : E526E4B5;
5856 : E377E595;
5857 : E50BE537;
5858 : E5B0E68F;
5859 : E51AE5F8;
585A : EBAFED49;
585B : ECAAEF1A;
585C : EEDBEBD4;
585D : EE1CF003;
585E : EDF1F154;
585F : F412F569;
5860 : FA41FAB9;
5861 : FC16FB9E;
5862 : F736F9EB;
5863 : FCE7FB3C;
5864 : FD09FE8F;
5865 : FFAB05BE;
5866 : 057A0536;
5867 : 07560881;
5868 : 09720913;
5869 : 0C9E0D8C;
586A : 0E6B0FD5;
586B : 12AE1695;
586C : 135E1208;
586D : 16FF159D;
586E : 17081D86;
586F : 1E981D44;
5870 : 1D6A1A61;
5871 : 175A1A76;
5872 : 17691595;
5873 : 178913CC;
5874 : 152C1335;
5875 : 0FE713A9;
5876 : 11B50E68;
5877 : 0E9A096D;
5878 : 098E0BFE;
5879 : 0C3E0D84;
587A : 0E590FA9;
587B : 0CD00A80;
587C : 07CA060C;
587D : 086D0734;
587E : 0607024A;
587F : 028E0173;
5880 : FC6AFE39;
5881 : FE82FFBF;
5882 : 0118006B;
5883 : FB32FFD1;
5884 : FE80F940;
5885 : F9CAFD21;
5886 : F83BF7C4;
5887 : F7FDF638;
5888 : F84CF6E7;
5889 : FB03FC62;
588A : FFEB01A5;
588B : 00B80332;
588C : FFF0FD79;
588D : 006F06D5;
588E : 06C90485;
588F : 067C083C;
5890 : 073B0AE7;
5891 : 10290A2E;
5892 : 0ED91254;
5893 : 126E0F70;
5894 : 0DA10F54;
5895 : 0DB31268;
5896 : 11D1118D;
5897 : 12760B0E;
5898 : 0A4D0BAE;
5899 : 0F0B0ED0;
589A : 0CF010E4;
589B : 11B90B3E;
589C : 07E8FF09;
589D : FF7A0551;
589E : 020E088B;
589F : FEE80106;
58A0 : FD6DF5CD;
58A1 : F4A6F904;
58A2 : F9AFFB4F;
58A3 : FDA9F78A;
58A4 : F6B7F802;
58A5 : F2F1F6ED;
58A6 : F760F77C;
58A7 : F59BEC2E;
58A8 : FCB9EDA4;
58A9 : F450F9C5;
58AA : 022F0049;
58AB : 0107FFAF;
58AC : 03AE0358;
58AD : FE2603AA;
58AE : 045A0971;
58AF : 022206DD;
58B0 : 06390795;
58B1 : 0D000CD3;
58B2 : 0FFE0B86;
58B3 : 10F20C22;
58B4 : 0A3F063D;
58B5 : 097C0DAE;
58B6 : 0EA507DE;
58B7 : 0CC70D95;
58B8 : 001D0AE5;
58B9 : 05410498;
58BA : 0A150DD1;
58BB : 0D2309EE;
58BC : 08E1087D;
58BD : 0C6204F5;
58BE : 05B70AE2;
58BF : FFA2FAC8;
58C0 : 029607EB;
58C1 : 0A960960;
58C2 : 07610E03;
58C3 : 0C100950;
58C4 : 0AC009C7;
58C5 : 073E0D40;
58C6 : 088D0D8E;
58C7 : 07C10264;
58C8 : 0693FF64;
58C9 : 003B03B9;
58CA : 04C807A9;
58CB : 01ECFB9B;
58CC : FF71F6D6;
58CD : FA3BF491;
58CE : F8AFF79F;
58CF : F91FF557;
58D0 : F157F69C;
58D1 : F3E1F633;
58D2 : F64BF835;
58D3 : FEA4FA78;
58D4 : F158ED94;
58D5 : F13FF048;
58D6 : EE48EE9A;
58D7 : E8CAEA0F;
58D8 : E093DD7F;
58D9 : DD58E5AA;
58DA : E708E707;
58DB : EA59EE9F;
58DC : E902E79B;
58DD : E256E1DD;
58DE : E7A3E1DA;
58DF : E466E6AF;
58E0 : E89FE4E6;
58E1 : E445E9E2;
58E2 : EC1AED01;
58E3 : ED23EE72;
58E4 : EDDCEFD3;
58E5 : F1E9F325;
58E6 : F7D6F14A;
58E7 : F0B2EE56;
58E8 : EECEE7A4;
58E9 : F0C1F46C;
58EA : F275FC7E;
58EB : FADBF78A;
58EC : 016405F9;
58ED : 01C5045C;
58EE : 01E708D9;
58EF : 091C0A2C;
58F0 : 067A0864;
58F1 : 09FA05F1;
58F2 : 09FF1234;
58F3 : 13A10F7B;
58F4 : 10BD0A44;
58F5 : 05F605E4;
58F6 : 054FFE62;
58F7 : FEAFFAC5;
58F8 : FC70F471;
58F9 : F8FFF689;
58FA : F850FDB3;
58FB : FDF9FB62;
58FC : F7C3F891;
58FD : F14FF20E;
58FE : F584F360;
58FF : F401F5E9;
5900 : EDE1F177;
5901 : F2C8F4AB;
5902 : F340F4EC;
5903 : F7FEF9B9;
5904 : F832F4ED;
5905 : F59EF5CA;
5906 : F447F09A;
5907 : F6C0F647;
5908 : EDACEE80;
5909 : EF49F74D;
590A : F941F541;
590B : F7BAFE17;
590C : F660F8A9;
590D : 02DA0369;
590E : FFAE00AF;
590F : 07E4048E;
5910 : 0A9706D1;
5911 : 05A90C38;
5912 : 0F7B0D88;
5913 : 12F019FC;
5914 : 17E9213C;
5915 : 1C1119E5;
5916 : 1DE721E3;
5917 : 1C80175E;
5918 : 19311472;
5919 : 1ACD122C;
591A : 0F91137C;
591B : 17420FB6;
591C : 140115ED;
591D : 0E980AC2;
591E : 049B02A8;
591F : 093C0883;
5920 : 07F60A05;
5921 : 035904A9;
5922 : 074300C9;
5923 : 0250FB90;
5924 : 045E0694;
5925 : 002C0042;
5926 : FEFD0331;
5927 : FCBDFA7C;
5928 : FFF3F743;
5929 : F4ACFA42;
592A : F500FA1B;
592B : F6ABF85D;
592C : 00E1FE1B;
592D : FDA0FA0E;
592E : F37FF8EF;
592F : F7AAFD0E;
5930 : 073C01E6;
5931 : 000B0132;
5932 : 063706C0;
5933 : 06D007E5;
5934 : 0B4809DD;
5935 : 0E5509DB;
5936 : 0FD71257;
5937 : 108311B4;
5938 : 089F02E0;
5939 : 084C08A2;
593A : 10850FD5;
593B : 11A6162D;
593C : 112A0ED1;
593D : 126D11A7;
593E : 10F609B5;
593F : 0B7610CF;
5940 : 0C340E33;
5941 : 0C1E078F;
5942 : 04FF098A;
5943 : 061D029F;
5944 : 032A0231;
5945 : FFB70356;
5946 : FD86FE20;
5947 : 024EFC5A;
5948 : F86DEF1F;
5949 : EC63F2F0;
594A : ED89EE05;
594B : F0BDEC21;
594C : ED96EA5A;
594D : E667EDB5;
594E : EB8DEBA2;
594F : EF8FF559;
5950 : F56FF087;
5951 : F20EF49C;
5952 : F22DF703;
5953 : FC01F959;
5954 : FF5A0549;
5955 : 08DF07C3;
5956 : 0A470566;
5957 : 010B056D;
5958 : FE61F8A0;
5959 : FCA8F926;
595A : F9C2F81C;
595B : F8160223;
595C : FA86F8CD;
595D : F7A9F6EB;
595E : FAA4F97A;
595F : F783FD99;
5960 : FF67FEA7;
5961 : FD06FE16;
5962 : F902F9CE;
5963 : FC18F844;
5964 : 04430570;
5965 : 024108AF;
5966 : 07D803EB;
5967 : 0AC60F16;
5968 : 0D0E0791;
5969 : 03B40941;
596A : 0AA80B7C;
596B : 12ED13E9;
596C : 0F1810A2;
596D : 13BD14B9;
596E : 17A515D2;
596F : 10FB16D6;
5970 : 18091135;
5971 : 159D19D7;
5972 : 17CA1535;
5973 : 158A1907;
5974 : 18231A84;
5975 : 1D031A25;
5976 : 18D515F3;
5977 : 163F174E;
5978 : 1361116F;
5979 : 1074095A;
597A : 0ABA0C38;
597B : 07660BFE;
597C : 08740516;
597D : 074A027C;
597E : 02510074;
597F : FA15FEB6;
5980 : FD8BFCCC;
5981 : FBD3F933;
5982 : F248EB61;
5983 : EBADEC2E;
5984 : EAD9EAC3;
5985 : E893E887;
5986 : E8A5E219;
5987 : E0F3E501;
5988 : DF96DBF8;
5989 : D836D421;
598A : D2F2D3F1;
598B : D97DDA53;
598C : D71BD930;
598D : D802D917;
598E : DA2FDEF6;
598F : E2D4E55D;
5990 : E876E801;
5991 : EF31F2E8;
5992 : F3EDF610;
5993 : F797FD4C;
5994 : FCFDFE27;
5995 : 06BD0660;
5996 : 0B590D6E;
5997 : 0CF40EF4;
5998 : 090B0774;
5999 : 0619040D;
599A : 04800162;
599B : FECD01FB;
599C : FC4EFACB;
599D : 021FFE8A;
599E : F9BDF7E3;
599F : F3DFF08D;
59A0 : EDB8EE20;
59A1 : EEE5F088;
59A2 : ED51E904;
59A3 : E57EDEC4;
59A4 : DE6CE24A;
59A5 : E155E35F;
59A6 : E4C8E80D;
59A7 : EE3CF0AB;
59A8 : EFD4ECB5;
59A9 : EAF7EB3C;
59AA : EC02E6AA;
59AB : E695E76E;
59AC : E76FE8E8;
59AD : E828EA6D;
59AE : EE56EF89;
59AF : F03FF1E3;
59B0 : F64DF6DD;
59B1 : F7B8FA00;
59B2 : F91A0111;
59B3 : 02D50065;
59B4 : FFBAFDB1;
59B5 : 01F607C0;
59B6 : 0C080FE8;
59B7 : 10B71547;
59B8 : 199C1735;
59B9 : 14EB14AF;
59BA : 14F91636;
59BB : 1161114B;
59BC : 16471CF8;
59BD : 1B761A18;
59BE : 1C691941;
59BF : 19F51FF0;
59C0 : 1DF61DD6;
59C1 : 1D7E1F8B;
59C2 : 281022F1;
59C3 : 1EBB20B6;
59C4 : 1D6014A1;
59C5 : 130C16A7;
59C6 : 167614FE;
59C7 : 126613AE;
59C8 : 180D162B;
59C9 : 0D9B0783;
59CA : 04EC025C;
59CB : 0001FFE3;
59CC : 01B0FDA6;
59CD : FB0CFE56;
59CE : FAF5F71F;
59CF : F8F7F682;
59D0 : F54BF7E4;
59D1 : F9C8FE52;
59D2 : 027D00D0;
59D3 : FCCE0036;
59D4 : 01C20238;
59D5 : 01FB071B;
59D6 : 090609A3;
59D7 : 0B310910;
59D8 : 0BE40C91;
59D9 : 07CE059A;
59DA : 058C05FA;
59DB : FE9DFA4F;
59DC : FC5EF7FB;
59DD : F94BF730;
59DE : F74CF6E5;
59DF : F012F2CA;
59E0 : F466F4BA;
59E1 : F32CEE1F;
59E2 : EEBDED14;
59E3 : EA7CED55;
59E4 : F06EF31B;
59E5 : F5A8F9A7;
59E6 : FA6AF8B1;
59E7 : F75FFAC2;
59E8 : 014A05C0;
59E9 : 04E10204;
59EA : 051400BD;
59EB : FB1DFBB0;
59EC : 032F0A17;
59ED : 0510058D;
59EE : 0A330CF3;
59EF : 0B2708B2;
59F0 : 0CB60FA1;
59F1 : 0CD30E0B;
59F2 : 13811923;
59F3 : 17EB1500;
59F4 : 13C911AE;
59F5 : 127F0FC0;
59F6 : 113414BE;
59F7 : 16831463;
59F8 : 15A71762;
59F9 : 10A70E95;
59FA : 0B650E96;
59FB : 0BF805CD;
59FC : 08DA05AC;
59FD : 05DF0880;
59FE : 0A260CC7;
59FF : 05A8FE9F;
5A00 : FE9EFF67;
5A01 : 005DF747;
5A02 : F923FCAF;
5A03 : FCC7FD2F;
5A04 : FC10FCF3;
5A05 : 010FFB26;
5A06 : F80CFAA9;
5A07 : F5B1F241;
5A08 : F4ADF900;
5A09 : F96AF4A1;
5A0A : F3F3F17C;
5A0B : ED2EECF9;
5A0C : EAE9EE52;
5A0D : EDCFEB87;
5A0E : F129F19C;
5A0F : F4B3F20F;
5A10 : F321F837;
5A11 : F6DFFD04;
5A12 : 01250416;
5A13 : 057B07F5;
5A14 : 098A09D6;
5A15 : 0C0112A5;
5A16 : 1BCD1F47;
5A17 : 21A62103;
5A18 : 23D727C3;
5A19 : 26C9237C;
5A1A : 23B81F2C;
5A1B : 1C1419BA;
5A1C : 1F031CFA;
5A1D : 15831839;
5A1E : 16841757;
5A1F : 12D40B99;
5A20 : 0A6A0644;
5A21 : 04C30228;
5A22 : 02A501E8;
5A23 : FB2FFB3C;
5A24 : FA7EF875;
5A25 : F8B5F374;
5A26 : F358F187;
5A27 : EE4DF128;
5A28 : EE21EF5C;
5A29 : F1F2EE6B;
5A2A : EF97EC58;
5A2B : E856E835;
5A2C : E877E943;
5A2D : E71CE73F;
5A2E : EBEFE742;
5A2F : E97CE91F;
5A30 : E70BEB17;
5A31 : EA98E8F8;
5A32 : E810EB06;
5A33 : EC95EBBD;
5A34 : EE78F2C7;
5A35 : F5BFFA28;
5A36 : F8F6F79C;
5A37 : F815F9B9;
5A38 : 00D5FE34;
5A39 : FF010414;
5A3A : 074B0777;
5A3B : 06930417;
5A3C : 066B0582;
5A3D : 02820196;
5A3E : 00F709C5;
5A3F : 09DF02C7;
5A40 : 032D0240;
5A41 : 04C30443;
5A42 : 04830664;
5A43 : 0704039D;
5A44 : 01B80008;
5A45 : 034101DE;
5A46 : FFEC01AA;
5A47 : FF7A0115;
5A48 : FCB0FDB7;
5A49 : 01A8FA1E;
5A4A : F483F313;
5A4B : EE43EC9A;
5A4C : EAD4E834;
5A4D : E5C7DE64;
5A4E : E177E0CE;
5A4F : DF9DDEEC;
5A50 : DC22DF3D;
5A51 : DCCEDA8B;
5A52 : DD7BDAD6;
5A53 : DF0DE381;
5A54 : E357E74F;
5A55 : E597E928;
5A56 : ED53EF28;
5A57 : F1B4F141;
5A58 : F4FDFE5F;
5A59 : FFAD0222;
5A5A : 023D05F1;
5A5B : 063BFE97;
5A5C : FF3C0021;
5A5D : 005EFFF6;
5A5E : 00850635;
5A5F : 07CF0562;
5A60 : 063E0423;
5A61 : 00A20197;
5A62 : 03E506F9;
5A63 : 03C002FA;
5A64 : 03C301F4;
5A65 : 047C04A7;
5A66 : 04EB08AE;
5A67 : 07AA07D2;
5A68 : 06A005FB;
5A69 : 098A0957;
5A6A : 0FA61350;
5A6B : 0FFD1537;
5A6C : 112A0F05;
5A6D : 0F6C08E9;
5A6E : 094108A6;
5A6F : 0CD81140;
5A70 : 0EAC10E1;
5A71 : 125A115D;
5A72 : 0FD0107B;
5A73 : 15481670;
5A74 : 10FF12F9;
5A75 : 111D0FBE;
5A76 : 121A1751;
5A77 : 18EF1868;
5A78 : 18381829;
5A79 : 157B18F7;
5A7A : 18FA13D6;
5A7B : 14F011A3;
5A7C : 0E9A0A11;
5A7D : 07390814;
5A7E : 03C00405;
5A7F : 099F04F3;
5A80 : 007AFD8E;
5A81 : F870F8F3;
5A82 : F86AF9FD;
5A83 : FD03FD49;
5A84 : FB9AF794;
5A85 : F489F461;
5A86 : F25BF2D0;
5A87 : F2EEEDE3;
5A88 : ED00EF09;
5A89 : EF9AEB31;
5A8A : EBD6EECA;
5A8B : EAAAEC61;
5A8C : E9FBE5D6;
5A8D : E376E3AC;
5A8E : E58AE3B6;
5A8F : E498E6A4;
5A90 : E315E240;
5A91 : E3E8E404;
5A92 : E77EE8EA;
5A93 : E951EB40;
5A94 : EC38F0D0;
5A95 : F347F479;
5A96 : F7D2FB72;
5A97 : 027505FE;
5A98 : 04C00941;
5A99 : 0BA50DA3;
5A9A : 103310A1;
5A9B : 1786192F;
5A9C : 1B4D1C45;
5A9D : 17661ABC;
5A9E : 16461647;
5A9F : 192D16AD;
5AA0 : 1525102D;
5AA1 : 0D5E0DCB;
5AA2 : 082409AC;
5AA3 : 0EB90963;
5AA4 : 07A10348;
5AA5 : 03F10521;
5AA6 : FFCC0087;
5AA7 : 041301AF;
5AA8 : 0071FD11;
5AA9 : FEF6FE49;
5AAA : FA8EFFFB;
5AAB : 006AFF32;
5AAC : FE77FAA5;
5AAD : FACDF72F;
5AAE : F6B5F9BA;
5AAF : FB0301DB;
5AB0 : FFA3FA55;
5AB1 : FD4FFCF6;
5AB2 : FD0DFF05;
5AB3 : 016F065B;
5AB4 : 085C0886;
5AB5 : 0B360BE8;
5AB6 : 0D1D0DF4;
5AB7 : 0FEC142F;
5AB8 : 138E1389;
5AB9 : 16191966;
5ABA : 198D1AE2;
5ABB : 1FC6222E;
5ABC : 24032492;
5ABD : 21C0202D;
5ABE : 1E231CAD;
5ABF : 213F25CE;
5AC0 : 266723B3;
5AC1 : 20EB215B;
5AC2 : 1FEB1CA4;
5AC3 : 1D1A20D8;
5AC4 : 1FBC1B17;
5AC5 : 166116DB;
5AC6 : 17F01620;
5AC7 : 17D419C4;
5AC8 : 1947168C;
5AC9 : 164113E1;
5ACA : 0D920A3D;
5ACB : 0AC40ADD;
5ACC : 09B00581;
5ACD : 04C702D8;
5ACE : FBECF787;
5ACF : F468F6E3;
5AD0 : F628EF2C;
5AD1 : ECF7EB36;
5AD2 : E57BE3F4;
5AD3 : E3E0E5AB;
5AD4 : E76EE4B3;
5AD5 : E373E158;
5AD6 : E020DFE0;
5AD7 : E1F0E66D;
5AD8 : E8CAE998;
5AD9 : EB65EE60;
5ADA : F12AF11D;
5ADB : F0FEF1B8;
5ADC : F23EF44B;
5ADD : F43CF3BB;
5ADE : F594F1E1;
5ADF : F11DF2AA;
5AE0 : F16EEF6D;
5AE1 : ECEFE8A1;
5AE2 : E87EE758;
5AE3 : E848EAC0;
5AE4 : EAC4EB1F;
5AE5 : EA1FE8BB;
5AE6 : E8C5E661;
5AE7 : E8DBEDD5;
5AE8 : F002ECE8;
5AE9 : EC52ED68;
5AEA : ED74EE66;
5AEB : F13AF14D;
5AEC : F65FF70B;
5AED : F7B2F8C6;
5AEE : F646F78A;
5AEF : F8D7F93B;
5AF0 : FA86F670;
5AF1 : F76CFADC;
5AF2 : F978FC76;
5AF3 : FF8F0089;
5AF4 : 027F0035;
5AF5 : FE05FBC7;
5AF6 : FACCFBD8;
5AF7 : FF0C03F7;
5AF8 : 082507D0;
5AF9 : 079406A7;
5AFA : 048A03ED;
5AFB : 04810736;
5AFC : 07EF0720;
5AFD : 07C205C5;
5AFE : 04C502C8;
5AFF : 001002D0;
5B00 : 01EBFD49;
5B01 : FB6BF697;
5B02 : F735F646;
5B03 : F454F7C8;
5B04 : F91CFADB;
5B05 : FA96F6B5;
5B06 : F624F677;
5B07 : F97DFCFE;
5B08 : FC40FC29;
5B09 : FB37FBCE;
5B0A : FA5FF80D;
5B0B : F97CFB8D;
5B0C : FE67FAC2;
5B0D : F61CF70D;
5B0E : F50CF1AD;
5B0F : F162F2A8;
5B10 : F59EF302;
5B11 : F147F24F;
5B12 : F24BF05C;
5B13 : EF77F26E;
5B14 : F764F8A2;
5B15 : F904FA0D;
5B16 : FBA6FB53;
5B17 : FED10673;
5B18 : 09390ABE;
5B19 : 0DB30F92;
5B1A : 10E212C1;
5B1B : 137018C8;
5B1C : 1ADF1B5D;
5B1D : 1ED51F62;
5B1E : 1D111BFA;
5B1F : 1C8720A7;
5B20 : 1FB41B81;
5B21 : 1B7117F8;
5B22 : 163513D4;
5B23 : 1224148F;
5B24 : 1525134E;
5B25 : 106C0C2D;
5B26 : 07E903D1;
5B27 : 036E05CB;
5B28 : 07210596;
5B29 : FFE8FFE3;
5B2A : 0132FD5B;
5B2B : FB3FFADA;
5B2C : FCD1FD99;
5B2D : FBE8FC7D;
5B2E : FC1BF8BC;
5B2F : F977FB7A;
5B30 : FBDAFAF9;
5B31 : F452F2CF;
5B32 : F39AEF5E;
5B33 : ED10F10A;
5B34 : F460F7AE;
5B35 : F621F650;
5B36 : F6D1F50F;
5B37 : F60FF8AF;
5B38 : FC6EFE4D;
5B39 : 006603EF;
5B3A : 06830727;
5B3B : 04C7070A;
5B3C : 0C6A0BD0;
5B3D : 0CCB0EA5;
5B3E : 0CCB0CA0;
5B3F : 09420C89;
5B40 : 0F4E0F16;
5B41 : 11F81245;
5B42 : 11CF1057;
5B43 : 0CAF10C6;
5B44 : 15471530;
5B45 : 143712F9;
5B46 : 13F4128F;
5B47 : 12BF1458;
5B48 : 15CE199E;
5B49 : 187A15FB;
5B4A : 142A0FD7;
5B4B : 0D7E0AEA;
5B4C : 08DA08E6;
5B4D : 05EC0561;
5B4E : 05FD01C5;
5B4F : FE5AF9D3;
5B50 : F91DF983;
5B51 : F593F1BE;
5B52 : F06FED53;
5B53 : EDF8EEAC;
5B54 : EEDFED86;
5B55 : EADEE732;
5B56 : E501E717;
5B57 : E864E8A7;
5B58 : ED61EFFD;
5B59 : EE9DEDC9;
5B5A : ECD8EDE6;
5B5B : ED56EFE0;
5B5C : F26AF564;
5B5D : F93FFA11;
5B5E : F9A0FBD4;
5B5F : F9F6FDD4;
5B60 : 017802BF;
5B61 : 038D026F;
5B62 : 0208FEEB;
5B63 : FA68FBBC;
5B64 : FEA4FFB4;
5B65 : FFE8FDEB;
5B66 : FF2EFDFF;
5B67 : FD0FFE08;
5B68 : 023F074E;
5B69 : 07040548;
5B6A : 0598038A;
5B6B : 036206C4;
5B6C : 08220B68;
5B6D : 0B6C0A31;
5B6E : 09DD091C;
5B6F : 08A50B2C;
5B70 : 0CB70DD7;
5B71 : 0F93122B;
5B72 : 134F1140;
5B73 : 0EDC0DD4;
5B74 : 1126126F;
5B75 : 126112BC;
5B76 : 137D1517;
5B77 : 149D12EB;
5B78 : 18AB1C61;
5B79 : 1D0B1EC4;
5B7A : 1D6B1E1B;
5B7B : 1DBB1896;
5B7C : 17AC1ADB;
5B7D : 1B721B51;
5B7E : 1A5818E6;
5B7F : 156D126C;
5B80 : 11981251;
5B81 : 1143102B;
5B82 : 10420E83;
5B83 : 0AC508EB;
5B84 : 089E0A4B;
5B85 : 098106B0;
5B86 : 04FB01F8;
5B87 : FE06FB3C;
5B88 : F8E5F965;
5B89 : F961F751;
5B8A : F6B6F6EA;
5B8B : F60AF200;
5B8C : EFD6F1BF;
5B8D : F087EBC8;
5B8E : E90EE812;
5B8F : E6C5E397;
5B90 : E41AE789;
5B91 : E6A5E39B;
5B92 : E06FDFCB;
5B93 : DFCBDB99;
5B94 : D994DC74;
5B95 : DC0BDBBB;
5B96 : DBB2DB7A;
5B97 : DD4EDF8D;
5B98 : E19FE5C5;
5B99 : E87BEA32;
5B9A : EC6EEF2C;
5B9B : F160F300;
5B9C : F47BF6B7;
5B9D : F975FD36;
5B9E : FD1CFCD9;
5B9F : FDE3FE54;
5BA0 : FED50345;
5BA1 : 04C305C7;
5BA2 : 05DB027A;
5BA3 : 0095006B;
5BA4 : FD6BFC6A;
5BA5 : FCE7FC16;
5BA6 : FB22F8E5;
5BA7 : F6A2F3A1;
5BA8 : F2DAF570;
5BA9 : F7B8F8CA;
5BAA : FA63F9B5;
5BAB : F788F5AC;
5BAC : F23CF017;
5BAD : F0D5EFF3;
5BAE : EE8DED64;
5BAF : EBF7EC41;
5BB0 : ED90ECE7;
5BB1 : EF65F0E1;
5BB2 : F028F0CE;
5BB3 : F1D5F0C3;
5BB4 : EF6DF096;
5BB5 : F2A3F424;
5BB6 : F664F580;
5BB7 : F2BBF3D2;
5BB8 : F416F765;
5BB9 : FD53012C;
5BBA : 01A70347;
5BBB : 050C07B7;
5BBC : 09B90BDA;
5BBD : 0EA10FF0;
5BBE : 116E1461;
5BBF : 170816B9;
5BC0 : 19391957;
5BC1 : 1A931D5D;
5BC2 : 1FF321FF;
5BC3 : 23AB2013;
5BC4 : 1D761D8B;
5BC5 : 1E6F1DCB;
5BC6 : 1B811DCC;
5BC7 : 1CB81A5D;
5BC8 : 1BA61C75;
5BC9 : 1BBD1C0F;
5BCA : 19051736;
5BCB : 178C1643;
5BCC : 15B7155E;
5BCD : 1475118F;
5BCE : 0E570EF0;
5BCF : 0D2907E7;
5BD0 : 048704AD;
5BD1 : 04100230;
5BD2 : FF35FD38;
5BD3 : F9CBF6E2;
5BD4 : F452F039;
5BD5 : EF56ED6D;
5BD6 : EA17E7AE;
5BD7 : E74DE614;
5BD8 : E74BE7FC;
5BD9 : E85FE821;
5BDA : E869E820;
5BDB : E76DE6D7;
5BDC : E6B6E5CE;
5BDD : E502E613;
5BDE : E564E519;
5BDF : E7E7E7B5;
5BE0 : E733E88E;
5BE1 : E9D3ED6D;
5BE2 : EEFAEF3E;
5BE3 : F077EE94;
5BE4 : EEB7F0C2;
5BE5 : EF39EF50;
5BE6 : EE20EEA2;
5BE7 : F283F12C;
5BE8 : EFBAEFD8;
5BE9 : F135F1EC;
5BEA : F204F42D;
5BEB : F66DF76A;
5BEC : FA33FC37;
5BED : FBA4FE0B;
5BEE : FEBBFF7E;
5BEF : FFD80288;
5BF0 : 019E0163;
5BF1 : 03BC0797;
5BF2 : 097C0A4E;
5BF3 : 0B270D16;
5BF4 : 0DAC0D2D;
5BF5 : 0DBF0D69;
5BF6 : 0E5F0E70;
5BF7 : 10C0130E;
5BF8 : 133C13A2;
5BF9 : 12DF140D;
5BFA : 1525163B;
5BFB : 17F61A08;
5BFC : 1A1C1A9A;
5BFD : 185E1701;
5BFE : 16531560;
5BFF : 15E21A28;
5C00 : 1A5617D9;
5C01 : 161F15BB;
5C02 : 145F128B;
5C03 : 12231359;
5C04 : 12E910B1;
5C05 : 110011FC;
5C06 : 10A90F09;
5C07 : 0EDC11F5;
5C08 : 11691078;
5C09 : 108811B9;
5C0A : 11DE107E;
5C0B : 0FDD1108;
5C0C : 0F4B0C57;
5C0D : 0B120A5C;
5C0E : 08BD05D7;
5C0F : 072A08D0;
5C10 : 08AB050C;
5C11 : 04750270;
5C12 : 01230096;
5C13 : FF4D01D5;
5C14 : 03880251;
5C15 : 0068031E;
5C16 : 02620098;
5C17 : 003E0329;
5C18 : 02B700BE;
5C19 : 043405E1;
5C1A : 0601089F;
5C1B : 0A4D0ADA;
5C1C : 0B540A68;
5C1D : 0CD80EFB;
5C1E : 0FF30EDE;
5C1F : 0F7C12E6;
5C20 : 15BC1472;
5C21 : 15F7188C;
5C22 : 17921677;
5C23 : 16C018FF;
5C24 : 1BB919AC;
5C25 : 1A2F18E5;
5C26 : 158C12EC;
5C27 : 0EFA0E18;
5C28 : 0D680BC8;
5C29 : 0A7A0A72;
5C2A : 09520917;
5C2B : 061502FC;
5C2C : 0324003B;
5C2D : FF9AFEA5;
5C2E : FF09FD07;
5C2F : FBA5FAB1;
5C30 : F83CF416;
5C31 : F0DFEE6C;
5C32 : ED89EBF7;
5C33 : E99EE7D7;
5C34 : EA22E905;
5C35 : E40BE471;
5C36 : E4E6E28A;
5C37 : E1E0E1A7;
5C38 : E462E3F1;
5C39 : E3CEE612;
5C3A : E6BBE62B;
5C3B : E7D4E922;
5C3C : EC8FEF25;
5C3D : EDE4EF5C;
5C3E : EFC1F0E4;
5C3F : EFCCEF29;
5C40 : F35CF467;
5C41 : F62AF7D2;
5C42 : F82AF882;
5C43 : F9C3FBCA;
5C44 : FE49FDB5;
5C45 : FDACFED1;
5C46 : 02A602FE;
5C47 : 016B020D;
5C48 : 03D40435;
5C49 : 02F80178;
5C4A : 01790308;
5C4B : 01490041;
5C4C : 00780147;
5C4D : 00B00097;
5C4E : 026A002D;
5C4F : FCF0FA2A;
5C50 : F934FAAF;
5C51 : F77EF492;
5C52 : F3BDF02A;
5C53 : EDF7ED7F;
5C54 : EC83EA04;
5C55 : E6AEE3B9;
5C56 : E3BCE14F;
5C57 : DD10DB61;
5C58 : D828D6F2;
5C59 : D458D3D8;
5C5A : D845DA6C;
5C5B : DA59DA71;
5C5C : DCE9DE47;
5C5D : DE63DE0F;
5C5E : E0A3E16C;
5C5F : E0A9E1AC;
5C60 : E46EE826;
5C61 : EB8EEC74;
5C62 : EB57EB0A;
5C63 : E9F5EEF1;
5C64 : F339F4D0;
5C65 : F4C4F7F3;
5C66 : F904FBE4;
5C67 : FBCDF9EA;
5C68 : FB02F929;
5C69 : FA77FA1E;
5C6A : FDE000B7;
5C6B : 007101E9;
5C6C : 0229056D;
5C6D : 098208E9;
5C6E : 08B70C0E;
5C6F : 0BE10A6D;
5C70 : 0BC10E7E;
5C71 : 0F670BC0;
5C72 : 0B490C6D;
5C73 : 0B9B0E21;
5C74 : 0EE211DC;
5C75 : 134813F0;
5C76 : 145715B9;
5C77 : 166715D4;
5C78 : 168F17CF;
5C79 : 17F41736;
5C7A : 18CF1B63;
5C7B : 1BCF1C9A;
5C7C : 1FB1205F;
5C7D : 20841DFF;
5C7E : 1AD71C50;
5C7F : 1CBA1A2B;
5C80 : 1B231DA8;
5C81 : 1DFE1C5C;
5C82 : 1B101B4C;
5C83 : 1A5116D6;
5C84 : 158E16EC;
5C85 : 17E11866;
5C86 : 18A71813;
5C87 : 147E0FCB;
5C88 : 0BBD0995;
5C89 : 07460708;
5C8A : 08390860;
5C8B : 0706032E;
5C8C : 01DF0514;
5C8D : 049301C2;
5C8E : 00FA01E4;
5C8F : 0136FFBA;
5C90 : FE64FC4A;
5C91 : FD20FB69;
5C92 : FAA9F89F;
5C93 : F597F417;
5C94 : F2C0F0E2;
5C95 : F082EFA0;
5C96 : EFDDF1C2;
5C97 : EF7FEE1A;
5C98 : EE57EF34;
5C99 : EDA2EC95;
5C9A : ED75F120;
5C9B : F410F512;
5C9C : F6EAFAF1;
5C9D : FB96FC70;
5C9E : FFDFFF74;
5C9F : 012100FF;
5CA0 : 017F0326;
5CA1 : 041406CF;
5CA2 : 09C509E9;
5CA3 : 09CB0995;
5CA4 : 0B0B0D5F;
5CA5 : 0E8E0FE0;
5CA6 : 10B710A9;
5CA7 : 0FCA0FD7;
5CA8 : 0DDD0D0E;
5CA9 : 0AB6067D;
5CAA : 049C0432;
5CAB : 02F80282;
5CAC : 02D9FFF2;
5CAD : FF67FD41;
5CAE : FBC5FC3C;
5CAF : F9B1F87A;
5CB0 : F70EF692;
5CB1 : F4B8F638;
5CB2 : F5FAF376;
5CB3 : F304F170;
5CB4 : F0ABF120;
5CB5 : F3F1F573;
5CB6 : F5E6F639;
5CB7 : F678F890;
5CB8 : F7D7F748;
5CB9 : F68EF753;
5CBA : F7BFF70B;
5CBB : F9E6FD49;
5CBC : FEDF005C;
5CBD : 04930413;
5CBE : 043105C1;
5CBF : 06EA0796;
5CC0 : 05D50888;
5CC1 : 0C870EE7;
5CC2 : 0FE6129B;
5CC3 : 15C31553;
5CC4 : 12B1131F;
5CC5 : 159516C3;
5CC6 : 18D11AC9;
5CC7 : 1C4C1AFF;
5CC8 : 1B171B2E;
5CC9 : 19C4192A;
5CCA : 175B17CE;
5CCB : 18E51866;
5CCC : 18AC18E4;
5CCD : 199A1A1A;
5CCE : 1862170A;
5CCF : 18A317E7;
5CD0 : 163E154E;
5CD1 : 16D31522;
5CD2 : 115B118E;
5CD3 : 10240BBB;
5CD4 : 07DD0655;
5CD5 : 043801FF;
5CD6 : 01A203AA;
5CD7 : 0306FE5A;
5CD8 : FA48F8DB;
5CD9 : F67AF323;
5CDA : F18EF103;
5CDB : F219F1A2;
5CDC : F052EF50;
5CDD : EE3EEDEB;
5CDE : ED15EB09;
5CDF : EB19EA92;
5CE0 : E787E7DC;
5CE1 : E9C4E995;
5CE2 : E7D5E946;
5CE3 : EA7DEADD;
5CE4 : EA27EA4B;
5CE5 : E9AEEA4B;
5CE6 : ED31EF76;
5CE7 : F0CEEF60;
5CE8 : EDA7EDC6;
5CE9 : ECFFE960;
5CEA : E79CE6C2;
5CEB : E6A2E7F7;
5CEC : E7D4E93F;
5CED : E997EACC;
5CEE : EB08EB19;
5CEF : EDA1ED0A;
5CF0 : ED9AF074;
5CF1 : F1B2F40B;
5CF2 : F478F3E8;
5CF3 : F5BBF6E2;
5CF4 : F3C9F2D6;
5CF5 : F23AF489;
5CF6 : F63AF5D7;
5CF7 : F888FA9F;
5CF8 : FC44FBB1;
5CF9 : FC23FBE2;
5CFA : FA93FB04;
5CFB : FBA0FD09;
5CFC : FD35FE79;
5CFD : FF2F01B3;
5CFE : 01380126;
5CFF : 022403BE;
5D00 : 02E10354;
5D01 : 051A03CD;
5D02 : 033D02BB;
5D03 : 03D40412;
5D04 : 01A10129;
5D05 : 00B80289;
5D06 : 03460325;
5D07 : 05760786;
5D08 : 068003CD;
5D09 : 024D015D;
5D0A : FF6FFBB2;
5D0B : FC0CFFA7;
5D0C : FEC1FF67;
5D0D : FF62FF66;
5D0E : FDF8FCB3;
5D0F : FD02FE9C;
5D10 : FE15FE05;
5D11 : 00050061;
5D12 : FF30FE57;
5D13 : FDDCFEC8;
5D14 : FE99FD21;
5D15 : FB01F9B3;
5D16 : FA73FAAE;
5D17 : FCCCFE81;
5D18 : FE2AFD2D;
5D19 : FC80FC36;
5D1A : FB7DFCEF;
5D1B : FCB1FF66;
5D1C : 0236011A;
5D1D : 016B0280;
5D1E : 041703B5;
5D1F : 04E60827;
5D20 : 09A809D2;
5D21 : 0AC50BC2;
5D22 : 0BB60C7E;
5D23 : 0D500F5A;
5D24 : 11AE0EC0;
5D25 : 0EC91162;
5D26 : 10B91304;
5D27 : 15F01842;
5D28 : 18F5177E;
5D29 : 157C142C;
5D2A : 118510E9;
5D2B : 0F6E0D91;
5D2C : 0EB40B98;
5D2D : 0B1F09E5;
5D2E : 06ED066C;
5D2F : 05440409;
5D30 : 01FF006E;
5D31 : FFD00011;
5D32 : FE46FAAC;
5D33 : F91CF8B0;
5D34 : F73FF44F;
5D35 : F357F0B4;
5D36 : EF41EE50;
5D37 : EE0BEFB3;
5D38 : F081EF90;
5D39 : EDB5ED4C;
5D3A : ED74EC4F;
5D3B : EE17EE9B;
5D3C : EF7AF0DB;
5D3D : F0C9F1BF;
5D3E : F03DF0AA;
5D3F : F411F56D;
5D40 : F68EF66A;
5D41 : F650F6A9;
5D42 : F8E8F85C;
5D43 : FA81FB8C;
5D44 : FE3BFDED;
5D45 : FECD0215;
5D46 : 04D50541;
5D47 : 068A0B17;
5D48 : 0F0D0F9C;
5D49 : 10B5120E;
5D4A : 10110C13;
5D4B : 09E40A1B;
5D4C : 0AD90B14;
5D4D : 0C450BC2;
5D4E : 09D30975;
5D4F : 0A580AB6;
5D50 : 0B1C0D15;
5D51 : 0DB00C0C;
5D52 : 0C630B31;
5D53 : 098E0A8C;
5D54 : 09980831;
5D55 : 06620518;
5D56 : 01BAFEFF;
5D57 : FE3FFD7B;
5D58 : FD6CFAD9;
5D59 : F853F5FA;
5D5A : F56AF411;
5D5B : F19AF06F;
5D5C : F20CF287;
5D5D : F137F132;
5D5E : F189F1DB;
5D5F : F172F23F;
5D60 : F44DF642;
5D61 : F6AEF7F7;
5D62 : F92AF8B9;
5D63 : F989FB33;
5D64 : FD520028;
5D65 : 015F01F6;
5D66 : 008F008D;
5D67 : 0441080D;
5D68 : 0B790EA8;
5D69 : 0E1A0E82;
5D6A : 0FA40E8E;
5D6B : 0D2F0C26;
5D6C : 0D5F0DF9;
5D6D : 0E940E78;
5D6E : 0F950F93;
5D6F : 0EB80EF6;
5D70 : 119C11E7;
5D71 : 102E123C;
5D72 : 10FE112A;
5D73 : 1196125D;
5D74 : 139F152E;
5D75 : 134112A1;
5D76 : 12170F41;
5D77 : 105B1261;
5D78 : 152D15EB;
5D79 : 17C9162F;
5D7A : 14921578;
5D7B : 132F1353;
5D7C : 14431517;
5D7D : 150D1451;
5D7E : 134C1263;
5D7F : 12D414A1;
5D80 : 14C0166D;
5D81 : 16411526;
5D82 : 150C14C9;
5D83 : 13191212;
5D84 : 13271438;
5D85 : 145D136C;
5D86 : 13CD11BC;
5D87 : 1055118E;
5D88 : 115411E0;
5D89 : 10F51042;
5D8A : 0D4109B3;
5D8B : 073603E4;
5D8C : 035F0237;
5D8D : FFDBFCF7;
5D8E : F989FA10;
5D8F : F95BF8BF;
5D90 : F935F892;
5D91 : F679F4EC;
5D92 : F3B0F18B;
5D93 : F006F06D;
5D94 : EFABEEF1;
5D95 : ED30EBA2;
5D96 : E812E52B;
5D97 : E13AE098;
5D98 : E1ABE0DA;
5D99 : DF01DDC1;
5D9A : DDADDC60;
5D9B : DC3CDBA3;
5D9C : DBDFDDA8;
5D9D : DF7AE015;
5D9E : E01CE16D;
5D9F : E0DCE29C;
5DA0 : E49DE5F6;
5DA1 : E644E68D;
5DA2 : E591E65B;
5DA3 : E861E9A3;
5DA4 : E966ECB9;
5DA5 : EE09EE50;
5DA6 : EF4EEF48;
5DA7 : F127F3BE;
5DA8 : F852FA4F;
5DA9 : FB76FBC5;
5DAA : FC1AFAE3;
5DAB : F9D9F9C9;
5DAC : F804F831;
5DAD : F7C2F552;
5DAE : F32DF017;
5DAF : ED7EEBFE;
5DB0 : EB89ED88;
5DB1 : ED77EA45;
5DB2 : E86AE7A6;
5DB3 : E64BE62F;
5DB4 : E74CE78F;
5DB5 : E7F0E746;
5DB6 : E5A9E407;
5DB7 : E3BBE4F9;
5DB8 : E545E678;
5DB9 : E7BCE972;
5DBA : E85AE715;
5DBB : E6A0E7E1;
5DBC : E931E9A0;
5DBD : EB98EB1A;
5DBE : ED79EFBC;
5DBF : F00DF07B;
5DC0 : F39CF753;
5DC1 : F9DFFB77;
5DC2 : FD02FFDB;
5DC3 : 01050238;
5DC4 : 037405E6;
5DC5 : 09A80AD1;
5DC6 : 0B040CED;
5DC7 : 0EC011E0;
5DC8 : 133014EA;
5DC9 : 18AA19DD;
5DCA : 1C881D5C;
5DCB : 1CB41CCA;
5DCC : 1BBB1B3B;
5DCD : 1DE81EC8;
5DCE : 1D301C69;
5DCF : 19DB1920;
5DD0 : 19F31AB8;
5DD1 : 1CAF1C39;
5DD2 : 1BA71C29;
5DD3 : 1BD51873;
5DD4 : 178F171A;
5DD5 : 16381521;
5DD6 : 13E81122;
5DD7 : 104A1000;
5DD8 : 0EB30D93;
5DD9 : 0EB60D31;
5DDA : 0B2909DF;
5DDB : 087606B8;
5DDC : 04B601D8;
5DDD : 00BEFE79;
5DDE : FADAF976;
5DDF : F86FF652;
5DE0 : F679F7E8;
5DE1 : F9A0F854;
5DE2 : F721F82F;
5DE3 : F61EF5B4;
5DE4 : F4B0F665;
5DE5 : F7E8F8CF;
5DE6 : F979F9E5;
5DE7 : FB18FBBB;
5DE8 : FCC8FECD;
5DE9 : 019401F8;
5DEA : 01AB02F6;
5DEB : 028000BF;
5DEC : 00AD0019;
5DED : 01530159;
5DEE : FEC1FD7A;
5DEF : FCC4FBDE;
5DF0 : FCF2FE7F;
5DF1 : FF4E021D;
5DF2 : 028B01DC;
5DF3 : 03FF03A4;
5DF4 : 023F015E;
5DF5 : 0323041C;
5DF6 : 039302B7;
5DF7 : 01CD024C;
5DF8 : 03BE03B7;
5DF9 : 04B106A2;
5DFA : 06240654;
5DFB : 07380794;
5DFC : 07CA0654;
5DFD : 078708AB;
5DFE : 087A0869;
5DFF : 08F50A0C;
5E00 : 0B400C4B;
5E01 : 0D900F44;
5E02 : 0F910E7A;
5E03 : 0E750E65;
5E04 : 0D630C3E;
5E05 : 0E5F10C3;
5E06 : 0FEA0F9F;
5E07 : 0F370F3F;
5E08 : 0F350F49;
5E09 : 11F713BF;
5E0A : 130E12FD;
5E0B : 128F1178;
5E0C : 0F8C0F6D;
5E0D : 0E110D3E;
5E0E : 0BA0090D;
5E0F : 075C052D;
5E10 : 032F02B5;
5E11 : 040D02A9;
5E12 : 02350153;
5E13 : 021F02D3;
5E14 : 0135FF04;
5E15 : FF9500BB;
5E16 : 0003FD16;
5E17 : FC8BFDDF;
5E18 : FB9BFB5A;
5E19 : FCE4FBDF;
5E1A : FA67F8F4;
5E1B : F89FF78C;
5E1C : F536F4AB;
5E1D : F4B0F5A5;
5E1E : F539F3DF;
5E1F : F4A4F368;
5E20 : F1F7F205;
5E21 : F286F51D;
5E22 : F569F6D6;
5E23 : F9FCFC4E;
5E24 : FDBBFD92;
5E25 : FE1000B5;
5E26 : 025C0282;
5E27 : 03E905F0;
5E28 : 07EB090B;
5E29 : 0C7B0EF8;
5E2A : 0F361155;
5E2B : 12EE12A8;
5E2C : 12941094;
5E2D : 109C1148;
5E2E : 0F830F46;
5E2F : 0D400BD9;
5E30 : 0ABD091E;
5E31 : 09520878;
5E32 : 06F305BE;
5E33 : 0378033F;
5E34 : 0000FC55;
5E35 : FC81FA62;
5E36 : F7EBF705;
5E37 : F532F51A;
5E38 : F334F138;
5E39 : F1C0F2E2;
5E3A : F1E1EED2;
5E3B : EF9FF117;
5E3C : EEA7EC95;
5E3D : EC99EB6E;
5E3E : EA41E8CD;
5E3F : E697E564;
5E40 : E44EE436;
5E41 : E4F1E5A3;
5E42 : E4CEE4EA;
5E43 : E716E842;
5E44 : E9F2EAAB;
5E45 : EBC2ED03;
5E46 : ECEBECB5;
5E47 : EEE9F015;
5E48 : F1C4F31B;
5E49 : F6A2FC8E;
5E4A : FEEEFFA8;
5E4B : 001C0280;
5E4C : 02C20225;
5E4D : 03FD065B;
5E4E : 07070619;
5E4F : 038C03CE;
5E50 : 043F0216;
5E51 : 025A0482;
5E52 : 04F50423;
5E53 : 045503B7;
5E54 : 02C701AF;
5E55 : 01B0015C;
5E56 : 0047FE58;
5E57 : FD50FD6C;
5E58 : FBE6F93F;
5E59 : F870F870;
5E5A : F7A4F686;
5E5B : F507F4D9;
5E5C : F383EFF5;
5E5D : EC67EC06;
5E5E : EA56E6CC;
5E5F : E572E486;
5E60 : E51BE66F;
5E61 : E48BE5FB;
5E62 : E5F3E3BB;
5E63 : E548E672;
5E64 : E683E803;
5E65 : E868E83B;
5E66 : E8E3EA43;
5E67 : EB57EDAB;
5E68 : F04FF1A1;
5E69 : F629FB27;
5E6A : FD6CFF3B;
5E6B : FFC60273;
5E6C : 04E30573;
5E6D : 061B08A5;
5E6E : 0AE30ADA;
5E6F : 0944073D;
5E70 : 07E0084C;
5E71 : 0744076D;
5E72 : 09AB0A9B;
5E73 : 0AA10C49;
5E74 : 0C7F0D29;
5E75 : 0E5D0F0C;
5E76 : 0FB50F3C;
5E77 : 0D290CBD;
5E78 : 0E510FD9;
5E79 : 110E1172;
5E7A : 14541387;
5E7B : 125E1433;
5E7C : 145513EB;
5E7D : 12A712A7;
5E7E : 14D514FC;
5E7F : 13C9143F;
5E80 : 140F13B4;
5E81 : 12FC1250;
5E82 : 1339120E;
5E83 : 11AF135D;
5E84 : 14E414E4;
5E85 : 164D1845;
5E86 : 180D1749;
5E87 : 1722161B;
5E88 : 1587162A;
5E89 : 160916F8;
5E8A : 18D81810;
5E8B : 170D15E7;
5E8C : 154A135B;
5E8D : 12D611D1;
5E8E : 10C60FBB;
5E8F : 0D7B0BA8;
5E90 : 09060599;
5E91 : 04F005CF;
5E92 : 049702E4;
5E93 : 02240001;
5E94 : FCB0FA0E;
5E95 : F7D0F5BC;
5E96 : F583F369;
5E97 : F18DF0D4;
5E98 : EE6CEB63;
5E99 : EADEEB9A;
5E9A : EB6DEB47;
5E9B : EB07E999;
5E9C : E8B5E87E;
5E9D : E869E789;
5E9E : E802E610;
5E9F : E47FE33B;
5EA0 : E0CEDF85;
5EA1 : DED1DD5F;
5EA2 : DFD8DFF9;
5EA3 : E196E4E2;
5EA4 : E633E725;
5EA5 : E879E912;
5EA6 : EB96EE03;
5EA7 : EEF6F101;
5EA8 : F39AF58E;
5EA9 : F88CFCC0;
5EAA : 007B0395;
5EAB : 055607D3;
5EAC : 0A4C0AEF;
5EAD : 0BE70AB2;
5EAE : 0A2F0C11;
5EAF : 0B1D0B63;
5EB0 : 0B430A74;
5EB1 : 099E0950;
5EB2 : 09AA09FF;
5EB3 : 09CB0843;
5EB4 : 083F0787;
5EB5 : 070906FB;
5EB6 : 063A04D3;
5EB7 : 03C902AE;
5EB8 : 01EDFFEE;
5EB9 : FEC5FEC8;
5EBA : FF3AFF61;
5EBB : FEB0FF3F;
5EBC : FE25FD1C;
5EBD : FD10FE5A;
5EBE : FFB9FF0C;
5EBF : FEB4FEF0;
5EC0 : FEDBFE52;
5EC1 : FD55FE5A;
5EC2 : FF23008D;
5EC3 : 00610091;
5EC4 : 0134033F;
5EC5 : 03D602B2;
5EC6 : 036F054E;
5EC7 : 06D00852;
5EC8 : 0A710CE4;
5EC9 : 103E1290;
5ECA : 169B1854;
5ECB : 18591B89;
5ECC : 1D2A1EB3;
5ECD : 209F22A7;
5ECE : 22A124F1;
5ECF : 24BB236F;
5ED0 : 259224C6;
5ED1 : 234F22B5;
5ED2 : 23A82330;
5ED3 : 223F21D1;
5ED4 : 1F831E67;
5ED5 : 1CA61B5F;
5ED6 : 1BC81BBF;
5ED7 : 1A3E198D;
5ED8 : 174C14A7;
5ED9 : 135F12C8;
5EDA : 12491164;
5EDB : 117711A4;
5EDC : 107E0E57;
5EDD : 0B410979;
5EDE : 07080487;
5EDF : 0261FF6B;
5EE0 : FBF1FB27;
5EE1 : F817F544;
5EE2 : F32BF0E9;
5EE3 : EEDCEBE2;
5EE4 : EA12E996;
5EE5 : E91DE977;
5EE6 : E9CAE8C7;
5EE7 : E987EA50;
5EE8 : E9E3EA54;
5EE9 : E9C1EC07;
5EEA : ED31EE4F;
5EEB : F075EFE1;
5EEC : F01AF14B;
5EED : F271F462;
5EEE : F605F686;
5EEF : F4F9F3BF;
5EF0 : F4A4F251;
5EF1 : F1B7F1DE;
5EF2 : F19BF285;
5EF3 : F312F27C;
5EF4 : F180F0C5;
5EF5 : EF68F01A;
5EF6 : EFFEF098;
5EF7 : F0BDEE60;
5EF8 : ED6FEC67;
5EF9 : EB03EAD3;
5EFA : ECCCEF60;
5EFB : F16BF2FC;
5EFC : F1D2F16D;
5EFD : F236F314;
5EFE : F3A1F2E9;
5EFF : F2DDF147;
5F00 : F0F1F126;
5F01 : EFF0EDEE;
5F02 : ED91ED4E;
5F03 : ECCDEDEA;
5F04 : EE41EDDA;
5F05 : F070F0F7;
5F06 : F1A0F169;
5F07 : EF45F158;
5F08 : F17CF2E8;
5F09 : F524F66E;
5F0A : F747F92D;
5F0B : FC63FED5;
5F0C : FF33FF43;
5F0D : FF5A01C5;
5F0E : 02F50091;
5F0F : FFF6FFB7;
5F10 : FFA1FED4;
5F11 : FDFAFD2E;
5F12 : FB90FC48;
5F13 : FB5EFDE3;
5F14 : FD8DFD01;
5F15 : FB1FF978;
5F16 : F9EBF7BF;
5F17 : F774F6D3;
5F18 : F599F556;
5F19 : F510F4FA;
5F1A : F30AF2CB;
5F1B : F2F4F31B;
5F1C : F356F29B;
5F1D : F25EF205;
5F1E : F340F339;
5F1F : F20BF11D;
5F20 : F16CEF45;
5F21 : EE7CED39;
5F22 : EE2DEF21;
5F23 : EFE4F115;
5F24 : F1EFF12A;
5F25 : F39AF397;
5F26 : F4BFF7DE;
5F27 : F8EDFAED;
5F28 : FA36FB16;
5F29 : FD7A01B7;
5F2A : 02E70444;
5F2B : 080C0AB2;
5F2C : 0CDE0E90;
5F2D : 10311271;
5F2E : 16751682;
5F2F : 171A194F;
5F30 : 1AB41AAC;
5F31 : 1BF21BDC;
5F32 : 1C9F1CEA;
5F33 : 1EF71E77;
5F34 : 1C1B1BA8;
5F35 : 1A091A43;
5F36 : 19D918D8;
5F37 : 1797127D;
5F38 : 0F5D0D0C;
5F39 : 0D3B0C9E;
5F3A : 0A210958;
5F3B : 085B08AD;
5F3C : 06CF0379;
5F3D : 03F60306;
5F3E : 0225005C;
5F3F : 0025006F;
5F40 : FDFEF9E9;
5F41 : F6D4F5FC;
5F42 : F400F304;
5F43 : F325F21B;
5F44 : F358F387;
5F45 : F18FF38F;
5F46 : F3A9F2E5;
5F47 : F7F0F8EE;
5F48 : F873F8EE;
5F49 : FAC5FC71;
5F4A : FD3700A4;
5F4B : 028C0597;
5F4C : 08630872;
5F4D : 0BDD108F;
5F4E : 10341181;
5F4F : 12D11527;
5F50 : 16991692;
5F51 : 199D19DF;
5F52 : 198A1717;
5F53 : 17281915;
5F54 : 19A918CE;
5F55 : 17FB19EA;
5F56 : 1A2017CE;
5F57 : 16BA14C7;
5F58 : 11831166;
5F59 : 118F100D;
5F5A : 10640DA1;
5F5B : 0C550D12;
5F5C : 0D9D0A97;
5F5D : 097E0B71;
5F5E : 09CA0674;
5F5F : 055D0403;
5F60 : 021AFE09;
5F61 : FCFBFD55;
5F62 : FB42F7C7;
5F63 : F725F6D7;
5F64 : F48CF403;
5F65 : F38BF171;
5F66 : F07DF18A;
5F67 : F391F3FF;
5F68 : F490F210;
5F69 : F3BFF5FF;
5F6A : F61CF774;
5F6B : F9D8FCA0;
5F6C : FF7AFF09;
5F6D : FF0AFF9E;
5F6E : 02F50417;
5F6F : 05DA0809;
5F70 : 070207B7;
5F71 : 086E0830;
5F72 : 093808F1;
5F73 : 0AB90D11;
5F74 : 0CC40DA0;
5F75 : 0F9B0EB7;
5F76 : 0EF40DB9;
5F77 : 0DB30F94;
5F78 : 0E930C46;
5F79 : 0A3D0B9B;
5F7A : 099F079B;
5F7B : 092D0839;
5F7C : 0768061A;
5F7D : 069C04F5;
5F7E : 02C300EE;
5F7F : 022D044E;
5F80 : 02480037;
5F81 : 003600A0;
5F82 : FE79FDA9;
5F83 : FEE802AC;
5F84 : 04D801BB;
5F85 : 035E053B;
5F86 : 0593060E;
5F87 : 081A07C2;
5F88 : 07E80994;
5F89 : 086A0812;
5F8A : 08AC0BA2;
5F8B : 0CD00EE8;
5F8C : 0F580E46;
5F8D : 0FDF0EB2;
5F8E : 0C330B08;
5F8F : 0DD50FF5;
5F90 : 0D0E0B52;
5F91 : 0BCE0A09;
5F92 : 08C9088F;
5F93 : 08D609B8;
5F94 : 088205CA;
5F95 : 045D01E3;
5F96 : FFB8FE2C;
5F97 : FD41FBA5;
5F98 : F7FEF5DF;
5F99 : F4CDF263;
5F9A : EF3BEE66;
5F9B : EEE7ECFA;
5F9C : E950E5EB;
5F9D : E5A0E4F2;
5F9E : E1B5E112;
5F9F : E02ADEBC;
5FA0 : DC69D912;
5FA1 : D87BD92E;
5FA2 : D681D364;
5FA3 : D563D841;
5FA4 : D741D5EF;
5FA5 : D6B7D895;
5FA6 : D859D87F;
5FA7 : DD1ADFF9;
5FA8 : DF63E005;
5FA9 : E3A0E324;
5FAA : E387E7C2;
5FAB : EB66EE30;
5FAC : EF55EF3B;
5FAD : F0B4F354;
5FAE : F311F4F2;
5FAF : F93AFB19;
5FB0 : FB6BFD42;
5FB1 : 00B400D6;
5FB2 : FEBFFDB4;
5FB3 : 00350487;
5FB4 : 0562046B;
5FB5 : 059B081A;
5FB6 : 0619032E;
5FB7 : 02F403B4;
5FB8 : 040F01F0;
5FB9 : FFE1FDB3;
5FBA : FCD1FC1E;
5FBB : FCC9FAE4;
5FBC : F992F9AF;
5FBD : F913F799;
5FBE : F566F406;
5FBF : F389F337;
5FC0 : F011EF71;
5FC1 : F0A1EF6E;
5FC2 : EEF0EFC7;
5FC3 : EF94EDD6;
5FC4 : EF9EF06A;
5FC5 : F0C6F211;
5FC6 : F1D3F223;
5FC7 : F51FF8F3;
5FC8 : F952FA41;
5FC9 : FB1BFBF4;
5FCA : FAEEFC62;
5FCB : 01480620;
5FCC : 09870ACD;
5FCD : 0DFD0F43;
5FCE : 0E440F23;
5FCF : 150E17D5;
5FD0 : 1658194B;
5FD1 : 1C681BAD;
5FD2 : 1AEE1DA9;
5FD3 : 1F672032;
5FD4 : 20572187;
5FD5 : 220C226F;
5FD6 : 23C92242;
5FD7 : 216B215D;
5FD8 : 1F4D1E95;
5FD9 : 1F5A1DE2;
5FDA : 19B919DA;
5FDB : 1BAB19C7;
5FDC : 16191591;
5FDD : 14551137;
5FDE : 0E600BA3;
5FDF : 0BF20AD8;
5FE0 : 07A80431;
5FE1 : 032202F2;
5FE2 : 00B2FCF1;
5FE3 : FA80FAB4;
5FE4 : F882F5F9;
5FE5 : F4ACF565;
5FE6 : F517F3DB;
5FE7 : F45AF35F;
5FE8 : F0D4EF90;
5FE9 : EFE0EE48;
5FEA : EEE1F065;
5FEB : F075F126;
5FEC : F147F22E;
5FED : F24BF28A;
5FEE : F32FF305;
5FEF : F41FF7B5;
5FF0 : F791F6AE;
5FF1 : FA95FBF0;
5FF2 : FA55FA17;
5FF3 : FD25FD00;
5FF4 : FABFFC6C;
5FF5 : FF12FFF8;
5FF6 : 0048FFC6;
5FF7 : 0035016C;
5FF8 : 01620136;
5FF9 : 0094FF6F;
5FFA : FDDCFD16;
5FFB : FF3FFFE1;
5FFC : FD99FC72;
5FFD : FB6AFAC5;
5FFE : FB47FB35;
5FFF : FAE6FA96;
6000 : F97FF8A1;
6001 : F7E2F61C;
6002 : F4B1F441;
6003 : F554F677;
6004 : F722F7C7;
6005 : F996FB96;
6006 : FD91FC76;
6007 : FD7B00E8;
6008 : 0344047A;
6009 : 049604A2;
600A : 038C035C;
600B : 07450C00;
600C : 0F1210E9;
600D : 108A10AA;
600E : 10580D59;
600F : 0CCF0E84;
6010 : 118B14B0;
6011 : 159C162C;
6012 : 16481429;
6013 : 122112D0;
6014 : 13E5175B;
6015 : 1C221FC5;
6016 : 1F431BDE;
6017 : 1B411C61;
6018 : 1CCE1D61;
6019 : 1AA515BC;
601A : 1498105B;
601B : 0AC00761;
601C : 04190341;
601D : 02F001AC;
601E : 00FAFEB6;
601F : FC2EF92E;
6020 : F5F9F4FD;
6021 : F248F323;
6022 : F578F61D;
6023 : F971FBFF;
6024 : FCD8FE36;
6025 : FF4501B6;
6026 : 04DE055A;
6027 : 055B030F;
6028 : FFED024B;
6029 : 05350574;
602A : 06030853;
602B : 0B260C37;
602C : 0DBB0E38;
602D : 0A9305F6;
602E : 057D0298;
602F : 018B0753;
6030 : 0B2B0BED;
6031 : 0D0D0EE8;
6032 : 0E4A0AD1;
6033 : 09820BBC;
6034 : 0D7E0FA1;
6035 : 122912FB;
6036 : 14691483;
6037 : 18881C0A;
6038 : 193B1989;
6039 : 1CD21D19;
603A : 1A9A1763;
603B : 121B0D72;
603C : 0A18099E;
603D : 093007DC;
603E : 07610269;
603F : FCC3F959;
6040 : F68AF562;
6041 : F3BFF34D;
6042 : F5A6F540;
6043 : F5B9F87F;
6044 : F6E8F1F8;
6045 : EF70F061;
6046 : F029EEC8;
6047 : EE8CEFF8;
6048 : EF1DECAA;
6049 : EBA3EACC;
604A : E899E967;
604B : EBB7EB0D;
604C : E9E2E764;
604D : E7F0E9CD;
604E : EA71EA48;
604F : E934E939;
6050 : EAD5EC47;
6051 : EE51EDF7;
6052 : EE22F250;
6053 : F3CDF5A7;
6054 : F8A8F718;
6055 : F542F4A7;
6056 : F4FDF5CE;
6057 : F900FF17;
6058 : 030104E3;
6059 : 04EE00F7;
605A : FAA6F4B6;
605B : EEF6EA65;
605C : E924E9F1;
605D : EBB7ECB7;
605E : E9FFE5F0;
605F : E24EDFB7;
6060 : DD03DAC4;
6061 : DA6ADDB7;
6062 : E12AE2AF;
6063 : E2C2DF9D;
6064 : DDF3E0B5;
6065 : E3A6E620;
6066 : E7D3E7CC;
6067 : EAB7F0AC;
6068 : F375F2C3;
6069 : F2B5F20C;
606A : F0AFF036;
606B : F220F2A8;
606C : F3EAF45C;
606D : F48FF6EB;
606E : F765F530;
606F : F208EE45;
6070 : ECEAEDCE;
6071 : ECB1EE47;
6072 : F061F366;
6073 : F584F4E6;
6074 : F54EF2AB;
6075 : F115F469;
6076 : F74CFAA3;
6077 : FF1C0367;
6078 : 09CB0DD9;
6079 : 0D330CF2;
607A : 0A450896;
607B : 07AA0702;
607C : 09420D2F;
607D : 0C9C0A82;
607E : 07500413;
607F : 03E6037E;
6080 : 04B6055B;
6081 : 06620566;
6082 : 04F6022F;
6083 : 01040351;
6084 : 06DF078E;
6085 : 07890B19;
6086 : 0A4C0925;
6087 : 08DF094F;
6088 : 09E60B8D;
6089 : 0D3B0C07;
608A : 0A690BD6;
608B : 0E310EFD;
608C : 11971430;
608D : 19BC1E21;
608E : 1F321F16;
608F : 1C7F1ABE;
6090 : 1AAC1B46;
6091 : 1D6422CB;
6092 : 275E29A9;
6093 : 28D7252F;
6094 : 23792203;
6095 : 21FA2448;
6096 : 253824E8;
6097 : 27172A6C;
6098 : 2B1F2916;
6099 : 27612594;
609A : 22531FEB;
609B : 1A601334;
609C : 0C02069C;
609D : 0465029B;
609E : 00A0FEF1;
609F : FA9AF591;
60A0 : F354F184;
60A1 : ED67E7CC;
60A2 : E64DE853;
60A3 : EB2CEEF0;
60A4 : F055EF8C;
60A5 : EF7CEEB0;
60A6 : EEBAEDC4;
60A7 : EE41F0E5;
60A8 : F60EF7EE;
60A9 : F857FB20;
60AA : FCAFFCF0;
60AB : FD72FD9A;
60AC : FE52FFB0;
60AD : 0081021C;
60AE : 007CFF3E;
60AF : FD3EFB25;
60B0 : F9EEFA10;
60B1 : F77AF793;
60B2 : F72AF707;
60B3 : F850F8CC;
60B4 : FC22FDAB;
60B5 : FB75FBF6;
60B6 : FDEEFDF3;
60B7 : 01940606;
60B8 : 0A6B0E4A;
60B9 : 14491AC6;
60BA : 1B2618FD;
60BB : 151C1015;
60BC : 0DEE0D8A;
60BD : 0E600F6D;
60BE : 11021210;
60BF : 0F8A0CCC;
60C0 : 0C9206D6;
60C1 : 00A5003E;
60C2 : 02C80590;
60C3 : 05EE0543;
60C4 : 05D1033F;
60C5 : 007801E2;
60C6 : FFFCFC37;
60C7 : F9B7FB2F;
60C8 : FBA7FB72;
60C9 : FB29F8CF;
60CA : F689F7DA;
60CB : F8AFF5C4;
60CC : F5D1F553;
60CD : F7A7FA17;
60CE : FC5FFDFF;
60CF : FC7BFC64;
60D0 : FC5DFDF6;
60D1 : FE47FEE2;
60D2 : FE11FD4C;
60D3 : 007103DE;
60D4 : 053B0724;
60D5 : 077C073E;
60D6 : 08CF08FF;
60D7 : 09020A0A;
60D8 : 0E27129B;
60D9 : 14A61576;
60DA : 13C11190;
60DB : 0D8807CC;
60DC : 04E20249;
60DD : 0087FFCF;
60DE : FF90FD6E;
60DF : F9B2F740;
60E0 : F4E5F207;
60E1 : F2A9F2FA;
60E2 : F440F402;
60E3 : F338F55C;
60E4 : F585F697;
60E5 : F950F9F1;
60E6 : FC3FFE17;
60E7 : FD9300C0;
60E8 : 0205FF46;
60E9 : FDDBFDD9;
60EA : FD7DFEC1;
60EB : 01EE043A;
60EC : 04DE0515;
60ED : 045C022D;
60EE : FED3FCDE;
60EF : F945F63F;
60F0 : F6ECF5DC;
60F1 : F2EBEF20;
60F2 : ED68EDB1;
60F3 : ED09EA7F;
60F4 : EA1CEC9B;
60F5 : E9BEE4AC;
60F6 : E326DF2B;
60F7 : DFDDE655;
60F8 : ECBFF220;
60F9 : F5DCF85C;
60FA : F931F7E3;
60FB : F73BF607;
60FC : F542F5B7;
60FD : F683F743;
60FE : F59AF482;
60FF : F2BFEE42;
6100 : EECCF1D6;
6101 : F29EF32F;
6102 : F18AEF4B;
6103 : ECDCED19;
6104 : ED69EBB5;
6105 : EE57F2CD;
6106 : F39FF441;
6107 : F1C7F065;
6108 : F13AEFC8;
6109 : F0C5F348;
610A : F53BF870;
610B : FB3CFCA8;
610C : FCF1FEBF;
610D : FEF3FEB3;
610E : FFC701EF;
610F : 0409054B;
6110 : 067F055D;
6111 : 054D04E4;
6112 : 05EC06F0;
6113 : 07040931;
6114 : 0D350F5B;
6115 : 0FD00F85;
6116 : 0FBA0F51;
6117 : 10CD1836;
6118 : 1F5624B1;
6119 : 260923E4;
611A : 22641F6C;
611B : 1DEC1ABF;
611C : 16851255;
611D : 0CDD0A71;
611E : 091405AE;
611F : 01BEFD6C;
6120 : FB2FFE6A;
6121 : FB8DF6B8;
6122 : F197EB7C;
6123 : EA8FEA5B;
6124 : EBDAEF8D;
6125 : F09AF2B6;
6126 : F3B2F3DA;
6127 : F237F025;
6128 : F088F322;
6129 : F648F910;
612A : FC3AFEBA;
612B : FEADFE13;
612C : FF1400DA;
612D : 00BF0047;
612E : 01F1032B;
612F : 03A503FB;
6130 : 01A3FDE3;
6131 : FB15FA88;
6132 : FC67FCF4;
6133 : FBF5FC34;
6134 : FD06FD8F;
6135 : FF33FE51;
6136 : FD1EFC98;
6137 : FE050213;
6138 : 092310EB;
6139 : 13A4150C;
613A : 16CA16A0;
613B : 17351761;
613C : 17C41A0F;
613D : 197517CB;
613E : 1407113C;
613F : 10A10D7C;
6140 : 0EC21194;
6141 : 102C0F52;
6142 : 0D2A09AD;
6143 : 07AA0609;
6144 : 06200595;
6145 : 050704A9;
6146 : 03F80323;
6147 : FEDCFC80;
6148 : FBE6FAB3;
6149 : F957F762;
614A : F649F476;
614B : F360F0A1;
614C : F079F291;
614D : F4F7F376;
614E : F509F4D5;
614F : F060EF2A;
6150 : ECE9EC7F;
6151 : EE68F1C3;
6152 : F46FF59E;
6153 : F81AF6F2;
6154 : F6BFF6F8;
6155 : F64EF582;
6156 : F5C0F7D0;
6157 : FD06FFC8;
6158 : 01E50508;
6159 : 0730095E;
615A : 08B50974;
615B : 0B9309AC;
615C : 05C905E1;
615D : 0311FF8D;
615E : FDA8F9EC;
615F : F80EF52B;
6160 : F7A5FB00;
6161 : FB0BFA92;
6162 : F951F866;
6163 : F7CFF7AD;
6164 : F630F5B3;
6165 : F792F8EB;
6166 : F831F804;
6167 : F7DEF8A5;
6168 : FB55FD26;
6169 : FF0DFF53;
616A : 01AF0626;
616B : 090509A9;
616C : 0D060E64;
616D : 121C145B;
616E : 13021301;
616F : 0E8A09EC;
6170 : 079707B1;
6171 : 084F077A;
6172 : 08FF086F;
6173 : 05E203CC;
6174 : 0470058C;
6175 : 05A604E4;
6176 : 04560220;
6177 : 00C5007D;
6178 : 022E07C0;
6179 : 0B140B38;
617A : 0B730EB8;
617B : 12251330;
617C : 13AF148A;
617D : 141B12F3;
617E : 12C01226;
617F : 12370FB7;
6180 : 0CBE0D00;
6181 : 0D08098D;
6182 : 077209AD;
6183 : 09F307F9;
6184 : 07B80811;
6185 : 074A0738;
6186 : 07EE05B4;
6187 : 02E401FA;
6188 : 00E50074;
6189 : 019C01BB;
618A : 035104A4;
618B : 06D70914;
618C : 0C710FFE;
618D : 0FB31004;
618E : 118E13F4;
618F : 13E61355;
6190 : 12CC1178;
6191 : 110A1116;
6192 : 124611B9;
6193 : 11F611D5;
6194 : 11CF11E1;
6195 : 10E11198;
6196 : 12941294;
6197 : 0E650B2A;
6198 : 0BAF0D51;
6199 : 0F8C1190;
619A : 11F510C6;
619B : 0E8D0AEF;
619C : 07D70764;
619D : 096C07E0;
619E : 0419022C;
619F : FCE7F7A6;
61A0 : F684F6AC;
61A1 : F312EF98;
61A2 : EF6FF02C;
61A3 : EF40EBED;
61A4 : EA20E86E;
61A5 : E533E45B;
61A6 : E4EDE61C;
61A7 : E64DE4B8;
61A8 : E344E226;
61A9 : E2FEE45D;
61AA : E47EE47E;
61AB : E3CEE4F8;
61AC : E5E0E68C;
61AD : E7ADE8B9;
61AE : E8B2E77B;
61AF : E57CE2F9;
61B0 : E18EE087;
61B1 : E2AEE2A3;
61B2 : DFD4DCF7;
61B3 : DCFFDEEA;
61B4 : DFC6E12A;
61B5 : DF25DCBD;
61B6 : DC41DE4C;
61B7 : E1D2E3A5;
61B8 : E771EA16;
61B9 : EC6AF035;
61BA : F2A9F38B;
61BB : F708F937;
61BC : F99AFC16;
61BD : 01B3046E;
61BE : 0312031D;
61BF : 0132FF0F;
61C0 : FFDA0142;
61C1 : 040004EE;
61C2 : 03C901E6;
61C3 : FFCBFCF0;
61C4 : FA80F8AB;
61C5 : F7B9F756;
61C6 : F838F8AA;
61C7 : F7A7F94F;
61C8 : F8A8F58D;
61C9 : F329F08E;
61CA : EFFDEF14;
61CB : F14AF3F9;
61CC : F2F0F376;
61CD : F555F60F;
61CE : F5CAF5D2;
61CF : F6E9F3B1;
61D0 : F2ACF2E0;
61D1 : F508F892;
61D2 : F9B0FB38;
61D3 : FA91FADD;
61D4 : FC16FB24;
61D5 : FA9EF9DC;
61D6 : FB2AFCA2;
61D7 : FD95FD77;
61D8 : 001D012A;
61D9 : 00830222;
61DA : 0263037C;
61DB : 06CD09B6;
61DC : 0B640CB9;
61DD : 0CD80D64;
61DE : 0C9D0B37;
61DF : 0D030C28;
61E0 : 09890B1E;
61E1 : 0D1B0C7C;
61E2 : 0CFD0D0C;
61E3 : 0A7B0874;
61E4 : 08C90A67;
61E5 : 0AA00AB0;
61E6 : 0DEB104D;
61E7 : 103C0F8E;
61E8 : 0EF20EE9;
61E9 : 100510C0;
61EA : 12CC12E3;
61EB : 13C21512;
61EC : 146215E2;
61ED : 157F1504;
61EE : 174518FE;
61EF : 18E91560;
61F0 : 1386131C;
61F1 : 116D1098;
61F2 : 0EEE0DD6;
61F3 : 0F0B0C6E;
61F4 : 0ACA09D6;
61F5 : 087A0913;
61F6 : 08E9050A;
61F7 : 03730324;
61F8 : 01D40013;
61F9 : 006A02A0;
61FA : 03C00529;
61FB : 03740291;
61FC : 05A406C2;
61FD : 09240A88;
61FE : 0B350C16;
61FF : 0D900CD2;
6200 : 0AAD09C1;
6201 : 07B205B3;
6202 : 058205B0;
6203 : 011EFF0F;
6204 : FF81FF62;
6205 : 0014FE10;
6206 : FEA3FFA2;
6207 : FDE5FBAB;
6208 : FA42FAF2;
6209 : FC3DFBCF;
620A : FC87FDEA;
620B : FF3FFEF8;
620C : FF1D01A1;
620D : 042205AA;
620E : 08340ADA;
620F : 0B880CEE;
6210 : 0D5F0BB1;
6211 : 0D130DB2;
6212 : 0F2710F4;
6213 : 113910C3;
6214 : 115D1470;
6215 : 12D8115C;
6216 : 13351445;
6217 : 15D81713;
6218 : 16931670;
6219 : 168A179D;
621A : 18921950;
621B : 19201903;
621C : 1A251A12;
621D : 1C9C1E8A;
621E : 1D981BCE;
621F : 1B271958;
6220 : 151013BC;
6221 : 10690DD1;
6222 : 0CBC0844;
6223 : 053301F3;
6224 : FFB8FF38;
6225 : FE92FD81;
6226 : F971F609;
6227 : F395F497;
6228 : F5CEF1D0;
6229 : F0AFF0AE;
622A : EEDBF005;
622B : EF72ED4C;
622C : ED96EF32;
622D : F0FFF1E3;
622E : F2DDF4DA;
622F : F411F37E;
6230 : F1A2F0DD;
6231 : F1D4F0BE;
6232 : F136F354;
6233 : F237F199;
6234 : F04EEF96;
6235 : EE0AEC36;
6236 : EC04ED5F;
6237 : EF82F064;
6238 : F13EF178;
6239 : F238F382;
623A : F5D8FA93;
623B : FE21019A;
623C : 024504D4;
623D : 0723076B;
623E : 08820B8C;
623F : 0BC40D88;
6240 : 0FFC0C9F;
6241 : 0A5F0AFB;
6242 : 0B460A13;
6243 : 09750467;
6244 : 01B600B7;
6245 : FFCAFEE6;
6246 : FA70FA35;
6247 : FAB3FC3D;
6248 : FA80F7A3;
6249 : F496F166;
624A : EE87EDA6;
624B : EC19EAAA;
624C : EA90EA70;
624D : EB28E912;
624E : E6CBE643;
624F : E563E613;
6250 : E680E68F;
6251 : E5F6E5FF;
6252 : E4F3E395;
6253 : E30BE4D4;
6254 : E5E0E71F;
6255 : E731E521;
6256 : E5DCE2DC;
6257 : E29EE4F4;
6258 : E443E30E;
6259 : E31DE500;
625A : E488E556;
625B : E889EA15;
625C : E936EB00;
625D : EBF8EBE1;
625E : EEB1EE24;
625F : EFCAF26E;
6260 : F34BF05A;
6261 : F036F2A0;
6262 : EF25EBDB;
6263 : EBD0EC6E;
6264 : EC43EAFF;
6265 : E973EB4F;
6266 : EE4CEDF0;
6267 : EDA4F0BB;
6268 : F38AF1AF;
6269 : F1BDF538;
626A : F559F62E;
626B : F64FF75E;
626C : F93CF95A;
626D : FC2EFD62;
626E : FCBAFD16;
626F : FD08FD54;
6270 : FF3FFEC1;
6271 : FEDCFEF3;
6272 : FE0BFC2F;
6273 : FB85FDEC;
6274 : FEF6FE83;
6275 : FC74FADD;
6276 : F963F500;
6277 : EC57EF60;
6278 : F6F0F50F;
6279 : F519F6FF;
627A : F8B7FA2A;
627B : FBDFFCC2;
627C : FDB3FF8C;
627D : 00A500E4;
627E : 05140504;
627F : 08480B7B;
6280 : 0AF90B2D;
6281 : 0AF60BCA;
6282 : 0B640CC7;
6283 : 0E8E0EE6;
6284 : 10820E33;
6285 : 0C450ACE;
6286 : 06CC02A3;
6287 : 02C406C1;
6288 : 0AB30BDC;
6289 : 0AF40E5D;
628A : 0F1D0ACA;
628B : 09890BC7;
628C : 0C640E0B;
628D : 0EAE0B27;
628E : 0DCD12FF;
628F : 129410AC;
6290 : 15F116AF;
6291 : 1771195A;
6292 : 169B15C4;
6293 : 168C13C1;
6294 : 11941370;
6295 : 15981838;
6296 : 16E111E9;
6297 : 174E1BEA;
6298 : 1C361B1B;
6299 : 1FBD1FE2;
629A : 1DF61DF6;
629B : 1A771B10;
629C : 1A0E1C8B;
629D : 20102312;
629E : 209A2129;
629F : 21DD2081;
62A0 : 1FEB1F3C;
62A1 : 1BD61672;
62A2 : 179D1524;
62A3 : 13AE138C;
62A4 : 11FA0C68;
62A5 : 069F00EA;
62A6 : FCD3FD73;
62A7 : FD09F737;
62A8 : F1F7F282;
62A9 : F362EFB6;
62AA : EF38F203;
62AB : F412EF7B;
62AC : EC76F268;
62AD : F3B5F705;
62AE : FCEC0252;
62AF : 0114FED3;
62B0 : FF820209;
62B1 : 05F9063F;
62B2 : 047601C9;
62B3 : 04B505F6;
62B4 : 054B01E9;
62B5 : 05310401;
62B6 : FFE400EC;
62B7 : FE45FF7C;
62B8 : 00E9FFCB;
62B9 : FE7D04FA;
62BA : 03AA0605;
62BB : FE50008A;
62BC : FD0DFE52;
62BD : 061003A9;
62BE : 08100B65;
62BF : 06B5040E;
62C0 : 05E707CB;
62C1 : 0DB106D6;
62C2 : 077F097A;
62C3 : 06F60AA3;
62C4 : 0CB41285;
62C5 : 0F5E0BC0;
62C6 : 019A04DE;
62C7 : 0353FDB9;
62C8 : 05F60C2C;
62C9 : 01CE08A9;
62CA : 0801FDFE;
62CB : 03D4041C;
62CC : FB9CFF70;
62CD : 03BF0688;
62CE : 11A60E3B;
62CF : 0D130C4C;
62D0 : 0C1B05FC;
62D1 : 0AB80AC7;
62D2 : 08820B59;
62D3 : 0A8B0C01;
62D4 : 0D2D0838;
62D5 : 04B30A6F;
62D6 : F580FEAA;
62D7 : 06D501C3;
62D8 : 038B0BF6;
62D9 : 0A7909AC;
62DA : 0C260C13;
62DB : 0B620BB1;
62DC : 0CD60B9C;
62DD : 0EB40776;
62DE : 0F1710BA;
62DF : 07C00DA1;
62E0 : 0D6F0669;
62E1 : 07A40941;
62E2 : 06E1030A;
62E3 : 01BA0638;
62E4 : 05D507BB;
62E5 : FDC7F7CA;
62E6 : F885F0D9;
62E7 : F1F1ED8D;
62E8 : E4BCE7FD;
62E9 : E6C3E718;
62EA : E5BAE044;
62EB : E1F0E2D2;
62EC : E4F6DD22;
62ED : E3D0EAA3;
62EE : E4D3ED89;
62EF : F4DEF63E;
62F0 : F95EF792;
62F1 : F5F0FD0F;
62F2 : FA35FEB6;
62F3 : 0044F97E;
62F4 : FED60577;
62F5 : FF1EF8CD;
62F6 : FC82FA7B;
62F7 : F31DF743;
62F8 : FAB5F923;
62F9 : FBCCFC79;
62FA : F84DF70D;
62FB : FA77FB4F;
62FC : F2D5EDEE;
62FD : F2DBF2FD;
62FE : F2A9F0E7;
62FF : F320F6AA;
6300 : F754F176;
6301 : F2D0F449;
6302 : F70AF32E;
6303 : F361F49B;
6304 : F1B4F2B7;
6305 : F447F473;
6306 : ECD1EA95;
6307 : E50CDFB2;
6308 : E950E4C0;
6309 : E9E0E7F5;
630A : DB44E014;
630B : E352DB03;
630C : D494D3F7;
630D : D5DDD456;
630E : D80DDBD9;
630F : DA4DE04A;
6310 : E75EE742;
6311 : E506E5C3;
6312 : EA2DE5B3;
6313 : E429E9BC;
6314 : EC50F03C;
6315 : EAE1E6E2;
6316 : EB86EBF7;
6317 : EE09EAAF;
6318 : EB3DE8CC;
6319 : EF64F33D;
631A : F819F2B9;
631B : F5D8F987;
631C : FCFEFE42;
631D : F86FFBC6;
631E : 035D0143;
631F : FD5B01A6;
6320 : 0120FD52;
6321 : FEB4FF92;
6322 : 02540041;
6323 : FDB7FB53;
6324 : FDA700C4;
6325 : FF74FA5D;
6326 : F65EF948;
6327 : FF00F9D1;
6328 : F35BF376;
6329 : F41BF272;
632A : F873FA2F;
632B : FAB9F924;
632C : F2AAF0CC;
632D : F8DEFC39;
632E : FB7EFADF;
632F : 01C50C26;
6330 : 14021408;
6331 : 172419E4;
6332 : 11B50D41;
6333 : 15C3159B;
6334 : 127F0F57;
6335 : 14A91749;
6336 : 168D1015;
6337 : 0D350C84;
6338 : 09500B85;
6339 : 110B1381;
633A : 116115F6;
633B : 19821798;
633C : 16C2107D;
633D : 11130914;
633E : 084A0F88;
633F : 15931084;
6340 : 126E1672;
6341 : 17841418;
6342 : 11A11A41;
6343 : 20291FB3;
6344 : 1BA31EB7;
6345 : 23341EF1;
6346 : 1EBE20DF;
6347 : 1F1716AC;
6348 : 13330E3C;
6349 : 1167104E;
634A : 0BB50D4E;
634B : 1003111D;
634C : 08FB08EE;
634D : 066F091B;
634E : 12150ECC;
634F : 0B8804A0;
6350 : 07E30EAA;
6351 : 13800B4C;
6352 : 0BF30C37;
6353 : 11931341;
6354 : 0F9D0DCC;
6355 : 0D770C80;
6356 : 09AE0E1F;
6357 : 09B5063D;
6358 : 07A10613;
6359 : 03700316;
635A : 0BCF098D;
635B : 09A2087E;
635C : 0EC211E8;
635D : 0D0006F8;
635E : 04E30A47;
635F : 0EA10B95;
6360 : 0B7411AB;
6361 : 0D420C95;
6362 : 0B580DEF;
6363 : 122908C0;
6364 : 089D038F;
6365 : FE8A03D3;
6366 : 02D1FEF4;
6367 : 019E0080;
6368 : 004EF6EC;
6369 : F6CFFCD4;
636A : F834FC2F;
636B : FB5FFC39;
636C : FFD4FE1C;
636D : FF16FC87;
636E : FD7A050F;
636F : 0234013C;
6370 : 045C069E;
6371 : 0F2115B7;
6372 : 16B113E8;
6373 : 15291970;
6374 : 142B1362;
6375 : 1C5D1BC8;
6376 : 19BE18D6;
6377 : 1C451AB4;
6378 : 13961CCC;
6379 : 1D541435;
637A : 0EC3104F;
637B : 08FC09FB;
637C : 0FB81349;
637D : 10C60AAA;
637E : 0B7509D0;
637F : 06C507D0;
6380 : 0D100BCE;
6381 : 0FDE1326;
6382 : 07F10B92;
6383 : 0E540B1E;
6384 : 086E0F77;
6385 : 0D420BD8;
6386 : 0A4C0BC5;
6387 : 0AB506F9;
6388 : 08490222;
6389 : FCB9FAB0;
638A : FFC301F8;
638B : FF8000D6;
638C : F80CED83;
638D : E975EB5B;
638E : EB65EDC9;
638F : EFAFEDDE;
6390 : E69BEDA3;
6391 : EE10EF50;
6392 : EC72E907;
6393 : EC9BEDC6;
6394 : EF6FF05A;
6395 : E8F6E560;
6396 : E863EDC4;
6397 : ECD1ED95;
6398 : EE67ECEA;
6399 : E67AE679;
639A : E1EBE2A2;
639B : E542E4E9;
639C : E40CEC70;
639D : EC3AE6E5;
639E : E7CBEA9C;
639F : EE04EAC8;
63A0 : EE2EF11E;
63A1 : EDEFF3D7;
63A2 : F33EF081;
63A3 : F0F5F855;
63A4 : FF2BFB47;
63A5 : F1D9F327;
63A6 : F42EF2A7;
63A7 : EFEBE88B;
63A8 : E053E0EF;
63A9 : E40CE610;
63AA : E475E50C;
63AB : E190E0DD;
63AC : E451E09C;
63AD : DDFEDE11;
63AE : DB06D88E;
63AF : D95EDF20;
63B0 : DF3BE389;
63B1 : E151E16E;
63B2 : EB7BEF6A;
63B3 : F2BEF560;
63B4 : F272FBAD;
63B5 : 00C0F704;
63B6 : F2C7F6E8;
63B7 : FF58FD01;
63B8 : F33EF225;
63B9 : F4BEF977;
63BA : F8FCF55F;
63BB : F148F9F8;
63BC : FDF1F7E6;
63BD : F509F6A9;
63BE : F68BF30F;
63BF : F231F1D4;
63C0 : F59AFB09;
63C1 : FB2DFD06;
63C2 : 0118FFFF;
63C3 : 00E2003D;
63C4 : 01B8FE5F;
63C5 : FD5EFD54;
63C6 : F93FF966;
63C7 : F96900B0;
63C8 : 0010FA21;
63C9 : F708F491;
63CA : F3C5F35C;
63CB : F2C6F21D;
63CC : F6A0F8F0;
63CD : F952F538;
63CE : F28CF1A2;
63CF : F4AAF5AB;
63D0 : EFD7F1D8;
63D1 : F6CFF7D2;
63D2 : F5FFF5EA;
63D3 : F4AFF725;
63D4 : F67FF81E;
63D5 : FE8A02D4;
63D6 : 053BFECB;
63D7 : FCC4FA96;
63D8 : F93FFBB0;
63D9 : FD07FD53;
63DA : 033A03F4;
63DB : 0017F9AA;
63DC : FB640236;
63DD : 03FB0355;
63DE : 03AB03EC;
63DF : 027F069C;
63E0 : 04F20349;
63E1 : 0A770F29;
63E2 : 11400B2E;
63E3 : 0A7D0F45;
63E4 : 0B6B054C;
63E5 : 08130D7E;
63E6 : 0CF209E5;
63E7 : 0B4B0BD9;
63E8 : 08D207E5;
63E9 : 080E0391;
63EA : 045A0588;
63EB : 0006FF67;
63EC : 018704C9;
63ED : 098807A1;
63EE : 02F404A4;
63EF : 088B07B6;
63F0 : 050B069D;
63F1 : 0CB50E6E;
63F2 : 0EFC14EB;
63F3 : 1A9618C6;
63F4 : 1AC71E24;
63F5 : 18EF16E6;
63F6 : 1EF4230B;
63F7 : 209A1F12;
63F8 : 1FE11D94;
63F9 : 17D71666;
63FA : 16F51907;
63FB : 194517A3;
63FC : 1417105A;
63FD : 10DC126C;
63FE : 0CD706E4;
63FF : 0BA80C95;
6400 : 0C680E88;
6401 : 0EE00B59;
6402 : 10DE12B7;
6403 : 0AAA0D02;
6404 : 11281439;
6405 : 141A0F44;
6406 : 0CE70C3F;
6407 : 0FDD143A;
6408 : 110213C9;
6409 : 191B148A;
640A : 108E0E79;
640B : 0D8D0B77;
640C : 0B040D4E;
640D : 0BAA0604;
640E : 087E0463;
640F : FD04FA76;
6410 : F837F6F9;
6411 : F80AFCE5;
6412 : FBF2F8F6;
6413 : F9E4FC12;
6414 : FD6DFD4D;
6415 : FE3601B1;
6416 : 01A1FA4F;
6417 : FD0EFC49;
6418 : FC79FED0;
6419 : FD78FFD2;
641A : 03D2026C;
641B : 00FBFB45;
641C : F80CFAB0;
641D : FDE401C7;
641E : 01BBFD75;
641F : FEE4005A;
6420 : 03840624;
6421 : 095F1267;
6422 : 166410A2;
6423 : 0D840C2D;
6424 : 11921124;
6425 : 127B1445;
6426 : 11E911FC;
6427 : 137E0CC5;
6428 : 0A9908F9;
6429 : 0593033A;
642A : FED9FE12;
642B : 00DAFAF4;
642C : F9D0FDE2;
642D : 0425FF32;
642E : FAB6FD12;
642F : FC44FE83;
6430 : 0258FF6C;
6431 : FF21FEFF;
6432 : 000402B4;
6433 : 040805D4;
6434 : 0CA50D8A;
6435 : 138B1341;
6436 : 118A110E;
6437 : 0FCD0E72;
6438 : 11B11320;
6439 : 11D80DE7;
643A : 0D610A36;
643B : 083B066E;
643C : 028000D4;
643D : 032D03F4;
643E : 068C02E6;
643F : FF75FF5E;
6440 : FEAEFBC5;
6441 : FB93FA48;
6442 : 00AC01D0;
6443 : 003CFC0E;
6444 : FD78FCE2;
6445 : 01C20889;
6446 : 0589007A;
6447 : 008903EF;
6448 : 02E9FCCC;
6449 : FD92FCD7;
644A : FC3BFA8D;
644B : F812F484;
644C : FAB1F94A;
644D : FB9EFCEB;
644E : FA3CF56A;
644F : F023ED31;
6450 : EDC3ED59;
6451 : F159EEB2;
6452 : EE01EC9A;
6453 : E948EC59;
6454 : ED40E7D5;
6455 : E80DEA00;
6456 : EC5AEBE8;
6457 : EB96E877;
6458 : E58EE411;
6459 : EAE0EA6C;
645A : F0AFF4C6;
645B : F3E6EEFD;
645C : EB89E98D;
645D : E989ECFB;
645E : EFACEC72;
645F : EEC9F0C9;
6460 : F110EEBD;
6461 : EECCF05C;
6462 : F3F1F508;
6463 : F809F807;
6464 : F6E2EFCD;
6465 : ED3DF091;
6466 : F013EC35;
6467 : EBAEE99C;
6468 : E925E4B3;
6469 : E2F3E000;
646A : DF3DDED8;
646B : DE93DD3C;
646C : DD8DDB03;
646D : DAE5DE90;
646E : E123DFA5;
646F : DE6EDB53;
6470 : DBA4DBD4;
6471 : DD86DFFA;
6472 : E27EE614;
6473 : E8A7EBC8;
6474 : F09DF380;
6475 : F6F6F69A;
6476 : F608F76E;
6477 : FF820823;
6478 : 0BF70C75;
6479 : 0E680B0F;
647A : 08B50A3A;
647B : 08DC06B0;
647C : 077109AC;
647D : 09660879;
647E : 07EF0856;
647F : 058B00F1;
6480 : 01C503FF;
6481 : 05350464;
6482 : 05ED050D;
6483 : 038704C6;
6484 : 07A90B15;
6485 : 0CD0104C;
6486 : 11261240;
6487 : 133612E0;
6488 : 12961316;
6489 : 11BE116B;
648A : 0EFF0FAA;
648B : 11F21226;
648C : 140E1766;
648D : 184C18B4;
648E : 18391476;
648F : 12460E0C;
6490 : 11281125;
6491 : 0BAD0925;
6492 : 045E0139;
6493 : FF4B020B;
6494 : 03CB03F6;
6495 : 05940BCF;
6496 : 0EDF0A8A;
6497 : 06FC08EF;
6498 : 07F20897;
6499 : 0B7A0C6B;
649A : 099D0920;
649B : 0CFB0F35;
649C : 0F050C28;
649D : 0C370CC8;
649E : 0EC313B5;
649F : 13360EFA;
64A0 : 10361070;
64A1 : 10000EE9;
64A2 : 0F801373;
64A3 : 15CF164E;
64A4 : 14A61515;
64A5 : 15281290;
64A6 : 11181127;
64A7 : 0F0A0FBE;
64A8 : 115613D4;
64A9 : 11E20DE3;
64AA : 0998080A;
64AB : 057A04D7;
64AC : 0201FE67;
64AD : FAEAF9A3;
64AE : F83FFAC2;
64AF : FF9100E0;
64B0 : FEE80166;
64B1 : 0470057B;
64B2 : 04260364;
64B3 : 058909DC;
64B4 : 0F0612A4;
64B5 : 11B514C0;
64B6 : 19801CB4;
64B7 : 1EA01DD0;
64B8 : 1E9D20BC;
64B9 : 20CD2271;
64BA : 216E2141;
64BB : 1EB71DB0;
64BC : 18FD1933;
64BD : 1B521935;
64BE : 12971000;
64BF : 0D1E0C0C;
64C0 : 0D2D0E39;
64C1 : 0B47080E;
64C2 : 08980971;
64C3 : 04B00413;
64C4 : 050001DF;
64C5 : 002F00DE;
64C6 : 04F202AC;
64C7 : 02E2023D;
64C8 : FF32FF83;
64C9 : FEABFD6C;
64CA : F9E2FAEC;
64CB : F9DEF8DD;
64CC : FB03FB33;
64CD : F8AAF828;
64CE : F876F9FE;
64CF : F7E4FA2F;
64D0 : F9F1F98B;
64D1 : F869F8EA;
64D2 : F6B3F54C;
64D3 : F746F86D;
64D4 : F70EF794;
64D5 : FAFBF9AB;
64D6 : F3C5F3A8;
64D7 : F6F6F553;
64D8 : F256F5CB;
64D9 : F8CDF794;
64DA : F59DF53D;
64DB : F6C4F846;
64DC : F709F57D;
64DD : F407F6D0;
64DE : FAD1FBDE;
64DF : FB72FA99;
64E0 : F4DCF405;
64E1 : F347F0CC;
64E2 : EF2CF356;
64E3 : F4A5F30E;
64E4 : F40FF961;
64E5 : F950F9BE;
64E6 : F85EF80B;
64E7 : F8F0FAB9;
64E8 : F7AFF36C;
64E9 : F0D2EF37;
64EA : EAC1E8A5;
64EB : EBF8EE72;
64EC : E93FE720;
64ED : E906E7D1;
64EE : E504E5FD;
64EF : E7D5E993;
64F0 : E8B8EA23;
64F1 : E773E553;
64F2 : E2CBE614;
64F3 : E741EAC6;
64F4 : EDE6F0C3;
64F5 : EEACF173;
64F6 : F1C5F750;
64F7 : F918F8F3;
64F8 : F819FC7A;
64F9 : 00130540;
64FA : 06050626;
64FB : 0344030E;
64FC : 04C20708;
64FD : 058E060D;
64FE : 06CE02B6;
64FF : FCE6FE84;
6500 : FD6EFF38;
6501 : FD8EFC8A;
6502 : F8CEF4C7;
6503 : F269F1C4;
6504 : F0FEF3D9;
6505 : F21BF5F8;
6506 : F777FA7D;
6507 : FAC7FB3D;
6508 : FA24FC1C;
6509 : FBF9FD2E;
650A : FC45FB48;
650B : FD66FF99;
650C : FD3FFBAF;
650D : F7EBFAD7;
650E : FC850157;
650F : 0445045B;
6510 : 029BFF8E;
6511 : FCAAFB61;
6512 : F694F348;
6513 : F179F1D2;
6514 : F044EF5A;
6515 : EC94EA8E;
6516 : EA18ED0D;
6517 : ED50ED51;
6518 : EBABEBFB;
6519 : EC80EF75;
651A : EF65F064;
651B : EF34F0D9;
651C : F029EF02;
651D : E9BAEAF7;
651E : EB18EF96;
651F : F038EEF4;
6520 : EED1F03F;
6521 : EE46F157;
6522 : F361F1F4;
6523 : F262F54B;
6524 : F561F652;
6525 : F8B7FC07;
6526 : F93AFB52;
6527 : FE31FC77;
6528 : FA68FDE7;
6529 : FED6FC91;
652A : F8E6F953;
652B : F6A8F64D;
652C : F6D4F88B;
652D : F391EFD3;
652E : ED7CEDCC;
652F : EF69EF5A;
6530 : EDB4EF8B;
6531 : F1C5F581;
6532 : F59DF560;
6533 : F66EF913;
6534 : F97AFAC8;
6535 : FEF80185;
6536 : 01C70775;
6537 : 097D0B7E;
6538 : 0EC41368;
6539 : 1309170C;
653A : 1DF32053;
653B : 1DDC1EEB;
653C : 226220F8;
653D : 20132256;
653E : 1E141B2B;
653F : 1C301D53;
6540 : 1BEA1DDA;
6541 : 20812009;
6542 : 1E2D1CA2;
6543 : 1A8219B0;
6544 : 18BE186B;
6545 : 1B151E5A;
6546 : 1CF71FF0;
6547 : 23A62600;
6548 : 237B2077;
6549 : 20BE203F;
654A : 1F5D1E9C;
654B : 1DFE1C20;
654C : 1B711B10;
654D : 19AB1803;
654E : 15ED18BF;
654F : 198818BA;
6550 : 18601AA6;
6551 : 19C21A2D;
6552 : 1D971B8B;
6553 : 166A1484;
6554 : 112611B7;
6555 : 12571221;
6556 : 104E0FD1;
6557 : 10E40CEF;
6558 : 08830817;
6559 : 06F50156;
655A : 008F019F;
655B : FF21FFDE;
655C : 01D00052;
655D : 0006021E;
655E : 01A200B8;
655F : 01A603FD;
6560 : 042605AC;
6561 : 0696069E;
6562 : 077E084C;
6563 : 05F80347;
6564 : 060F0A03;
6565 : 0B840B92;
6566 : 0EA60FBD;
6567 : 0F9B100D;
6568 : 0F750C7B;
6569 : 09FA09F4;
656A : 0AA708AD;
656B : 04D802A5;
656C : 000BFD17;
656D : FA77F702;
656E : F20EEFBB;
656F : F09AEF7B;
6570 : ED57EE1E;
6571 : F17AF20B;
6572 : F24BF303;
6573 : F151EF41;
6574 : EFACF095;
6575 : F22AF227;
6576 : F63AF8E8;
6577 : FB4B00A8;
6578 : 026902EC;
6579 : 03C7089E;
657A : 0BEC0B4A;
657B : 0D9D10B9;
657C : 121F1439;
657D : 1621144C;
657E : 13A8129C;
657F : 13D6147B;
6580 : 13A9145D;
6581 : 13DD1314;
6582 : 14051309;
6583 : 10290D09;
6584 : 0A6D08BC;
6585 : 075F064F;
6586 : 05870823;
6587 : 0A960D27;
6588 : 0C740D0B;
6589 : 0D850EEB;
658A : 120C142D;
658B : 12AD0FA8;
658C : 0DC70BB2;
658D : 0B4708DD;
658E : 06AB05C5;
658F : 05A1056F;
6590 : 047D0334;
6591 : 055108B2;
6592 : 09A50856;
6593 : 075A0520;
6594 : 03040035;
6595 : FC6BF9A3;
6596 : F7D7F67C;
6597 : F82CF941;
6598 : F928F761;
6599 : F4CBF046;
659A : EFBFEEB4;
659B : EDB4EFCD;
659C : F18CF2FA;
659D : F558F391;
659E : F12AEF52;
659F : EE30EDE8;
65A0 : EE60EF72;
65A1 : EF3FF018;
65A2 : F194F470;
65A3 : F470F117;
65A4 : EFDEEFC5;
65A5 : EDF0EA77;
65A6 : EC64F027;
65A7 : F2DAF495;
65A8 : F5D1F6BE;
65A9 : F68BF497;
65AA : F393F279;
65AB : F045F151;
65AC : EFC9ED56;
65AD : ED66EC61;
65AE : E686E0DF;
65AF : DBE0DAF5;
65B0 : D820D58D;
65B1 : D63ED760;
65B2 : D906D8BA;
65B3 : D871D885;
65B4 : D750D73B;
65B5 : DA57DD06;
65B6 : DF79E1EF;
65B7 : E7C7EAD9;
65B8 : EBFEEE98;
65B9 : F25AF513;
65BA : F6CCFAB3;
65BB : FBB3FB80;
65BC : FE3E008B;
65BD : 013203AA;
65BE : 052404B3;
65BF : 038102F3;
65C0 : 03B9FFF2;
65C1 : FD68FD1B;
65C2 : FD78FBA1;
65C3 : F8A7F821;
65C4 : F669F24C;
65C5 : F0CCEEC1;
65C6 : EEB5F002;
65C7 : F291F509;
65C8 : F4F4F62F;
65C9 : F89DF7EB;
65CA : F9B4FADB;
65CB : F948FA46;
65CC : FB94FB99;
65CD : FD10FC4D;
65CE : FBDDFA06;
65CF : F9BCFAD7;
65D0 : FA7CF956;
65D1 : F95DFB15;
65D2 : FD32008B;
65D3 : 01B00261;
65D4 : 02E4032F;
65D5 : 01B90081;
65D6 : 00980271;
65D7 : 0297034B;
65D8 : 035B018C;
65D9 : FFADFD71;
65DA : FC14FD33;
65DB : FE5BFC26;
65DC : F998F9F6;
65DD : FBC7FB48;
65DE : FA2EF9A1;
65DF : F770F676;
65E0 : F7DDF962;
65E1 : F953FBF0;
65E2 : FD32FDBC;
65E3 : FE71FEDE;
65E4 : FC24FB9D;
65E5 : FC74FC7C;
65E6 : FBC7FCFA;
65E7 : FDEB027D;
65E8 : 08060A6F;
65E9 : 0AF90BA7;
65EA : 0BAE0CB6;
65EB : 0B300979;
65EC : 07E007E8;
65ED : 06C80395;
65EE : FE93FB9D;
65EF : F5F2F41B;
65F0 : F444F4AE;
65F1 : F2D2F3B8;
65F2 : F5A2F74D;
65F3 : F7ADF9E2;
65F4 : F8E9F737;
65F5 : F866F9B1;
65F6 : F9D2FAFC;
65F7 : FD9C0158;
65F8 : 04D606D7;
65F9 : 085708E6;
65FA : 0AE60DE4;
65FB : 106F1309;
65FC : 159C185F;
65FD : 1CCF1FCE;
65FE : 1E1F1D44;
65FF : 1F8C2112;
6600 : 208220C4;
6601 : 20B01F8E;
6602 : 20DE23D6;
6603 : 24A922E7;
6604 : 21F51FEC;
6605 : 1BEF191B;
6606 : 146B0EDE;
6607 : 0CE40F08;
6608 : 11EA13DC;
6609 : 15871556;
660A : 135E143C;
660B : 15F516C6;
660C : 18391924;
660D : 1BF01CE8;
660E : 1E981F20;
660F : 1D7A1B47;
6610 : 1A671795;
6611 : 16CC1556;
6612 : 161317F3;
6613 : 19D619D7;
6614 : 1868172A;
6615 : 1723157F;
6616 : 1357117C;
6617 : 0F9711CA;
6618 : 12041065;
6619 : 0DE90B03;
661A : 077202AE;
661B : FF9BFC1D;
661C : FB3FFB94;
661D : FEBF0162;
661E : 01A1FF5E;
661F : FC73F823;
6620 : F810F507;
6621 : F366F211;
6622 : F548F704;
6623 : F811F743;
6624 : F569F1A6;
6625 : F260F40B;
6626 : F43EEFC8;
6627 : EDAAEE3D;
6628 : F175F3B8;
6629 : F4B0F1EF;
662A : F338F566;
662B : F59BF435;
662C : F575F44C;
662D : F743F822;
662E : F70FF640;
662F : F44CF0F2;
6630 : EE58EA54;
6631 : E6E6E2AC;
6632 : E20AE3D1;
6633 : E754E899;
6634 : EA15E702;
6635 : E5B6E600;
6636 : E607E53A;
6637 : E6ECE99E;
6638 : EEF9F043;
6639 : F46AF4C4;
663A : F650F81E;
663B : FBE3FB9C;
663C : FBB4FD05;
663D : 021101F9;
663E : 03DD0685;
663F : 068A0445;
6640 : 0467039F;
6641 : 046D0442;
6642 : 06B006C3;
6643 : 08CC07BC;
6644 : 06F80443;
6645 : 03630041;
6646 : FDE3F936;
6647 : F69BF6CC;
6648 : FB2CFD39;
6649 : FEFCFEDC;
664A : FF23FE4D;
664B : 016002E9;
664C : 043303FB;
664D : 058F05B7;
664E : 05D80798;
664F : 053B0355;
6650 : 0452FF20;
6651 : 019802C7;
6652 : 0109FE8A;
6653 : FFE00091;
6654 : FFB2FE2C;
6655 : FFB6FE36;
6656 : FCF2FA1E;
6657 : F805F84F;
6658 : FA5EFC4D;
6659 : FE58FFF5;
665A : FF16FDCE;
665B : FAEFF83F;
665C : F860F599;
665D : F54EF5B5;
665E : F49DF4D4;
665F : F1FDEF4D;
6660 : EFD6F08D;
6661 : F1CBF24E;
6662 : F509F515;
6663 : F70EF858;
6664 : FAA0FAEF;
6665 : F8E4F895;
6666 : F7D4F661;
6667 : F4D7F3A9;
6668 : F3D7F33A;
6669 : F5DAF7E0;
666A : FA70F924;
666B : F95EF991;
666C : F951F8F4;
666D : FA44FB98;
666E : FCACFB0B;
666F : F7AFF3BA;
6670 : F165EDDE;
6671 : E99EE514;
6672 : E2B5E408;
6673 : E3B0E5A4;
6674 : E760E65D;
6675 : E7E1EAAF;
6676 : EA36EAA8;
6677 : EB7BEBBD;
6678 : EC6DEE90;
6679 : F2E6F597;
667A : F60FF589;
667B : F84DF9C4;
667C : FD55FF17;
667D : FF820313;
667E : 06E80960;
667F : 0BAF0F38;
6680 : 0DA60CCC;
6681 : 0E930F71;
6682 : 127C151B;
6683 : 157C16DE;
6684 : 180F19C7;
6685 : 1A5E1A2B;
6686 : 191E169E;
6687 : 12820FB0;
6688 : 10401168;
6689 : 11010FA5;
668A : 0F110E24;
668B : 0EA211A5;
668C : 11720F6F;
668D : 0EDA1380;
668E : 16051882;
668F : 19991858;
6690 : 142E12AC;
6691 : 1471152B;
6692 : 137E1093;
6693 : 10D012D4;
6694 : 14981502;
6695 : 145713BA;
6696 : 123C111D;
6697 : 0EA70DCD;
6698 : 0D320DE6;
6699 : 0EEC11A4;
669A : 11450F88;
669B : 0A730996;
669C : 0744054A;
669D : 036D052F;
669E : 0776092C;
669F : 08A5080C;
66A0 : 062D05F8;
66A1 : 06F605A2;
66A2 : 053806CC;
66A3 : 07360874;
66A4 : 09A008B8;
66A5 : 06BA0706;
66A6 : 04F4065F;
66A7 : 05A304D4;
66A8 : 016503E3;
66A9 : 06DD07F9;
66AA : 06460670;
66AB : 049C0226;
66AC : 01930364;
66AD : 017D02A7;
66AE : 05230776;
66AF : 086B07E1;
66B0 : 04B40210;
66B1 : FFA6FDDB;
66B2 : F88EF55F;
66B3 : F4ECF468;
66B4 : F1C1F266;
66B5 : EFE0EDC0;
66B6 : EBCEEE44;
66B7 : EDC8ED7E;
66B8 : EFDDF219;
66B9 : F3C0F7A2;
66BA : F8C7FA19;
66BB : FC880007;
66BC : 02A106AA;
66BD : 04A6057C;
66BE : 07C00B0D;
66BF : 0EB411B0;
66C0 : 0F380FA5;
66C1 : 0DAE0FF3;
66C2 : 1103127A;
66C3 : 11A511C5;
66C4 : 131714A0;
66C5 : 13F113B6;
66C6 : 10CE0B72;
66C7 : 077C05C8;
66C8 : 02AEFFF3;
66C9 : FF1FFEBA;
66CA : FED5FF13;
66CB : FF2EFFED;
66CC : FCC9FD1F;
66CD : FD20FE25;
66CE : FF8403F9;
66CF : 055C0A89;
66D0 : 0B330B97;
66D1 : 091A081C;
66D2 : 049D02CC;
66D3 : 01EB0192;
66D4 : 021203E9;
66D5 : 02E80240;
66D6 : 016F01A9;
66D7 : 01AD00D7;
66D8 : 011D031E;
66D9 : 045904F4;
66DA : 05DC0756;
66DB : 057E071D;
66DC : 04ED0361;
66DD : 00800053;
66DE : FDFAFDE2;
66DF : FD12FD77;
66E0 : FDFCFEE2;
66E1 : FA2CF9AE;
66E2 : F9E0FA6B;
66E3 : FA8DFD77;
66E4 : FFAE0168;
66E5 : 01720116;
66E6 : FFC70039;
66E7 : FC42F9B3;
66E8 : F68DF60E;
66E9 : F601F789;
66EA : F831F8EE;
66EB : F805F870;
66EC : F814F668;
66ED : F622F523;
66EE : F4FCF561;
66EF : F618F583;
66F0 : F51CF39E;
66F1 : F19AEC61;
66F2 : E7DDE4E0;
66F3 : E07ADD30;
66F4 : DB74DC65;
66F5 : DD74DB4F;
66F6 : D8CFD96A;
66F7 : DA08DAF0;
66F8 : DD26DE81;
66F9 : DEE0E04A;
66FA : E48BE5E7;
66FB : E709E772;
66FC : EA7AEC58;
66FD : EDC6EF71;
66FE : F0C7F1C4;
66FF : F5F1F90E;
6700 : F99EFBC0;
6701 : FE8D0093;
6702 : FF50FDA6;
6703 : FDE4FE7D;
6704 : 00BD03A4;
6705 : 07A6081E;
6706 : 050F035E;
6707 : 058B0388;
6708 : 0223FFE5;
6709 : FEB6FABE;
670A : FB35FC6A;
670B : FA40F7B5;
670C : F7AAF815;
670D : F90CFA1F;
670E : FBABFB69;
670F : FCCDFD64;
6710 : FC11FC3F;
6711 : FBD5FCEB;
6712 : FE75FE8A;
6713 : FF8CFDDC;
6714 : FD2AFC65;
6715 : FD77FC54;
6716 : FBA5FBAB;
6717 : FD2EFBDA;
6718 : FBA4F901;
6719 : F823F806;
671A : FA68FB07;
671B : FACBF825;
671C : F840F927;
671D : F8DFF55E;
671E : F335F085;
671F : EE5DEE15;
6720 : EF08EFBD;
6721 : F101F17F;
6722 : F284F162;
6723 : F206F142;
6724 : F2C0F31F;
6725 : F373F4E3;
6726 : F6E9F6BF;
6727 : F94BF978;
6728 : FA3BF865;
6729 : F5F6F3E8;
672A : F401F415;
672B : F4B2F5C5;
672C : F860FA2D;
672D : FB07FA72;
672E : FA77FABA;
672F : FEDE01AC;
6730 : 059D052F;
6731 : 04F30345;
6732 : 01D90105;
6733 : 00D1FC9E;
6734 : FB54FB3D;
6735 : FB95F8D9;
6736 : F879F75B;
6737 : F61FF878;
6738 : FBE7FDC9;
6739 : FD35FD6C;
673A : 00CF01CC;
673B : 031A042F;
673C : 060505D4;
673D : 065B07B1;
673E : 0ACB0B7F;
673F : 0B1C0A85;
6740 : 0C2D0E27;
6741 : 0F6C115A;
6742 : 1378139F;
6743 : 15A81684;
6744 : 14AE1657;
6745 : 18371982;
6746 : 1A321A05;
6747 : 18F015E1;
6748 : 145210DE;
6749 : 0ECF0D02;
674A : 0BB109E4;
674B : 0A380A1C;
674C : 0B4B0CC8;
674D : 0FAF109A;
674E : 125B1288;
674F : 149416CD;
6750 : 187E192E;
6751 : 195D189D;
6752 : 1A06193C;
6753 : 17BB1527;
6754 : 12FF1285;
6755 : 13C613CA;
6756 : 15FA1501;
6757 : 14F61638;
6758 : 181D1770;
6759 : 14D1138E;
675A : 159E1632;
675B : 180519E8;
675C : 19671939;
675D : 1B8B1B63;
675E : 1A4717CB;
675F : 15CB1695;
6760 : 16B2190D;
6761 : 1999180C;
6762 : 186C1898;
6763 : 17FE16EC;
6764 : 15B4164A;
6765 : 15DD1648;
6766 : 176116EA;
6767 : 148912A4;
6768 : 11C30E4C;
6769 : 0C2A0BD0;
676A : 0D0C0CC7;
676B : 0B5309EB;
676C : 0882079D;
676D : 0871083D;
676E : 07B306F6;
676F : 06D607AD;
6770 : 06E306E8;
6771 : 05E8014F;
6772 : FFA4003C;
6773 : FE1AF9B8;
6774 : F542F1B6;
6775 : EFECEEBC;
6776 : EEA1E9B1;
6777 : E624E736;
6778 : E98FE9AD;
6779 : E8FBE8C9;
677A : EBABED2F;
677B : EE4BEF0E;
677C : EF7CEFD6;
677D : F091F1AA;
677E : F3E8F5C2;
677F : F8EEFAD0;
6780 : FCD8FD63;
6781 : FEBBFD6D;
6782 : FDD2FE08;
6783 : FFB2008E;
6784 : 025401D4;
6785 : 04F70782;
6786 : 0AC60C27;
6787 : 0D090CFD;
6788 : 0F8C0FD5;
6789 : 0C0607DA;
678A : 06A9073F;
678B : 066E0683;
678C : 05D404A6;
678D : 06BB0B0E;
678E : 0BDC0B1B;
678F : 0A2E0B0F;
6790 : 0BA80BE7;
6791 : 0B5B09A3;
6792 : 087B099A;
6793 : 0BB40A7A;
6794 : 08F507D2;
6795 : 06A40586;
6796 : 06AB0502;
6797 : 01A300D0;
6798 : FFFDFE83;
6799 : FF9CFFE3;
679A : FEB9FD0C;
679B : FCA3FC02;
679C : F984F7D3;
679D : F70EF51B;
679E : F373F08C;
679F : EC46EB26;
67A0 : ED9DEF14;
67A1 : EFB4ECC7;
67A2 : EB86EBCB;
67A3 : EC7EEDBD;
67A4 : EF0DEF77;
67A5 : F1F4F3F6;
67A6 : F619F791;
67A7 : F902F87F;
67A8 : F751F5BB;
67A9 : F746F61D;
67AA : F50EF54F;
67AB : F45CF16F;
67AC : EF8BED8B;
67AD : ED74ED9C;
67AE : F08BF16B;
67AF : F03CEF64;
67B0 : EF0BED9A;
67B1 : EF1FF270;
67B2 : F3BBF273;
67B3 : F0A3EE69;
67B4 : EB15E830;
67B5 : E850E78C;
67B6 : E66CE5CB;
67B7 : E4FAE237;
67B8 : DF76DEF8;
67B9 : DEC4DE74;
67BA : DF64DFD5;
67BB : E0DEE078;
67BC : E0CFE18A;
67BD : E3CFE719;
67BE : EAB9EC8E;
67BF : EDD7EE7F;
67C0 : F146F170;
67C1 : F40DF49C;
67C2 : F506F614;
67C3 : F888F99F;
67C4 : FCD3FDE3;
67C5 : FD77FBF8;
67C6 : FD43FDB3;
67C7 : FD6CFEC5;
67C8 : 004CFFDE;
67C9 : FF81FEBA;
67CA : F9FFF841;
67CB : F9D1F92D;
67CC : F751F4AB;
67CD : F2F8F47A;
67CE : F57BF71D;
67CF : F8F0F9B4;
67D0 : FCA2FF3E;
67D1 : 004A011A;
67D2 : 02ED044A;
67D3 : 04540572;
67D4 : 074B0758;
67D5 : 04810636;
67D6 : 085F08E6;
67D7 : 07B606C1;
67D8 : 055E064D;
67D9 : 08BE088D;
67DA : 05C6057B;
67DB : 04C702FB;
67DC : 021C03AD;
67DD : 04E60710;
67DE : 0BF20DE0;
67DF : 0D9E0E76;
67E0 : 0D990D05;
67E1 : 0D830EC7;
67E2 : 0D950CED;
67E3 : 0D64101F;
67E4 : 103B115A;
67E5 : 11031184;
67E6 : 13A31594;
67E7 : 13BC12A4;
67E8 : 133C13E7;
67E9 : 122B1293;
67EA : 0FB80BA0;
67EB : 09480A54;
67EC : 09AD0877;
67ED : 063D04A4;
67EE : 036F05A1;
67EF : 04A50406;
67F0 : 02D00405;
67F1 : 036503C0;
67F2 : 025B013B;
67F3 : 00DB002B;
67F4 : FE82FD5A;
67F5 : F91EF872;
67F6 : F744F8B0;
67F7 : F7B4F742;
67F8 : F51CF2B7;
67F9 : F00DF05F;
67FA : F186F328;
67FB : F415F7E2;
67FC : F774F772;
67FD : F780FB38;
67FE : FFB50366;
67FF : 044F04A1;
6800 : 03EE05D5;
6801 : 07AF0B78;
6802 : 0AE40927;
6803 : 06570796;
6804 : 09110ACB;
6805 : 0B930D29;
6806 : 0C950D0E;
6807 : 0F5E10CD;
6808 : 113812CE;
6809 : 12C312F4;
680A : 11AA123C;
680B : 0F300C9E;
680C : 0C9D0D3A;
680D : 0B230AD4;
680E : 0900098A;
680F : 09860B3A;
6810 : 0BEE0CE4;
6811 : 0D780E5E;
6812 : 0DD00E75;
6813 : 10B01344;
6814 : 125E1149;
6815 : 0FFD0F33;
6816 : 0E4F0FDC;
6817 : 0EA80E5F;
6818 : 09F708B4;
6819 : 0696063F;
681A : 074206B3;
681B : 06050509;
681C : 0463049C;
681D : 02970124;
681E : 0003FF35;
681F : FF2FFDB1;
6820 : FA85F9F6;
6821 : F9ADF8E1;
6822 : F730F85C;
6823 : F7C1F807;
6824 : F6B1F696;
6825 : F59DF4AA;
6826 : F5D7F7C0;
6827 : F91EFA3C;
6828 : FB77FC2A;
6829 : FDFEFFA4;
682A : FF84FEE0;
682B : FE53FD89;
682C : FB32F994;
682D : F735F462;
682E : F315F49E;
682F : F637F694;
6830 : F619F573;
6831 : F5B2F65D;
6832 : F88FF86D;
6833 : F7DAF778;
6834 : F944F9B2;
6835 : FA47F93E;
6836 : F71AF744;
6837 : F9ABFBB5;
6838 : FAD1FA75;
6839 : F918F75D;
683A : F4BCF4FA;
683B : F5C5F6E0;
683C : F773F79D;
683D : F88EF662;
683E : F74DFA62;
683F : F9C5F86E;
6840 : F89BF9F0;
6841 : FB10FC24;
6842 : FE1BFE39;
6843 : FE33FECE;
6844 : FF2A0078;
6845 : 01A60327;
6846 : 04F1063D;
6847 : 084D05E0;
6848 : 0477041B;
6849 : 04A90398;
684A : 03060213;
684B : FF16FB31;
684C : F8FFF50E;
684D : F3FAF37C;
684E : F380F274;
684F : F298F24C;
6850 : F1D8F1AA;
6851 : F4B1F89B;
6852 : F9E2FA7B;
6853 : FB13FC4A;
6854 : 00E90234;
6855 : 0238FF84;
6856 : 000400D7;
6857 : 01E2022F;
6858 : 01E601C3;
6859 : 02240152;
685A : 002DFF87;
685B : FEB8FE9C;
685C : 01F30204;
685D : FFF2FCDD;
685E : FBF0FAF8;
685F : FD05FDB6;
6860 : FEC7FFDD;
6861 : 0090FF57;
6862 : FF09FDDB;
6863 : FD69FB61;
6864 : FCE9FBE8;
6865 : FB09F95B;
6866 : FA8EFD97;
6867 : FEBA0001;
6868 : 00F5FF37;
6869 : FFB700FB;
686A : 034A0259;
686B : 0107FF10;
686C : FF7BFDEB;
686D : FB94F8F8;
686E : F885F79D;
686F : F7EBF5DB;
6870 : F44EF2DF;
6871 : F3F5F864;
6872 : FB5CF9BA;
6873 : F8B4F704;
6874 : F76BF5C9;
6875 : F7DAF67C;
6876 : F4EEF2FC;
6877 : F52EF2A8;
6878 : F1F7F0F8;
6879 : EF57EDE3;
687A : EDE7EBDD;
687B : EA33E946;
687C : EBF4ED5F;
687D : EC74EC48;
687E : EC3EECF3;
687F : EE82F0B0;
6880 : F2E9F301;
6881 : F5E8F815;
6882 : FA81FC2A;
6883 : FE2AFEFF;
6884 : 00F20249;
6885 : 03B00302;
6886 : 020C02A1;
6887 : 06B0080B;
6888 : 08CA0809;
6889 : 07BD086B;
688A : 0C360BD6;
688B : 0DDB0D13;
688C : 0EF80EAD;
688D : 0EF00F01;
688E : 0FBF0F4A;
688F : 0F770DF7;
6890 : 0D4F0DEE;
6891 : 0FEA10DA;
6892 : 141D16D3;
6893 : 17EF17EA;
6894 : 17B7186A;
6895 : 1816174E;
6896 : 179D1736;
6897 : 198F18DC;
6898 : 177D17AA;
6899 : 193818A1;
689A : 17191566;
689B : 161C1617;
689C : 16201566;
689D : 14E614DF;
689E : 129E0E82;
689F : 0CE60AEE;
68A0 : 0A550783;
68A1 : 073F06E0;
68A2 : 078805D6;
68A3 : 04B70194;
68A4 : FFE301A8;
68A5 : 00E1FF9A;
68A6 : FE11FDA2;
68A7 : FF720033;
68A8 : 036E0435;
68A9 : 06360806;
68AA : 0A860B36;
68AB : 0BC10D77;
68AC : 0DCF0C9E;
68AD : 0D8D0C43;
68AE : 0B9508F3;
68AF : 06D90552;
68B0 : 063004F3;
68B1 : 027C021E;
68B2 : 05B1071B;
68B3 : 06C8048D;
68B4 : 01D3002F;
68B5 : 001D002C;
68B6 : 025F0365;
68B7 : 06130608;
68B8 : 058203BE;
68B9 : 037C027B;
68BA : 0153FF2E;
68BB : FFE6FE51;
68BC : FC95FD78;
68BD : FF66FF73;
68BE : FFDB0016;
68BF : FFECFE78;
68C0 : FDFBFFC1;
68C1 : 00960256;
68C2 : 044C04EB;
68C3 : 05860524;
68C4 : 04360654;
68C5 : 071F052E;
68C6 : 02C00378;
68C7 : 037F04FB;
68C8 : 07DD0810;
68C9 : 07F307D7;
68CA : 07B807FE;
68CB : 0774099D;
68CC : 09B209AB;
68CD : 088F06FA;
68CE : 050F0188;
68CF : FEDAFC0A;
68D0 : F98EF908;
68D1 : F889F723;
68D2 : F7B5FAB0;
68D3 : FC13FE47;
68D4 : FE4AFEEF;
68D5 : FFBB002E;
68D6 : 0074017F;
68D7 : 01DC0502;
68D8 : 04840391;
68D9 : 026B02DE;
68DA : 02500247;
68DB : 00F100BD;
68DC : FFC4FE76;
68DD : FF2FFF65;
68DE : 008C0082;
68DF : FC57F958;
68E0 : F754F860;
68E1 : F88EF91C;
68E2 : FB49FD41;
68E3 : FC57FBEF;
68E4 : FA8DF8D0;
68E5 : F907FA63;
68E6 : F7C7F763;
68E7 : F7BDFA75;
68E8 : F78BF80A;
68E9 : F9CCFC8F;
68EA : FB17FBD2;
68EB : FB21FD74;
68EC : FF4A0125;
68ED : FF3AFDC0;
68EE : FB6CFA49;
68EF : F4DBF30A;
68F0 : F282F096;
68F1 : ECA8ED9C;
68F2 : EF69F34B;
68F3 : F3FFF31F;
68F4 : F08FEF33;
68F5 : EEFEEDC0;
68F6 : E9BAEB22;
68F7 : EBE9EE95;
68F8 : EE76ED0E;
68F9 : EB69E94D;
68FA : E5EFE428;
68FB : E19BE12B;
68FC : E013DFB2;
68FD : E04BE384;
68FE : E442E5FB;
68FF : E595E5C5;
6900 : E4B2E7F8;
6901 : E9B9EC72;
6902 : EE9EF2E4;
6903 : F35EF495;
6904 : F32FF3C7;
6905 : F438F5E3;
6906 : F4A2F4AE;
6907 : F5DAFC3B;
6908 : FD8DFE8E;
6909 : FDA9FE78;
690A : FCCEFDC1;
690B : FFBF01AD;
690C : 02FB057A;
690D : 066A0A12;
690E : 0A4C0865;
690F : 045E03A0;
6910 : 020D0406;
6911 : 021601BB;
6912 : 019604AF;
6913 : 08030A8C;
6914 : 09BE0A07;
6915 : 074E0896;
6916 : 09680BCD;
6917 : 0BAA0C72;
6918 : 10A7136F;
6919 : 10C30FEF;
691A : 0C610B6C;
691B : 0A6A0A11;
691C : 085507BE;
691D : 09780CEC;
691E : 0C900D90;
691F : 0ACF07B1;
6920 : 03BE037C;
6921 : 03E2046E;
6922 : 033C0584;
6923 : 071007DE;
6924 : 0488043C;
6925 : 02B30338;
6926 : 0063FEB3;
6927 : F9ABF89D;
6928 : F9ADFC0D;
6929 : FC2EFD49;
692A : FD71FE15;
692B : 00CF03A5;
692C : 039A0382;
692D : 02C40499;
692E : 04E7032A;
692F : 0069FE1D;
6930 : FB72FAF9;
6931 : F9D9F93D;
6932 : F733F8B2;
6933 : F7BDF8CB;
6934 : F709F6D6;
6935 : F390F0C3;
6936 : F076F232;
6937 : F25CF3B9;
6938 : F769FB1B;
6939 : FBD6FCE5;
693A : FB16FC0A;
693B : FC7EFD4D;
693C : FBA2FACB;
693D : FAB8FC04;
693E : FE430094;
693F : FFDDFF09;
6940 : FD60000A;
6941 : 00FE00B0;
6942 : 0227034A;
6943 : 060A094A;
6944 : 07C6082C;
6945 : 0672061A;
6946 : 06CC04F2;
6947 : 038104FD;
6948 : 07CE0BE3;
6949 : 0B540B75;
694A : 0BBB0ADB;
694B : 0AD208FD;
694C : 04710560;
694D : 06A90C15;
694E : 0FB90DFF;
694F : 0AD105E6;
6950 : 023103CE;
6951 : 0135FDAB;
6952 : FA6BFB38;
6953 : FCEBFFAC;
6954 : 0286038A;
6955 : FED5FD59;
6956 : 025D052E;
6957 : 075409A0;
6958 : 0C4B0E9A;
6959 : 10221218;
695A : 10CB0E6D;
695B : 0DCC0BDF;
695C : 08BC0A03;
695D : 0AB80A5E;
695E : 0ABE07CA;
695F : 04AF0439;
6960 : 036B0238;
6961 : FDB4F8ED;
6962 : F91CFACB;
6963 : FD50FF55;
6964 : 008C011D;
6965 : 003700F0;
6966 : 026BFE76;
6967 : F876F6B0;
6968 : F75EFA99;
6969 : FCCAFEE0;
696A : 011A01C0;
696B : 03050595;
696C : 035B00A4;
696D : 020D0183;
696E : 01DE028F;
696F : 02E4006B;
6970 : F9C6F588;
6971 : F5FCF438;
6972 : F435F2C2;
6973 : EFFCF0FD;
6974 : F3D3F7D8;
6975 : F8C1F630;
6976 : F4C8F342;
6977 : F4A6F666;
6978 : F71BFAF6;
6979 : FEC3FCED;
697A : F899F653;
697B : F41BF1D7;
697C : F188EEF6;
697D : E9D7E7E5;
697E : E9B6E98B;
697F : E8F5EAAF;
6980 : E96EE6CF;
6981 : E724E817;
6982 : EA2BEA94;
6983 : EE36F51D;
6984 : FB51FC5A;
6985 : FA93F791;
6986 : F6D1F7A1;
6987 : F90CF8AF;
6988 : F91EFC3C;
6989 : FF6A02CF;
698A : 075E072F;
698B : 04B8033E;
698C : 02190294;
698D : 061406CE;
698E : 066A0416;
698F : 04F10921;
6990 : 0A340900;
6991 : 09FF0855;
6992 : 09750D56;
6993 : 0F360F96;
6994 : 10680EEE;
6995 : 0C9D0CC5;
6996 : 0FDE117D;
6997 : 1209132E;
6998 : 15A41603;
6999 : 184619DC;
699A : 1A7017D5;
699B : 15631462;
699C : 15171640;
699D : 15B312E8;
699E : 137616AE;
699F : 1A0618F3;
69A0 : 157B12D7;
69A1 : 12AD124D;
69A2 : 138E11B3;
69A3 : 0CB80B56;
69A4 : 0C6E0BD5;
69A5 : 0C960761;
69A6 : 03270079;
69A7 : FEA5FDEF;
69A8 : FAF4F8D5;
69A9 : F7BCF5FA;
69AA : F623F53E;
69AB : F564F672;
69AC : F82EF8F9;
69AD : FA08FCEC;
69AE : 00AA038E;
69AF : 05F3059A;
69B0 : 0210FE1D;
69B1 : FE87FF74;
69B2 : FFD5FC05;
69B3 : F751F755;
69B4 : FA48FEC7;
69B5 : 0096FD2D;
69B6 : F90AF7B3;
69B7 : F962FA77;
69B8 : FA09F59F;
69B9 : F2EEF415;
69BA : F7A3FB6D;
69BB : FAC1F9D3;
69BC : FBDEFA5C;
69BD : F97CFAA4;
69BE : F9A6F7FE;
69BF : F9B4FE36;
69C0 : FEC0FB8A;
69C1 : FC12FE76;
69C2 : 006F03A6;
69C3 : 052A050F;
69C4 : 07AC0A1A;
69C5 : 0C600BA7;
69C6 : 0A910D8A;
69C7 : 0C9E0939;
69C8 : 09B40AD0;
69C9 : 0C890CDC;
69CA : 0DED1020;
69CB : 0EC8108F;
69CC : 148916FE;
69CD : 191C1622;
69CE : 124F0FFC;
69CF : 0F39117D;
69D0 : 12A50DA4;
69D1 : 08D8074D;
69D2 : 06110403;
69D3 : 00C4FEE0;
69D4 : FDC6FC7F;
69D5 : FDAEFE43;
69D6 : FBA9FAD0;
69D7 : FBBCFC38;
69D8 : FBF6F9CE;
69D9 : F976FD05;
69DA : 019E0494;
69DB : 04FB008B;
69DC : FD44FD7A;
69DD : FE37FEA8;
69DE : FCFFFA85;
69DF : FBF000EC;
69E0 : 03DA0323;
69E1 : 02C70315;
69E2 : FF8CFEC5;
69E3 : FF8BFE07;
69E4 : FDB1FC6D;
69E5 : FADAF8C0;
69E6 : F943FA74;
69E7 : F8C5F9AD;
69E8 : FC86FB78;
69E9 : FA5CFA03;
69EA : F9B3FB66;
69EB : FD12FE52;
69EC : FEBEFF23;
69ED : FFAA00DB;
69EE : 0298047F;
69EF : 047D031D;
69F0 : 02AA01A2;
69F1 : 00860071;
69F2 : FE51FBE2;
69F3 : FAACF64B;
69F4 : F3ABF38B;
69F5 : F679F9E8;
69F6 : F8BEF66D;
69F7 : F513F8A8;
69F8 : FB85FABC;
69F9 : F92EF604;
69FA : F429F6BF;
69FB : F965FAF5;
69FC : FD26FCA3;
69FD : F961F845;
69FE : F7CEF6A3;
69FF : F845F845;
6A00 : F6E3F6C3;
6A01 : F614F5A3;
6A02 : F5A0F44E;
6A03 : F171EE12;
6A04 : EE34F1D9;
6A05 : F3F8F7C9;
6A06 : FB8BFCC0;
6A07 : FCD3FD25;
6A08 : FB07F6DA;
6A09 : F53AF606;
6A0A : F894F884;
6A0B : F992FBDC;
6A0C : FA40FB43;
6A0D : FE72FEDC;
6A0E : FDAEFC00;
6A0F : FB4BFC10;
6A10 : FDF900A6;
6A11 : FECCFBBD;
6A12 : FB92FC7A;
6A13 : FEBB0024;
6A14 : FE9BFDE3;
6A15 : FF7501A6;
6A16 : 036E05BE;
6A17 : 06920598;
6A18 : 0827099E;
6A19 : 0A3D0CF1;
6A1A : 0F00113D;
6A1B : 11871114;
6A1C : 1135135D;
6A1D : 154414B7;
6A1E : 13501141;
6A1F : 0EDF0FB6;
6A20 : 14771451;
6A21 : 10040E3F;
6A22 : 0D5B0DD5;
6A23 : 0DF10C8E;
6A24 : 0AE008FB;
6A25 : 08FA0952;
6A26 : 066804EE;
6A27 : 0316FEDA;
6A28 : FCD7FAEC;
6A29 : F5E6F33D;
6A2A : F378F313;
6A2B : F30BF256;
6A2C : EF5FED6F;
6A2D : ECB9ECBA;
6A2E : EEE0ED4A;
6A2F : EBC2ED85;
6A30 : ECD9EE86;
6A31 : F1C1F0D9;
6A32 : EF13F007;
6A33 : ECDBE97F;
6A34 : E9B3E999;
6A35 : EC8CED98;
6A36 : EAD2E953;
6A37 : EA41ED65;
6A38 : F372F67F;
6A39 : F46CF1DD;
6A3A : F148F371;
6A3B : F50BF4D2;
6A3C : F35BF286;
6A3D : F400F41A;
6A3E : F361F666;
6A3F : F5B1F38B;
6A40 : F47DF4EC;
6A41 : F634F88B;
6A42 : F9BFFA38;
6A43 : FAF5FA12;
6A44 : F9E8FA4B;
6A45 : FC66FE49;
6A46 : 00E604EE;
6A47 : 066F0826;
6A48 : 09F70CE9;
6A49 : 0E180DA9;
6A4A : 0CCE0BDC;
6A4B : 0BC30B58;
6A4C : 0BDD0A69;
6A4D : 0AE50EC2;
6A4E : 0DE40C91;
6A4F : 0F4D1384;
6A50 : 17AD17E5;
6A51 : 16571383;
6A52 : 12A41491;
6A53 : 162E15E9;
6A54 : 0F5209E4;
6A55 : 09FC0AF3;
6A56 : 0C140DEA;
6A57 : 0C6D0AA3;
6A58 : 0C240C24;
6A59 : 0C260A71;
6A5A : 07160489;
6A5B : 01B900B2;
6A5C : 0380023A;
6A5D : 0159003C;
6A5E : FCFBFDE2;
6A5F : FACBF8D9;
6A60 : FA98FBA5;
6A61 : F9CCF61D;
6A62 : F3EAF5AB;
6A63 : F6B6F4A0;
6A64 : F2B7F21E;
6A65 : F2D0F3C7;
6A66 : F428F329;
6A67 : F20AF1CF;
6A68 : F37FF30B;
6A69 : F085EBFB;
6A6A : EB1EEED3;
6A6B : F245F222;
6A6C : EED0EDB3;
6A6D : F05CF540;
6A6E : F687F739;
6A6F : F660F5B5;
6A70 : F8F2FED5;
6A71 : 02E2035E;
6A72 : 0484041F;
6A73 : 046F064F;
6A74 : 060F0466;
6A75 : 043204D0;
6A76 : 05390550;
6A77 : 05810510;
6A78 : 04ED0368;
6A79 : 039C0438;
6A7A : 021D0483;
6A7B : 0905055D;
6A7C : 0105FFEE;
6A7D : FEC2FF6D;
6A7E : FEF8FECA;
6A7F : FE5CFCE3;
6A80 : FE5AFC41;
6A81 : F8B9F7B0;
6A82 : F4D4F353;
6A83 : F310F1C1;
6A84 : EEFDEEBB;
6A85 : EFACECA1;
6A86 : EBA5EA14;
6A87 : E856E90F;
6A88 : E8AFEB15;
6A89 : ED23EB12;
6A8A : EB4DECA4;
6A8B : EEE8F3FF;
6A8C : F5F5F5FA;
6A8D : F7D2FA7A;
6A8E : FCE2FF51;
6A8F : 0238052F;
6A90 : 05D205B8;
6A91 : 05ED0776;
6A92 : 0794055F;
6A93 : 041A013B;
6A94 : FF68FF04;
6A95 : 00600133;
6A96 : 056A090C;
6A97 : 088A0B43;
6A98 : 0D3C0CD8;
6A99 : 0AB20B1A;
6A9A : 0B680B00;
6A9B : 0BA80E27;
6A9C : 100C0F15;
6A9D : 11FC1263;
6A9E : 0F3F1327;
6A9F : 10130F22;
6AA0 : 17DA1A87;
6AA1 : 1BF61E27;
6AA2 : 1D771CBE;
6AA3 : 1CFA18D2;
6AA4 : 172213C1;
6AA5 : 0EBD11A7;
6AA6 : 1569123C;
6AA7 : 0FFF0F06;
6AA8 : 0C8A0EBA;
6AA9 : 0E9C0933;
6AAA : 0209FF34;
6AAB : 0072F7F0;
6AAC : F64CF9DE;
6AAD : F647F5F8;
6AAE : F35CF3D7;
6AAF : F32BEE9E;
6AB0 : F1D6F461;
6AB1 : F39CF2BE;
6AB2 : F4CBF4A2;
6AB3 : F984FCDF;
6AB4 : F9B5F914;
6AB5 : FA7FFB52;
6AB6 : F8B6F896;
6AB7 : FE25FD33;
6AB8 : FDD4FF96;
6AB9 : FE46FF32;
6ABA : FE750122;
6ABB : FEFDFBC4;
6ABC : FA11F983;
6ABD : FA5FFBB1;
6ABE : FCC7F9BE;
6ABF : F52AF4A8;
6AC0 : F301F3EF;
6AC1 : F11EEF5B;
6AC2 : F2AAF1B0;
6AC3 : F629FA15;
6AC4 : FB74FCD9;
6AC5 : 005604D2;
6AC6 : 061C07E4;
6AC7 : 0AE010B2;
6AC8 : 165918C9;
6AC9 : 1BD21B8A;
6ACA : 1B7B1D32;
6ACB : 1CE51EF7;
6ACC : 1F1A1CA2;
6ACD : 1A21160D;
6ACE : 136A12FC;
6ACF : 14541463;
6AD0 : 136B11D9;
6AD1 : 0D9609EC;
6AD2 : 088B06C4;
6AD3 : 079C05B6;
6AD4 : 027E013D;
6AD5 : 00930011;
6AD6 : 0071FB9F;
6AD7 : F6C5F9A2;
6AD8 : FD580108;
6AD9 : 0291FFD6;
6ADA : FEAA0120;
6ADB : 04770698;
6ADC : 065C06B1;
6ADD : 08C90873;
6ADE : 06A30A1D;
6ADF : 0E990FAE;
6AE0 : 0F981036;
6AE1 : 10C4128F;
6AE2 : 12771096;
6AE3 : 0EE70D60;
6AE4 : 0D2C08F1;
6AE5 : 0487050A;
6AE6 : 05950219;
6AE7 : 00D5027E;
6AE8 : 015B039A;
6AE9 : 0485012D;
6AEA : FE1EFB6C;
6AEB : FE39FE84;
6AEC : F99BF3AE;
6AED : F0D0F1B8;
6AEE : F442F5ED;
6AEF : F7DDF863;
6AF0 : F703FBCC;
6AF1 : 02CC03CA;
6AF2 : 034F05A2;
6AF3 : 0A7E0B22;
6AF4 : 0D190F00;
6AF5 : 0B3A09A6;
6AF6 : 09A10CE7;
6AF7 : 0E8E090D;
6AF8 : 035DFFD4;
6AF9 : FDF4FDDD;
6AFA : FE8FFF3D;
6AFB : FD0CFA10;
6AFC : F791F3BB;
6AFD : F07CF032;
6AFE : F36CF6AE;
6AFF : F621F66A;
6B00 : FB1C0061;
6B01 : 0109024B;
6B02 : 035A0163;
6B03 : 046A078B;
6B04 : 078E0581;
6B05 : 0164FF90;
6B06 : 000602B7;
6B07 : 0163FD83;
6B08 : FAC6FD4B;
6B09 : FF14FE60;
6B0A : FDBFF762;
6B0B : F111EC90;
6B0C : E853E818;
6B0D : E59BE153;
6B0E : E10ADFC7;
6B0F : E247E3AB;
6B10 : E7D3E9F1;
6B11 : EA89EEB4;
6B12 : F563F8CE;
6B13 : F8F0FA3B;
6B14 : F96FF5CF;
6B15 : F4AAF565;
6B16 : F709F973;
6B17 : FADAFC3F;
6B18 : FC5F0063;
6B19 : 02620069;
6B1A : FE41FDF9;
6B1B : FD780077;
6B1C : 06A80847;
6B1D : 0A020917;
6B1E : 088209AE;
6B1F : 0CCF0F88;
6B20 : 0DBC0EBD;
6B21 : 0F360F81;
6B22 : 0FB90C99;
6B23 : 0BC60A56;
6B24 : 096B08AE;
6B25 : 05F30748;
6B26 : 09330909;
6B27 : 066106AF;
6B28 : 0769073F;
6B29 : 06100448;
6B2A : FF0BFC4C;
6B2B : 0001FF70;
6B2C : FE8FFE1C;
6B2D : F8DBF4DC;
6B2E : F409F2DB;
6B2F : F67FF7AD;
6B30 : F731F9E3;
6B31 : F91AF5E6;
6B32 : F937F811;
6B33 : F537F52A;
6B34 : F2E1F0FA;
6B35 : EE9BEBD5;
6B36 : E97EE877;
6B37 : E4E0E056;
6B38 : DE24DED4;
6B39 : E0C4E36C;
6B3A : E449E464;
6B3B : E922EC4F;
6B3C : EC14EECC;
6B3D : F2B6EEF9;
6B3E : EC4DF012;
6B3F : F319F505;
6B40 : F50FF2AC;
6B41 : F0B0EFA0;
6B42 : EBF5EAB2;
6B43 : ED92EF4B;
6B44 : ED6EECDB;
6B45 : EE21ECF0;
6B46 : E9D9EB71;
6B47 : ED3CEACB;
6B48 : EF42F19D;
6B49 : ED27EC78;
6B4A : F0BCF4A4;
6B4B : F83BFB2D;
6B4C : FB7CFD13;
6B4D : 002A02C0;
6B4E : 05D207D2;
6B4F : 09920BEF;
6B50 : 0CCC0ED4;
6B51 : 115C13E8;
6B52 : 138C12CC;
6B53 : 131612F0;
6B54 : 168C1493;
6B55 : 15191616;
6B56 : 144112C4;
6B57 : 12C415D7;
6B58 : 1488134B;
6B59 : 1482125C;
6B5A : 11F91154;
6B5B : 1149104C;
6B5C : 0A09056A;
6B5D : 0415051F;
6B5E : 064D09B0;
6B5F : 07F501E7;
6B60 : 02770342;
6B61 : 03520567;
6B62 : 030E005F;
6B63 : FDC8FC63;
6B64 : FDA0FEBF;
6B65 : FDF9F800;
6B66 : F4DCF488;
6B67 : F84DFA02;
6B68 : F6BCF445;
6B69 : F424F762;
6B6A : FB2AFF5A;
6B6B : 0010FE55;
6B6C : 0075004C;
6B6D : 000A02C7;
6B6E : 00ACFFB4;
6B6F : FFFEFDE0;
6B70 : FDCA00A3;
6B71 : 03D206F7;
6B72 : 05ED03DD;
6B73 : 05CF0A98;
6B74 : 12D4170A;
6B75 : 18D71470;
6B76 : 1162143F;
6B77 : 151E1544;
6B78 : 144D0CA7;
6B79 : 0BEC11CD;
6B7A : 1229154A;
6B7B : 147A1115;
6B7C : 11B510ED;
6B7D : 11CC12BB;
6B7E : 10370D8D;
6B7F : 0DC80E3E;
6B80 : 0DFC0A9E;
6B81 : 0846080C;
6B82 : 04370256;
6B83 : FED3F8B7;
6B84 : F4E4F4F3;
6B85 : F77FF74B;
6B86 : F676F898;
6B87 : FABDF7D1;
6B88 : F4EFF0E9;
6B89 : F196F462;
6B8A : F3C9F1C3;
6B8B : EDE7EF36;
6B8C : F200F26B;
6B8D : F6FAF62B;
6B8E : F322F515;
6B8F : F7BAFA49;
6B90 : FAA2FBB9;
6B91 : FD1AFF0D;
6B92 : 014C0459;
6B93 : 058A0546;
6B94 : 06050876;
6B95 : 0A7C07C2;
6B96 : 0766043B;
6B97 : 0471060E;
6B98 : 06AC069A;
6B99 : 071A09B0;
6B9A : 0C7A0F2C;
6B9B : 0EED0E70;
6B9C : 0F1A11EA;
6B9D : 0FA00E86;
6B9E : 0DD1089F;
6B9F : 066807F1;
6BA0 : 086306F3;
6BA1 : 0A430DF8;
6BA2 : 0CB10C44;
6BA3 : 0DAC0D19;
6BA4 : 0DA20F96;
6BA5 : 11320F30;
6BA6 : 0DEF0FFB;
6BA7 : 12C61253;
6BA8 : 128710E4;
6BA9 : 0CC20D0E;
6BAA : 0D060B5F;
6BAB : 0848061D;
6BAC : 051F0148;
6BAD : FF5DFE73;
6BAE : F97CF5E3;
6BAF : F730F52C;
6BB0 : F7C6FBDA;
6BB1 : FCA7FDF7;
6BB2 : FFABFFA2;
6BB3 : 0058FF96;
6BB4 : FCB0FA1D;
6BB5 : F7C8F574;
6BB6 : F3E1F1D2;
6BB7 : F25CF247;
6BB8 : EE79EBA5;
6BB9 : E912E6E4;
6BBA : E30FE14D;
6BBB : E192E1D3;
6BBC : E11DE1AA;
6BBD : E2CEE134;
6BBE : DF97E284;
6BBF : E575E549;
6BC0 : E988ED4B;
6BC1 : EE40EF99;
6BC2 : F1B6F1F3;
6BC3 : F1EFF34B;
6BC4 : F78EFBFD;
6BC5 : FE03FD5F;
6BC6 : FCB9FDD5;
6BC7 : FF580023;
6BC8 : 00D201EF;
6BC9 : FDF4FC61;
6BCA : FF1A00EF;
6BCB : 02D4037B;
6BCC : 01EB019E;
6BCD : 038D03D2;
6BCE : 05930534;
6BCF : 052E045C;
6BD0 : 039F0416;
6BD1 : 06620871;
6BD2 : 09260B70;
6BD3 : 0F4C0FBB;
6BD4 : 10DC11F6;
6BD5 : 114E1031;
6BD6 : 0E800E0B;
6BD7 : 0F0E0E00;
6BD8 : 0D910C89;
6BD9 : 0A340865;
6BDA : 05720852;
6BDB : 0B320A7C;
6BDC : 0A36098D;
6BDD : 0A670A90;
6BDE : 05410245;
6BDF : 020D000F;
6BE0 : FE0EFDC5;
6BE1 : FB11F983;
6BE2 : FAF6FBF8;
6BE3 : FD5D003F;
6BE4 : 03310179;
6BE5 : FEB9FD07;
6BE6 : FE98FECF;
6BE7 : FD9FFF6C;
6BE8 : 034C0500;
6BE9 : 04E4034A;
6BEA : 00CCFE9E;
6BEB : FD51FE81;
6BEC : FF83FD88;
6BED : FBCFFC81;
6BEE : FD95FCEE;
6BEF : FDF7FEBF;
6BF0 : FE77FD6F;
6BF1 : FB5AFA83;
6BF2 : FB1DFD56;
6BF3 : FF2CFC55;
6BF4 : FA55FBEE;
6BF5 : FD54FC77;
6BF6 : FD4CFEBB;
6BF7 : 00310212;
6BF8 : 018AFE31;
6BF9 : FC3BFA1C;
6BFA : F8EAFA38;
6BFB : FAA6FA99;
6BFC : FB96FD6B;
6BFD : 006E0289;
6BFE : FFD4FBCD;
6BFF : F92AF897;
6C00 : F7E5F7E0;
6C01 : F719F698;
6C02 : F6D2F941;
6C03 : FB42F9E8;
6C04 : FAB6FC82;
6C05 : FA7DFB5F;
6C06 : FEA4FEF0;
6C07 : FEFCFF4E;
6C08 : 009EFFD6;
6C09 : FB53F7F7;
6C0A : F52CF179;
6C0B : F057EEAD;
6C0C : ED1CECA3;
6C0D : EF00F28E;
6C0E : F324F176;
6C0F : F1F4F254;
6C10 : F237F269;
6C11 : F25AF228;
6C12 : F5D3FC01;
6C13 : FEE5FCEC;
6C14 : FD2BFF9E;
6C15 : FF62FE3A;
6C16 : FD72FD63;
6C17 : FD3DFDC3;
6C18 : FD35FE31;
6C19 : FF0FFDFA;
6C1A : FEEB0156;
6C1B : 043106C6;
6C1C : 08820C0C;
6C1D : 10E8150E;
6C1E : 16C615DB;
6C1F : 1587162A;
6C20 : 185318E4;
6C21 : 1850199A;
6C22 : 1A1D1BC4;
6C23 : 2160247B;
6C24 : 21AF1F10;
6C25 : 1FDF1F70;
6C26 : 1A4615CE;
6C27 : 13E71463;
6C28 : 14BB1477;
6C29 : 113C0E56;
6C2A : 0DDC0B4D;
6C2B : 06A60228;
6C2C : 01430063;
6C2D : FDAFFE2F;
6C2E : FF98FC83;
6C2F : F8FFF833;
6C30 : F8CAF6FD;
6C31 : F395F004;
6C32 : F1A8F55C;
6C33 : F8D2F90E;
6C34 : F564F6BD;
6C35 : FB3EFBA3;
6C36 : F962F71A;
6C37 : F591F659;
6C38 : F6F8F616;
6C39 : F4BCF560;
6C3A : F6C6F8CC;
6C3B : F83AF5A1;
6C3C : F626F87A;
6C3D : F9F9FB2F;
6C3E : FCD3FC6B;
6C3F : FA30F8A5;
6C40 : F569F38E;
6C41 : F2E8EF32;
6C42 : EFB7F31B;
6C43 : F3B0F398;
6C44 : F43CF608;
6C45 : F7EFF9DF;
6C46 : F869F753;
6C47 : F9B5FBCE;
6C48 : FB8AFC49;
6C49 : FDA3FDE7;
6C4A : FE4EFEC4;
6C4B : FF96FD84;
6C4C : F98EFA00;
6C4D : FC2BFCC4;
6C4E : FDAFFCEF;
6C4F : FD5AFF63;
6C50 : 025102F1;
6C51 : 01B60308;
6C52 : 06360948;
6C53 : 0D131001;
6C54 : 11A512BC;
6C55 : 1477162D;
6C56 : 166E1556;
6C57 : 14A71519;
6C58 : 185E19AF;
6C59 : 16A713CA;
6C5A : 12B211E2;
6C5B : 10690EDA;
6C5C : 0E820EB1;
6C5D : 0E7E0ECE;
6C5E : 0E4D0C70;
6C5F : 09FD0AE7;
6C60 : 0E470EAB;
6C61 : 0AAA05D9;
6C62 : 03160556;
6C63 : 062A0550;
6C64 : 01820017;
6C65 : FE14FEEB;
6C66 : FD5CFA48;
6C67 : F7C9F4BC;
6C68 : F5B5F61A;
6C69 : F4DEF3E2;
6C6A : F0E3EEB1;
6C6B : ED42ED30;
6C6C : EDEFEEE4;
6C6D : F045F28F;
6C6E : F4B5F4AE;
6C6F : F372F376;
6C70 : F441F666;
6C71 : F9AFFB86;
6C72 : FAB5FBD6;
6C73 : FD72FBB9;
6C74 : FB72FA3F;
6C75 : FB78FE69;
6C76 : 03BE0620;
6C77 : 08480B3A;
6C78 : 0C540CFF;
6C79 : 0B420993;
6C7A : 083F08E1;
6C7B : 092A0B76;
6C7C : 0A710892;
6C7D : 077505E7;
6C7E : 0759086B;
6C7F : 090D054B;
6C80 : 05C2068D;
6C81 : 001FFD09;
6C82 : F649ECD8;
6C83 : EC7EEFA3;
6C84 : F2E8F424;
6C85 : F102F1D9;
6C86 : F360F70C;
6C87 : F60BF186;
6C88 : F427F1E1;
6C89 : EE84F263;
6C8A : F4CBF51A;
6C8B : F619F1EA;
6C8C : F5ADF6CB;
6C8D : FDD702FA;
6C8E : 02A800FE;
6C8F : 005EFDB4;
6C90 : FE7D0210;
6C91 : FDD2FE67;
6C92 : FBB1FD45;
6C93 : 035E03B0;
6C94 : 0E88144E;
6C95 : 18311D19;
6C96 : 0D321047;
6C97 : 09FC0742;
6C98 : 0A68076A;
6C99 : 05D602D6;
6C9A : FF0EFEF9;
6C9B : 00ED03B4;
6C9C : 07E20A7D;
6C9D : 047D0009;
6C9E : FACA00F9;
6C9F : FFAA0698;
6CA0 : 0875015D;
6CA1 : 00A3F4FF;
6CA2 : FBFCFFBF;
6CA3 : 013D0695;
6CA4 : 08FE062A;
6CA5 : FA34FE8B;
6CA6 : 019F0434;
6CA7 : 0BC60C8B;
6CA8 : 0A910C52;
6CA9 : 11730FAD;
6CAA : 12A31557;
6CAB : 0D83131D;
6CAC : 05F9F22D;
6CAD : 04720631;
6CAE : 0DE51115;
6CAF : F5C700C3;
6CB0 : 03EFF7F2;
6CB1 : FF44042D;
6CB2 : 030B0CF4;
6CB3 : 03FCF0EF;
6CB4 : EAE4F8B7;
6CB5 : F9C8ED7B;
6CB6 : F49AE897;
6CB7 : F0D7DB9A;
6CB8 : E40FF1AB;
6CB9 : F0D7E954;
6CBA : E761E40D;
6CBB : DFBFEB6B;
6CBC : F150EBAB;
6CBD : DD58E1BA;
6CBE : D925E2DA;
6CBF : E725F293;
6CC0 : FFF9F716;
6CC1 : F917ED23;
6CC2 : EC46F6ED;
6CC3 : FBD7F25F;
6CC4 : F7E708B0;
6CC5 : ED47EC8A;
6CC6 : F62CECDC;
6CC7 : 08C40503;
6CC8 : FAA4FA96;
6CC9 : 01E00B92;
6CCA : FBDCFF26;
6CCB : 0285F839;
6CCC : F4C7F4C2;
6CCD : FFBB0DFC;
6CCE : 0B061B6F;
6CCF : 1C821014;
6CD0 : 20C915D5;
6CD1 : 1DAB10EC;
6CD2 : 10042350;
6CD3 : 11AD0B30;
6CD4 : 0D2B1E3A;
6CD5 : 1A0517A3;
6CD6 : 169A106B;
6CD7 : 1501106F;
6CD8 : 0B980E32;
6CD9 : 0FFB1041;
6CDA : 0FF6F60D;
6CDB : FDDDFBBF;
6CDC : 021B0A65;
6CDD : 08A1163D;
6CDE : 11A40308;
6CDF : FFAF0E17;
6CE0 : 103D0184;
6CE1 : FD6F0CAA;
6CE2 : E920F0D4;
6CE3 : FF51FEE3;
6CE4 : FE720DB7;
6CE5 : 110305C5;
6CE6 : FDFCF8DC;
6CE7 : 07090683;
6CE8 : FD91F680;
6CE9 : 06D2FEB8;
6CEA : FDAE02CC;
6CEB : 14E213E0;
6CEC : 042B02E8;
6CED : 096C0402;
6CEE : 07F70EE9;
6CEF : FD9AF77B;
6CF0 : F546E256;
6CF1 : E786E59E;
6CF2 : E808F78B;
6CF3 : E20AED0D;
6CF4 : FCC0F45B;
6CF5 : E487E067;
6CF6 : F184EBBE;
6CF7 : E079E141;
6CF8 : E3CAEA83;
6CF9 : E8CAFFAB;
6CFA : 0BE4021B;
6CFB : FBC0F98B;
6CFC : 03CCF7BF;
6CFD : FB220E2B;
6CFE : 0E67FE1F;
6CFF : FA8D0941;
6D00 : 10071BE9;
6D01 : 160F1FD9;
6D02 : 185F1670;
6D03 : 060903D4;
6D04 : 10F4050A;
6D05 : F841F25F;
6D06 : F02DFF61;
6D07 : 061A0A2E;
6D08 : 158D0A5A;
6D09 : 12550866;
6D0A : 07F1056A;
6D0B : F371F959;
6D0C : F876E6EB;
6D0D : EFFEEB92;
6D0E : F5ACF713;
6D0F : E3F6F046;
6D10 : F4ADDF1F;
6D11 : E094F0FA;
6D12 : DEFDDDB6;
6D13 : E26AE244;
6D14 : E82CEE7A;
6D15 : F121EE5F;
6D16 : E964F29C;
6D17 : F6360CCC;
6D18 : 00D8F43A;
6D19 : 004B03F2;
6D1A : 04FA008F;
6D1B : 01DA05E4;
6D1C : 09D1FF23;
6D1D : FF330B87;
6D1E : 03FD0574;
6D1F : 054B06F9;
6D20 : 0115FAF7;
6D21 : 022F0A06;
6D22 : 088B08F8;
6D23 : 134D1E91;
6D24 : 0F221567;
6D25 : 22C425CD;
6D26 : 27431AB5;
6D27 : 22A32C9F;
6D28 : 22A418C0;
6D29 : 23811BE1;
6D2A : 18EA2162;
6D2B : 18FC1752;
6D2C : 0EFB1219;
6D2D : 243110F9;
6D2E : 09B70C25;
6D2F : 01C30855;
6D30 : 01E4F53D;
6D31 : 0291FDA3;
6D32 : FF88FF21;
6D33 : 01FA0DD1;
6D34 : 0EE414E1;
6D35 : 0216F7F3;
6D36 : 0BEA1291;
6D37 : 087FF190;
6D38 : F62BF637;
6D39 : FB88FCB9;
6D3A : FA2D04B0;
6D3B : 00CEFB64;
6D3C : F892FCA2;
6D3D : ECD0EBF2;
6D3E : F771F31E;
6D3F : F3DBEF6F;
6D40 : E9BBEE4B;
6D41 : EA9BF1EE;
6D42 : F1CAF4AD;
6D43 : F26AF330;
6D44 : F47FEF20;
6D45 : F3DEEE84;
6D46 : E7DDE2B9;
6D47 : EB44EF09;
6D48 : E8C0F079;
6D49 : ED27DD3F;
6D4A : E235EBFB;
6D4B : EF3EEA29;
6D4C : D4D3DDE9;
6D4D : E997D4D1;
6D4E : D91DE535;
6D4F : E631EBEC;
6D50 : EBC7E710;
6D51 : F9490702;
6D52 : FE7E02D7;
6D53 : F9A7FD7F;
6D54 : 0350027E;
6D55 : 0441009C;
6D56 : 0DD808EA;
6D57 : 17731823;
6D58 : 10B61B78;
6D59 : 10D912E5;
6D5A : 15D30FA1;
6D5B : 122516F5;
6D5C : 1B6C1614;
6D5D : 13291C7C;
6D5E : 17D21708;
6D5F : 259A287A;
6D60 : 22631990;
6D61 : 12471531;
6D62 : 12500A82;
6D63 : 0145FA93;
6D64 : FF0B02F9;
6D65 : FB60FF77;
6D66 : F81DEE4A;
6D67 : F0CCEE43;
6D68 : E646ED86;
6D69 : E91EDB6B;
6D6A : D36EE08A;
6D6B : E56DEE4F;
6D6C : E356E00E;
6D6D : F3A7F59C;
6D6E : F54BF591;
6D6F : F5B0FAF5;
6D70 : FFDA074D;
6D71 : 02E902E4;
6D72 : 02901101;
6D73 : 20E21224;
6D74 : 1CA118C0;
6D75 : 16911A3E;
6D76 : 1A5712E2;
6D77 : 0D731086;
6D78 : 041E0754;
6D79 : 07B00A1D;
6D7A : 0A371251;
6D7B : 137F1A54;
6D7C : 174D161C;
6D7D : 0FF81005;
6D7E : 1230172C;
6D7F : 1695046D;
6D80 : 020B0784;
6D81 : 0AA70B98;
6D82 : 0174049F;
6D83 : 041FF8B9;
6D84 : FCEAF72E;
6D85 : F9C6FB11;
6D86 : FCA2F20D;
6D87 : ECF2F669;
6D88 : F2ABF11F;
6D89 : F642F580;
6D8A : F9C90222;
6D8B : FAF301FC;
6D8C : FDC7FA20;
6D8D : 0080FB1D;
6D8E : F138FC4B;
6D8F : F39AEDE3;
6D90 : ECC1F070;
6D91 : EEBDEDB1;
6D92 : F906F205;
6D93 : F045E697;
6D94 : E0CBE761;
6D95 : E586EB5B;
6D96 : F570EF8C;
6D97 : F04EE802;
6D98 : F066F7A1;
6D99 : F346FC51;
6D9A : FF900846;
6D9B : 0C550BD8;
6D9C : 0B8C0456;
6D9D : 038F0624;
6D9E : FF3A0CED;
6D9F : 06E60040;
6DA0 : F8EC005F;
6DA1 : FCBBF3D5;
6DA2 : F550FA26;
6DA3 : EF2FE488;
6DA4 : EB10F303;
6DA5 : F4C3F3F8;
6DA6 : F9BCF48D;
6DA7 : F18BFE3D;
6DA8 : 084E03D9;
6DA9 : 069BFD1A;
6DAA : 04FE0A95;
6DAB : 03871021;
6DAC : 0F0A085A;
6DAD : 0AA6157D;
6DAE : 178F18AF;
6DAF : 17BA0BB1;
6DB0 : 0FE01666;
6DB1 : 130010D1;
6DB2 : 0C531CB4;
6DB3 : 232215F5;
6DB4 : 18B71ABD;
6DB5 : 10FB0DE0;
6DB6 : 1B81130B;
6DB7 : 0FC11BB4;
6DB8 : 1C2419C2;
6DB9 : 0A09081C;
6DBA : 0487FE62;
6DBB : FB79FAF0;
6DBC : F97CF310;
6DBD : F301E699;
6DBE : DF47E707;
6DBF : E2CDDB49;
6DC0 : E089E40C;
6DC1 : E702EA26;
6DC2 : E600E622;
6DC3 : ED4BF401;
6DC4 : F3B3F61C;
6DC5 : F27BF867;
6DC6 : 082005AF;
6DC7 : FFC50482;
6DC8 : 09B00C1D;
6DC9 : 024C02FE;
6DCA : 08CC0DB4;
6DCB : 0690055C;
6DCC : 05CBFD6A;
6DCD : 07AB0C39;
6DCE : 07C7068E;
6DCF : 08210A67;
6DD0 : 0DEB0A6E;
6DD1 : 114E21E3;
6DD2 : 2522198D;
6DD3 : 16501485;
6DD4 : 1DBE2E6D;
6DD5 : 2340155E;
6DD6 : 15300DC7;
6DD7 : FE7B0117;
6DD8 : 0E440D92;
6DD9 : 0AC4073B;
6DDA : FC7A01F9;
6DDB : FE5CFD28;
6DDC : FC1EF0CC;
6DDD : F44FFD03;
6DDE : 0380F8D0;
6DDF : F691F99D;
6DE0 : FA13F8F0;
6DE1 : FCEE0DF6;
6DE2 : 0438FBFE;
6DE3 : 0B8F0970;
6DE4 : 03F6FF9D;
6DE5 : 04EEF797;
6DE6 : F265F5E7;
6DE7 : F473FB6B;
6DE8 : F75301D7;
6DE9 : FC18EA5D;
6DEA : EB95F393;
6DEB : EC6FE2E8;
6DEC : EDADF386;
6DED : F578F42D;
6DEE : FB1904AA;
6DEF : 0422FB8A;
6DF0 : FD88FB8D;
6DF1 : F79D04D3;
6DF2 : 04AFFD7D;
6DF3 : FEA0FA1F;
6DF4 : F758F96E;
6DF5 : 02DAF7A2;
6DF6 : FDAEFA17;
6DF7 : EE45F178;
6DF8 : E9FBE378;
6DF9 : EAAFF0DD;
6DFA : EAABEE0D;
6DFB : EB35E588;
6DFC : E56CEB4A;
6DFD : F44003F4;
6DFE : 07070CE4;
6DFF : 0B620119;
6E00 : 066606B5;
6E01 : 076105F7;
6E02 : 029004B2;
6E03 : 0B670269;
6E04 : 024F0966;
6E05 : 0988FA84;
6E06 : F9B3F432;
6E07 : F106F2ED;
6E08 : EF58F688;
6E09 : F7B3FAE5;
6E0A : F711FDC8;
6E0B : 01AF020E;
6E0C : FEF4FE0A;
6E0D : 0A6803CC;
6E0E : 07140D56;
6E0F : 0FA90DAF;
6E10 : 0649016E;
6E11 : FE480353;
6E12 : FD99FCDD;
6E13 : 028CFD49;
6E14 : F864F5E7;
6E15 : F1F3EFD9;
6E16 : EC8CE80A;
6E17 : E4BFE183;
6E18 : E179EA06;
6E19 : F9A7F6C4;
6E1A : F372F641;
6E1B : F0AFF40E;
6E1C : FAD5F45A;
6E1D : 040B084B;
6E1E : 005A0178;
6E1F : 087E0BE7;
6E20 : 057B09F0;
6E21 : 017E0AF8;
6E22 : 122F0C8E;
6E23 : 0EB90862;
6E24 : 0C0E14BF;
6E25 : 19400FD9;
6E26 : 10351313;
6E27 : 14B31E05;
6E28 : 1A771CE6;
6E29 : 26C12581;
6E2A : 150A1C3D;
6E2B : 27592176;
6E2C : 1FF21440;
6E2D : 1C381CBC;
6E2E : 1C0D13C8;
6E2F : 0B150E30;
6E30 : 0B2C0DA8;
6E31 : 0262FC9F;
6E32 : F7C3F139;
6E33 : ECD1EDF0;
6E34 : F150EEAF;
6E35 : F0CEEC21;
6E36 : F05CF7C6;
6E37 : F912FA77;
6E38 : EF94F6EE;
6E39 : FF8C0D9B;
6E3A : 0854027B;
6E3B : 0611FC1A;
6E3C : FEF8FC80;
6E3D : F769F8F9;
6E3E : 04920772;
6E3F : 00FBFF28;
6E40 : F841F67D;
6E41 : F344F213;
6E42 : F423F451;
6E43 : F0ECF3F8;
6E44 : F968F70E;
6E45 : FE9FF74B;
6E46 : F92EF873;
6E47 : F411FAB9;
6E48 : FAEDFE9D;
6E49 : 00AF0593;
6E4A : FCD9FBD2;
6E4B : FE50F420;
6E4C : F5F3F7D9;
6E4D : FF00F949;
6E4E : EF10EA49;
6E4F : EEF9EBE6;
6E50 : EE13F7EB;
6E51 : E6A6DEF8;
6E52 : E270E09B;
6E53 : E8F5F250;
6E54 : FF97FD10;
6E55 : FE20F672;
6E56 : FC6807F4;
6E57 : FC0E034B;
6E58 : 02BEFE3B;
6E59 : FF720403;
6E5A : 05660EEC;
6E5B : 17B70F76;
6E5C : 0F5F0750;
6E5D : 026D04EF;
6E5E : 0D3D0E79;
6E5F : 16C4171F;
6E60 : 0E4E153D;
6E61 : 11151112;
6E62 : 135E13F0;
6E63 : 1150111E;
6E64 : 137C1415;
6E65 : 19CD16C2;
6E66 : 1CF91B32;
6E67 : 0C7308C9;
6E68 : 0ADA029D;
6E69 : FD5F06CB;
6E6A : 0307FE83;
6E6B : FACFF0AF;
6E6C : ED0AE99D;
6E6D : E44AE1A5;
6E6E : DF7FDF52;
6E6F : E642E4D0;
6E70 : E296EB7B;
6E71 : F2F1EBA7;
6E72 : E6D8E99C;
6E73 : E89DEE6F;
6E74 : F578FAF6;
6E75 : 005AFAA1;
6E76 : FB1A0657;
6E77 : 04AB0820;
6E78 : 10B106A8;
6E79 : 003E026E;
6E7A : 00A90284;
6E7B : 0FBD1264;
6E7C : 0DDD06F8;
6E7D : 056A0C2B;
6E7E : 0E1B13CE;
6E7F : 1DE8263A;
6E80 : 19D621FF;
6E81 : 26801ED4;
6E82 : 28EA2914;
6E83 : 29BD1CE9;
6E84 : 160F192B;
6E85 : 1C7F1702;
6E86 : 16241939;
6E87 : 0BDF0449;
6E88 : 0476F94D;
6E89 : F4AAFD72;
6E8A : FCA0FABC;
6E8B : F9BEFA88;
6E8C : 009BFDD1;
6E8D : F789F452;
6E8E : F2BFF054;
6E8F : F369EFEE;
6E90 : ED4BFBEA;
6E91 : 0174F9DF;
6E92 : F4ECF3BF;
6E93 : F812FB29;
6E94 : F1A3F421;
6E95 : 0363FD33;
6E96 : F600F731;
6E97 : F19FF0A1;
6E98 : F912FA08;
6E99 : F25AEC46;
6E9A : EE2FF604;
6E9B : FE3AFE3E;
6E9C : 061200A9;
6E9D : F8DCFB4F;
6E9E : F363F2D6;
6E9F : FE1703C6;
6EA0 : 0055FE33;
6EA1 : FBB9F975;
6EA2 : FC1BFB1B;
6EA3 : FA5EFA92;
6EA4 : ED31EB8D;
6EA5 : E9F4DF1F;
6EA6 : EB0FF584;
6EA7 : EE79E3A4;
6EA8 : DE0EE035;
6EA9 : DF6BE448;
6EAA : E872E817;
6EAB : ECEFEDDA;
6EAC : FB09F8A7;
6EAD : F572FFF2;
6EAE : 00FFFF67;
6EAF : 03B40587;
6EB0 : 05DA0E9D;
6EB1 : 112A0FE1;
6EB2 : 1307128B;
6EB3 : 0D0D0837;
6EB4 : 023908C6;
6EB5 : 11B311FD;
6EB6 : 0FBF13B4;
6EB7 : 10040C46;
6EB8 : 13590D92;
6EB9 : 0EA00E74;
6EBA : 0C150C08;
6EBB : 05260769;
6EBC : 0F931178;
6EBD : 0BB00C8E;
6EBE : 0A010310;
6EBF : 050A0144;
6EC0 : FD36FDDA;
6EC1 : F8C5F516;
6EC2 : F98CF45B;
6EC3 : F7E9FFD0;
6EC4 : F9B1EC6B;
6EC5 : E8CFE67E;
6EC6 : E533EDEB;
6EC7 : F29FF467;
6EC8 : F1E8EAE4;
6EC9 : EB01ECA7;
6ECA : ECEAF88D;
6ECB : FE88FE06;
6ECC : FDC4001F;
6ECD : 01540652;
6ECE : 09980125;
6ECF : 03CF0016;
6ED0 : FE93FFC4;
6ED1 : 01B608CC;
6ED2 : 14001542;
6ED3 : 0D950C94;
6ED4 : 0DF91147;
6ED5 : 17641D0C;
6ED6 : 1D1723EB;
6ED7 : 21BF20FB;
6ED8 : 25C92581;
6ED9 : 27171E1B;
6EDA : 1BE31B16;
6EDB : 16E61175;
6EDC : 147E1A9E;
6EDD : 155E15AF;
6EDE : 0FB2061D;
6EDF : FDBC00DA;
6EE0 : 054709F9;
6EE1 : 08ADFE98;
6EE2 : FFD1FA14;
6EE3 : F9F00438;
6EE4 : 0BEE0900;
6EE5 : FFC2F7B0;
6EE6 : F07FF102;
6EE7 : F7E7FA59;
6EE8 : FA9EF3B7;
6EE9 : EA5BE6A9;
6EEA : E712F288;
6EEB : F7F4F460;
6EEC : F406F4DA;
6EED : F150F129;
6EEE : FC53022E;
6EEF : FDCAF3EC;
6EF0 : EABFE916;
6EF1 : F585FE3E;
6EF2 : 070E0545;
6EF3 : FDDDFF3F;
6EF4 : FAFAF718;
6EF5 : F660FF52;
6EF6 : FDEAFB53;
6EF7 : F9F0F7AE;
6EF8 : FA9FFDE5;
6EF9 : 013CFB48;
6EFA : F2A5EC3C;
6EFB : EB45E0C2;
6EFC : E2EBEFD3;
6EFD : F0FEEA4F;
6EFE : E2B8DE80;
6EFF : DEA5E54D;
6F00 : E6A1EA59;
6F01 : F0AFF2E6;
6F02 : F596F22B;
6F03 : EC49EE8A;
6F04 : F38DF37E;
6F05 : F30EED75;
6F06 : ECACF375;
6F07 : F710F620;
6F08 : FBE301B9;
6F09 : FE85F796;
6F0A : F7F4FDF6;
6F0B : 076606F8;
6F0C : 07B90ED5;
6F0D : 07F30A92;
6F0E : 0FFF14BB;
6F0F : 19CB1739;
6F10 : 14ED0E1A;
6F11 : 0DA90820;
6F12 : 0A1A0F49;
6F13 : 092D0343;
6F14 : FC7AF4B1;
6F15 : F497F400;
6F16 : F586FBF1;
6F17 : F203EAA8;
6F18 : EDA5F0FA;
6F19 : F266F12C;
6F1A : EF88E9BB;
6F1B : EAF6E58F;
6F1C : E5ADF3B0;
6F1D : F50DF2E7;
6F1E : ECE1EB98;
6F1F : F1A3F34D;
6F20 : EDE9F724;
6F21 : 0138FB21;
6F22 : FB980040;
6F23 : 036A0A14;
6F24 : 0E700E1A;
6F25 : 10390E93;
6F26 : 075A07BC;
6F27 : 084409FD;
6F28 : 157112BB;
6F29 : 12271438;
6F2A : 0F5A0FA9;
6F2B : 1BCF1FD5;
6F2C : 1F2F24D2;
6F2D : 226D22C5;
6F2E : 238B22FC;
6F2F : 28E62A7B;
6F30 : 20291DA8;
6F31 : 1E23178C;
6F32 : 1C0A1D65;
6F33 : 1BD41D8E;
6F34 : 16EC06DD;
6F35 : 05490C57;
6F36 : 04110267;
6F37 : FDDCFBC6;
6F38 : FBB3F444;
6F39 : FC51058E;
6F3A : FE83F784;
6F3B : FCCCFCA7;
6F3C : F387F5AC;
6F3D : F9E8FECA;
6F3E : FE73F7F6;
6F3F : F82DF77E;
6F40 : EEECF6F4;
6F41 : FE73F701;
6F42 : F8A6FA1F;
6F43 : F595F55C;
6F44 : FD730035;
6F45 : FF53FF12;
6F46 : F5E9F72B;
6F47 : FAB0FD0F;
6F48 : 00A0F890;
6F49 : F9FC0234;
6F4A : 005AFC72;
6F4B : 041D07DB;
6F4C : 074203F3;
6F4D : FF86FF84;
6F4E : FEF402E4;
6F4F : 075E0912;
6F50 : 03CD02C7;
6F51 : FF56EB08;
6F52 : E5D1F0AE;
6F53 : EF56EAAE;
6F54 : EA3EED40;
6F55 : EBA5EBD1;
6F56 : EBAAEE27;
6F57 : F0D4F648;
6F58 : 0068FDF5;
6F59 : F93BFF46;
6F5A : 0645041B;
6F5B : 029B0085;
6F5C : 04120833;
6F5D : 0AE61445;
6F5E : 1921181E;
6F5F : 11AC0EF2;
6F60 : 08A108FB;
6F61 : 0F6B0D9C;
6F62 : 0BBE094E;
6F63 : 07B506A3;
6F64 : 09550D91;
6F65 : 15781E44;
6F66 : 20151AA6;
6F67 : 10470A97;
6F68 : 0D360E33;
6F69 : 0B280954;
6F6A : 06230181;
6F6B : 024401DB;
6F6C : 02580179;
6F6D : FC15FDD6;
6F6E : FBAEF7AF;
6F6F : F762F812;
6F70 : F1DEE967;
6F71 : E893E218;
6F72 : E35EEB32;
6F73 : EA46E4BD;
6F74 : E349E6CD;
6F75 : E87DE712;
6F76 : E977F0B5;
6F77 : F0F1EF56;
6F78 : EF62EB3E;
6F79 : EC8EF4B4;
6F7A : FC15FF9E;
6F7B : 0A200BE3;
6F7C : 068702F5;
6F7D : 0054053C;
6F7E : 089D02C2;
6F7F : 031E092C;
6F80 : 08A30CF6;
6F81 : 11081275;
6F82 : 163C1BA5;
6F83 : 1A161570;
6F84 : 1C8B22F1;
6F85 : 21741E59;
6F86 : 1CFC20B1;
6F87 : 1C4813F0;
6F88 : 17DB17F2;
6F89 : 154C16AB;
6F8A : 11A706EA;
6F8B : 063E00AE;
6F8C : FAD1FAD8;
6F8D : F8A8F812;
6F8E : FAA2FAC0;
6F8F : FC6AFF72;
6F90 : FBAEFC19;
6F91 : FB86F661;
6F92 : FAFDFAE8;
6F93 : F443F189;
6F94 : F21AEFBD;
6F95 : E8A3E85E;
6F96 : E827EA22;
6F97 : ECF2ED70;
6F98 : F406F6D4;
6F99 : F1BEF342;
6F9A : F397F05C;
6F9B : F2A2F443;
6F9C : F8F3FDFB;
6F9D : F876F54C;
6F9E : F788F70F;
6F9F : FA51FF4A;
6FA0 : FFBBFD58;
6FA1 : FBE5F983;
6FA2 : FA39FBCE;
6FA3 : FB54F98C;
6FA4 : F80FF8E1;
6FA5 : FF66013F;
6FA6 : FF1BFE59;
6FA7 : FD87F6D1;
6FA8 : F0D9F0DB;
6FA9 : ED16EC4B;
6FAA : EB64ED53;
6FAB : F535F213;
6FAC : F045F359;
6FAD : F036F0F7;
6FAE : F731011B;
6FAF : 03C2FEF7;
6FB0 : FAE4FA34;
6FB1 : FE2D00EC;
6FB2 : FCDAFAE1;
6FB3 : FE9E01E1;
6FB4 : 02E001F8;
6FB5 : 02220272;
6FB6 : FF8901FB;
6FB7 : 05C90301;
6FB8 : 04360782;
6FB9 : 042701F5;
6FBA : 08000D8C;
6FBB : 12501249;
6FBC : 122C16C1;
6FBD : 13E31046;
6FBE : 103F0B8C;
6FBF : 0B580D7D;
6FC0 : 0D0107ED;
6FC1 : 03BD02BD;
6FC2 : FF0A00DD;
6FC3 : 034D03CD;
6FC4 : 03F8FE2A;
6FC5 : F9F0F800;
6FC6 : F3ABF5F0;
6FC7 : FA94F60D;
6FC8 : F12FF32B;
6FC9 : F399F44E;
6FCA : F420F198;
6FCB : EECCEF0B;
6FCC : F386F713;
6FCD : F5C1F589;
6FCE : FC48F96B;
6FCF : F458FBEF;
6FD0 : FFFCFE39;
6FD1 : FF590771;
6FD2 : 0CC30B79;
6FD3 : 08150908;
6FD4 : 0DBB0BEA;
6FD5 : 0DDC13AF;
6FD6 : 13B515AB;
6FD7 : 1BAD1EF4;
6FD8 : 1FF81C4F;
6FD9 : 1B421FFD;
6FDA : 232B2500;
6FDB : 27592A59;
6FDC : 2AEE290A;
6FDD : 247320B0;
6FDE : 202B222B;
6FDF : 23502351;
6FE0 : 21F51C3E;
6FE1 : 15391071;
6FE2 : 0C980C52;
6FE3 : 0C2C0DF5;
6FE4 : 0AE90514;
6FE5 : 053603AB;
6FE6 : FDB9F82A;
6FE7 : FA3FFACA;
6FE8 : FB87FC7D;
6FE9 : F90EF7C4;
6FEA : F024ECDB;
6FEB : E9B1E73B;
6FEC : E768EAC8;
6FED : EF83EFB9;
6FEE : F461F4D9;
6FEF : F09EEF7A;
6FF0 : F4F8FC6F;
6FF1 : FE0AFA0B;
6FF2 : F989FE5A;
6FF3 : FC44F923;
6FF4 : FB9AFB78;
6FF5 : FA2BFB1C;
6FF6 : FF2900DC;
6FF7 : 0153FC23;
6FF8 : F72DF76C;
6FF9 : F610F688;
6FFA : F3F9F026;
6FFB : EEFCF5E8;
6FFC : F9D3FB7E;
6FFD : F804F288;
6FFE : F4C5F282;
6FFF : E7EDE7C4;
7000 : E9CFE7DB;
7001 : E513E345;
7002 : E4F2E920;
7003 : E914EAF3;
7004 : F27FF520;
7005 : F7C1FC7B;
7006 : FBD0F7E8;
7007 : FB18FC88;
7008 : FF2CFED1;
7009 : F7E4F9EC;
700A : FD1BFF7E;
700B : 0437040A;
700C : 0200032B;
700D : 0758055B;
700E : 07F706DE;
700F : 02A70468;
7010 : 09EE0CBD;
7011 : 0B770B74;
7012 : 086A0CA7;
7013 : 09160869;
7014 : 0D2A04D0;
7015 : FF4BFE1A;
7016 : FB26F735;
7017 : F6F1F465;
7018 : F14BF437;
7019 : F64AF7B0;
701A : F896F52C;
701B : F5EBF612;
701C : F4D7F480;
701D : F38FEFEF;
701E : EDDEEFDD;
701F : F07FEDB1;
7020 : EE8BF076;
7021 : F205EDB0;
7022 : ECFCF0FC;
7023 : F006EE5C;
7024 : EFA5F0A6;
7025 : F245F45E;
7026 : F6A5F826;
7027 : FAEAFE90;
7028 : 013A01A7;
7029 : 049709D3;
702A : 0EA20C5F;
702B : 0C340CE4;
702C : 0B2610AD;
702D : 12EE0E93;
702E : 0F2A186A;
702F : 1DDC20AC;
7030 : 238B266D;
7031 : 27CC277C;
7032 : 23BA249A;
7033 : 260B249F;
7034 : 246E1E70;
7035 : 1C2B204E;
7036 : 23551AF2;
7037 : 17CA158F;
7038 : 176E14B5;
7039 : 0DE60A53;
703A : 08120464;
703B : 014D008E;
703C : FBCAFC42;
703D : 075A079E;
703E : 02480288;
703F : 047304B6;
7040 : FBB4F5A7;
7041 : F758F9E2;
7042 : F5E3F246;
7043 : F151F02E;
7044 : F78FFA43;
7045 : F836FB39;
7046 : FB41FAA7;
7047 : FC6AFF3F;
7048 : FFDEFE48;
7049 : FC15FBAA;
704A : F884F80D;
704B : 0010081D;
704C : 046B0167;
704D : 0595012A;
704E : FF12FC38;
704F : FD41FE46;
7050 : F911F41E;
7051 : F601F71C;
7052 : F4CAF920;
7053 : F797F31C;
7054 : F010ED54;
7055 : EDE0ED7F;
7056 : EA8CE64B;
7057 : E0F3DF41;
7058 : E010E620;
7059 : E700EB2D;
705A : ECC9E556;
705B : E6EBE9A9;
705C : E978EB6A;
705D : EF45F417;
705E : F6AEF489;
705F : F5FCFBCD;
7060 : F8A4F940;
7061 : FDF1FF60;
7062 : FBA1FEF7;
7063 : 00410308;
7064 : 08680509;
7065 : 02440499;
7066 : 08DC0C54;
7067 : 0EE00F93;
7068 : 14601632;
7069 : 13A516FB;
706A : 161B11DD;
706B : 10800EDC;
706C : 08E70432;
706D : 035103C2;
706E : 012BF90E;
706F : F608FD3F;
7070 : FDB7FBD6;
7071 : FE3AFC3F;
7072 : FAF6F740;
7073 : F145EF1F;
7074 : F087F15B;
7075 : EDB8ECF9;
7076 : EBA9ED94;
7077 : F0FEF178;
7078 : F626F7B2;
7079 : F443F6B7;
707A : F8AEF4A4;
707B : F2F6F67F;
707C : FA74F818;
707D : FA3CFE9F;
707E : 02CC04C6;
707F : 07A50D91;
7080 : 0EC510CE;
7081 : 105110D2;
7082 : 0D840D70;
7083 : 0F3B0DAD;
7084 : 10330FF4;
7085 : 0FBA14A3;
7086 : 19CA1E55;
7087 : 1CE02018;
7088 : 223C20DB;
7089 : 1E3C1C5C;
708A : 218C20F4;
708B : 1A851AE1;
708C : 1CF119DA;
708D : 16B3163E;
708E : 15EF14E4;
708F : 11FE0DC7;
7090 : 0AEB043B;
7091 : 01AE04AA;
7092 : 01B7FC76;
7093 : F93FF925;
7094 : F705F68F;
7095 : F640F429;
7096 : F7ACF4BB;
7097 : EF6DEB2B;
7098 : EA07EC36;
7099 : E8D1E55A;
709A : E7E9E8A1;
709B : E759EB95;
709C : F1DCF25D;
709D : F244F3FF;
709E : F3B3F179;
709F : EEB7F41E;
70A0 : F9CEF8E2;
70A1 : FB9EFE1D;
70A2 : FEA7FE86;
70A3 : 01690235;
70A4 : 01D405FD;
70A5 : 05D90527;
70A6 : FE78FAA2;
70A7 : FEFDFC52;
70A8 : F528F408;
70A9 : F181F2B1;
70AA : F98BFA76;
70AB : F565F2D0;
70AC : F084EBAF;
70AD : E71CE495;
70AE : E673E970;
70AF : E564E5DA;
70B0 : E883E6B8;
70B1 : EC51F0C2;
70B2 : F1FEF321;
70B3 : FA54FBE7;
70B4 : F77DF7AF;
70B5 : FC910429;
70B6 : 0062FEF6;
70B7 : 03BC03DC;
70B8 : 0B83147F;
70B9 : 161B135D;
70BA : 12F20FB9;
70BB : 0CC80E6F;
70BC : 0DEC15D2;
70BD : 16C21245;
70BE : 146515BD;
70BF : 13F919A1;
70C0 : 1D62188D;
70C1 : 185219A7;
70C2 : 11C10CC5;
70C3 : 08E7035F;
70C4 : 02E7FC66;
70C5 : F5FEF771;
70C6 : F60EF8E8;
70C7 : FD85FCBC;
70C8 : F722F70C;
70C9 : F4C5ECF8;
70CA : EB5FEB2F;
70CB : F1B6F21E;
70CC : F004F009;
70CD : F105F478;
70CE : F64BF776;
70CF : F3D1F342;
70D0 : F4D2F0A3;
70D1 : F4EAF771;
70D2 : FAF4FE15;
70D3 : FAFBFC0F;
70D4 : FF9D018A;
70D5 : 087410B8;
70D6 : 12B610FD;
70D7 : 1249111B;
70D8 : 0CD10CBB;
70D9 : 0E1E1170;
70DA : 11F90DA3;
70DB : 0F1A158E;
70DC : 17B01BEC;
70DD : 1EF11E6F;
70DE : 1B7A1BD2;
70DF : 1AF81E1B;
70E0 : 225422BC;
70E1 : 21241FF7;
70E2 : 1E1B1DB7;
70E3 : 1F2C233A;
70E4 : 242B2122;
70E5 : 1B7E1655;
70E6 : 11A70C26;
70E7 : 0D000FAE;
70E8 : 0FB00A37;
70E9 : 088705C9;
70EA : 037002A8;
70EB : 038C0314;
70EC : FCB3F9EC;
70ED : F83FF62C;
70EE : F71BF5B4;
70EF : F5E2F22B;
70F0 : EF1AEC00;
70F1 : ECBDF287;
70F2 : F73FF8DA;
70F3 : F7D6F625;
70F4 : F5ADF290;
70F5 : EFD5F59A;
70F6 : F83BF798;
70F7 : F6C9F9D7;
70F8 : FB8AFE17;
70F9 : 052804BE;
70FA : 0222FE34;
70FB : FADAF901;
70FC : F441F625;
70FD : F6C9F56B;
70FE : F083ED98;
70FF : EBDEEB5E;
7100 : EF87F3F6;
7101 : F40CF1B5;
7102 : F242EE3E;
7103 : E8F6E868;
7104 : E897E693;
7105 : DFC5E023;
7106 : E020DFB5;
7107 : E4F0E8BF;
7108 : ED17EBFC;
7109 : EAE4EA6D;
710A : EAC4EBFB;
710B : F0D9F34A;
710C : F36EF3C3;
710D : F5F6F5B9;
710E : F7D900EF;
710F : 04280387;
7110 : 017A0012;
7111 : FFC9004F;
7112 : 048307B2;
7113 : 08BB070D;
7114 : 09F80ADF;
7115 : 0A3C0EEE;
7116 : 159516DC;
7117 : 11CE0EFF;
7118 : 0A8409B6;
7119 : 07F907F3;
711A : 056D0026;
711B : FA2CF53C;
711C : F092F185;
711D : FA57FB4A;
711E : F705F1B4;
711F : EEC2ED2D;
7120 : EE49EF24;
7121 : EF2DF08B;
7122 : EFF8F1AE;
7123 : F2E9F420;
7124 : F942FD95;
7125 : F717F34B;
7126 : F315F0C9;
7127 : F1C4F4EC;
7128 : F95CFBAF;
7129 : FCE1FC54;
712A : FFCD0358;
712B : 07DB10AD;
712C : 153D1425;
712D : 13CF1502;
712E : 14D11879;
712F : 190E17AE;
7130 : 17F517C4;
7131 : 178318B3;
7132 : 1DBC232F;
7133 : 24CC219E;
7134 : 1FFC1F38;
7135 : 1E061CF3;
7136 : 1F6A1EA3;
7137 : 1CC31CE0;
7138 : 18C21B35;
7139 : 1D1C1F30;
713A : 214A1B96;
713B : 160912C8;
713C : 0F500C4B;
713D : 0A0E07E5;
713E : 056F03CD;
713F : 01AAFD17;
7140 : FE5400D7;
7141 : 028903A2;
7142 : FF15FB56;
7143 : FAF7F9FD;
7144 : FBAFFCE7;
7145 : F72DF271;
7146 : EFBEEBFC;
7147 : EB78EB75;
7148 : ECEDEFC6;
7149 : EF49ECEA;
714A : EB82EA37;
714B : EA65EDE3;
714C : F101F135;
714D : F162F179;
714E : F52DFC26;
714F : FECC01C6;
7150 : 0193019F;
7151 : FD06F69B;
7152 : F3DAF708;
7153 : FDB7FBF5;
7154 : F881F6CF;
7155 : F62FF858;
7156 : F8C4F9F7;
7157 : FDE4F8DC;
7158 : F540F601;
7159 : F28EF225;
715A : F28EED46;
715B : E6B7E181;
715C : DE09E149;
715D : E57CE743;
715E : E743E6D3;
715F : E572E321;
7160 : E43AE415;
7161 : EAFFEF01;
7162 : EA91EB76;
7163 : EF98F057;
7164 : F54EFDDA;
7165 : 03D007DF;
7166 : 055A00ED;
7167 : 028B0219;
7168 : 030D0992;
7169 : 0CFC0CB9;
716A : 0F2D1069;
716B : 137E19FC;
716C : 1D861CF3;
716D : 1ADF18C4;
716E : 166612FE;
716F : 108812BD;
7170 : 12330A7E;
7171 : 04B902A4;
7172 : FEABFFEA;
7173 : 02CA0418;
7174 : 05240001;
7175 : FB13F966;
7176 : F46DF43A;
7177 : F442EFFC;
7178 : ED77EF32;
7179 : EFF7F30B;
717A : FA0DF7DF;
717B : F411F0B2;
717C : EB58E5E8;
717D : E506E89D;
717E : ED92F113;
717F : F15FF22D;
7180 : F40EF315;
7181 : F91901CD;
7182 : 04820776;
7183 : 0790073C;
7184 : 05F107C6;
7185 : 0D211060;
7186 : 0D2B0BA9;
7187 : 0E370E99;
7188 : 15461B86;
7189 : 1EE31EB1;
718A : 20C3204C;
718B : 1BCE1BEA;
718C : 1F111EC6;
718D : 1CCE1AA1;
718E : 1C1C1EFD;
718F : 202C25CB;
7190 : 286A23C4;
7191 : 1FD71E6D;
7192 : 16C51064;
7193 : 1396131D;
7194 : 112A0DE5;
7195 : 0B7B0B66;
7196 : 07A00844;
7197 : 0A760810;
7198 : 0500030F;
7199 : FF94F99E;
719A : F9F2FBDB;
719B : F7CCF117;
719C : EB66E958;
719D : E67EE816;
719E : EC4EED60;
719F : ED5AEEB5;
71A0 : EE2CEA54;
71A1 : ECD9F04E;
71A2 : F1D5F038;
71A3 : F21CF6EC;
71A4 : F992FEAF;
71A5 : 05D00A4B;
71A6 : 0609047A;
71A7 : 0459FDE0;
71A8 : FA37FE7D;
71A9 : FDA3FBF8;
71AA : FD25FB2B;
71AB : F8D9F9AE;
71AC : FC32FCEC;
71AD : FE5CFD3D;
71AE : FC9CFB8A;
71AF : F81FF809;
71B0 : FA3AF467;
71B1 : EEFCEB8D;
71B2 : E849E3E1;
71B3 : E94FEED1;
71B4 : EE65F25D;
71B5 : F1CBF18B;
71B6 : EF00EDBC;
71B7 : F02AF01C;
71B8 : ED85EE8C;
71B9 : F0A0EFEE;
71BA : F7CEFFFC;
71BB : 026E022A;
71BC : 005DFD3F;
71BD : FE50FEDF;
71BE : 012B0679;
71BF : 038A0435;
71C0 : 08010741;
71C1 : 0AC310E5;
71C2 : 0FE10E00;
71C3 : 10520F36;
71C4 : 0FF71284;
71C5 : 11430FC9;
71C6 : 0B440632;
71C7 : 02DCFE75;
71C8 : F8CAFAE1;
71C9 : FEEFFF06;
71CA : 019B013C;
71CB : FDEEF8CE;
71CC : F4E1F49F;
71CD : EF57EBC3;
71CE : EB39EE16;
71CF : EA8AEC70;
71D0 : F464F2B2;
71D1 : F126EF5E;
71D2 : EB19E994;
71D3 : E98EE982;
71D4 : EBB5EADA;
71D5 : EA44EC5A;
71D6 : EBFEEF0B;
71D7 : F7F9FA73;
71D8 : F9A0FC7F;
71D9 : FE5A02E0;
71DA : 070108D3;
71DB : 0B920A09;
71DC : 07F2084D;
71DD : 0A100D6B;
71DE : 12C81AFC;
71DF : 1D4B1F95;
71E0 : 21F11DE8;
71E1 : 1D3C1CCA;
71E2 : 1D001C5A;
71E3 : 193F1682;
71E4 : 1A9A1D5F;
71E5 : 1FAF260C;
71E6 : 23301F1B;
71E7 : 209C1DD7;
71E8 : 181B1960;
71E9 : 1B7F16F9;
71EA : 1605115D;
71EB : 0F32106F;
71EC : 0BF70A82;
71ED : 091307A0;
71EE : 062B04E1;
71EF : 01B10159;
71F0 : 017CFC13;
71F1 : F649F4B7;
71F2 : EF97EE34;
71F3 : EE7DED91;
71F4 : EEF7F21B;
71F5 : F215F1C1;
71F6 : F0D8EDBE;
71F7 : F16AF2F0;
71F8 : EDDFED44;
71F9 : EF0DEF93;
71FA : F4C6F9FB;
71FB : FE320226;
71FC : FDE1FADF;
71FD : FBADF7F8;
71FE : F51CFA82;
71FF : FB25FB55;
7200 : FBA2F96B;
7201 : F914FD81;
7202 : 003100CA;
7203 : 013B00AC;
7204 : 0100002A;
7205 : FFFD023E;
7206 : 0214FDBD;
7207 : F8A1F2B9;
7208 : F01AF007;
7209 : F25AEF60;
720A : EE9FECAA;
720B : EA87EC38;
720C : E74CE92B;
720D : EC7AEA39;
720E : E6E8E600;
720F : E687E9F1;
7210 : EFCDF1AA;
7211 : F4E3F63E;
7212 : F830FA3F;
7213 : F790F629;
7214 : FB64006D;
7215 : 01F00491;
7216 : 046809F5;
7217 : 11FB154B;
7218 : 15FA15B0;
7219 : 151015F4;
721A : 155F127F;
721B : 151B15AB;
721C : 122E0C96;
721D : 05C502B3;
721E : 0297025F;
721F : FFA200C0;
7220 : 02560156;
7221 : FD8EFAA6;
7222 : F760F926;
7223 : F597F01D;
7224 : EFBBEECD;
7225 : F036F58B;
7226 : F5EBF2E5;
7227 : F327F205;
7228 : F291EF06;
7229 : ED1FEFCF;
722A : F277F38F;
722B : F2E1F316;
722C : F452FB63;
722D : FF4CFE2D;
722E : FF91029E;
722F : 05980815;
7230 : 0B840E7D;
7231 : 103A116F;
7232 : 10FD0F15;
7233 : 1068147F;
7234 : 17991906;
7235 : 19111D8E;
7236 : 20AA1EED;
7237 : 1DC91DA9;
7238 : 20951F90;
7239 : 197B184F;
723A : 18C91AC6;
723B : 1D8C23E7;
723C : 26F22649;
723D : 2656238A;
723E : 20FE1E0C;
723F : 1B881BCC;
7240 : 1A3318C5;
7241 : 14D81247;
7242 : 158914BC;
7243 : 12160C49;
7244 : 0AB508E8;
7245 : 046F0398;
7246 : 01D2FEC4;
7247 : FBA0FAED;
7248 : F64BF081;
7249 : ED77E954;
724A : E7CAE54D;
724B : E650E6A2;
724C : E3FDE080;
724D : E071DF8C;
724E : DE11DF36;
724F : DBFEDDBF;
7250 : E514EAF7;
7251 : F1CAF543;
7252 : F72EF5E2;
7253 : F44BF511;
7254 : F61DF87F;
7255 : F7C0F7A3;
7256 : FB76F6C5;
7257 : F39DF635;
7258 : F5D9F9B9;
7259 : F9F8FB29;
725A : FD88FD87;
725B : FCA2FBDA;
725C : F935F67B;
725D : F839F4D7;
725E : EE29F0F7;
725F : F214F0D1;
7260 : F21DEC33;
7261 : E9CEE9A5;
7262 : E940E9AC;
7263 : EA2EE8A1;
7264 : E79EE80E;
7265 : E48CE344;
7266 : EA0BEEA6;
7267 : F3F0F771;
7268 : F6C1F985;
7269 : FDA4FB47;
726A : FA55FD05;
726B : FE970298;
726C : 047F04F9;
726D : 0A260EDB;
726E : 108614DD;
726F : 16091359;
7270 : 170C17BD;
7271 : 16621896;
7272 : 151F13F0;
7273 : 145F0F14;
7274 : 0D1F0C73;
7275 : 0DC30E1F;
7276 : 0BF609A8;
7277 : 09D809C4;
7278 : 05800304;
7279 : 02560006;
727A : FE07FD59;
727B : FBDCFCBE;
727C : FC73FE6C;
727D : 0062FE84;
727E : FD13FBF2;
727F : FD21F8DE;
7280 : F586F5CE;
7281 : F7F4F7CE;
7282 : F21BF2B4;
7283 : F8AFF890;
7284 : F9B6F929;
7285 : FB92FF25;
7286 : FFC30153;
7287 : 01AB01D2;
7288 : 02E90771;
7289 : 096908CC;
728A : 0C821045;
728B : 1456178F;
728C : 17F81851;
728D : 1A241986;
728E : 19661988;
728F : 155F1531;
7290 : 130C0F2E;
7291 : 123C1556;
7292 : 132F11F6;
7293 : 13E01418;
7294 : 14DC139D;
7295 : 105A1032;
7296 : 0BC90703;
7297 : 088B02D2;
7298 : 010C0726;
7299 : 0911070C;
729A : 0485043A;
729B : 015903BA;
729C : 03DD008F;
729D : FDD8F965;
729E : FAAFFAB1;
729F : F6F1F35D;
72A0 : F10BEE59;
72A1 : EFD0EDA9;
72A2 : EBD5EE98;
72A3 : F0E4F02D;
72A4 : EC5BED5C;
72A5 : EBE7ED6E;
72A6 : EDBBEC43;
72A7 : F562F8F2;
72A8 : FA31FC36;
72A9 : FC81FCB9;
72AA : FE81FE1D;
72AB : F80DF959;
72AC : F994F943;
72AD : F9AFFA31;
72AE : FA52FBBD;
72AF : FD33FE94;
72B0 : 023D038C;
72B1 : 04B40404;
72B2 : 033E0453;
72B3 : 049A0343;
72B4 : FFE6FF89;
72B5 : 01EC01DF;
72B6 : 0183FF6D;
72B7 : FC46F8D4;
72B8 : F52AF75F;
72B9 : FAB2F8A7;
72BA : F546F573;
72BB : F0D4EC84;
72BC : EE74F0E3;
72BD : EF0CF217;
72BE : F51EF6CC;
72BF : F839F30C;
72C0 : F6B5F8BC;
72C1 : F69BF667;
72C2 : F81DF857;
72C3 : F812FF8F;
72C4 : 032A03D7;
72C5 : 07FC0A0C;
72C6 : 0B7E0D88;
72C7 : 107F1275;
72C8 : 107C1127;
72C9 : 10B00E85;
72CA : 0BD30BAE;
72CB : 0BD70685;
72CC : 04A40492;
72CD : FE0CFD00;
72CE : FC2EFC39;
72CF : F87AF18B;
72D0 : EFD3ED93;
72D1 : E98DE874;
72D2 : ED2FEC5D;
72D3 : E958EBE1;
72D4 : EC1BE7B9;
72D5 : E746E885;
72D6 : E858E87E;
72D7 : E66DE5DB;
72D8 : E60BE6E1;
72D9 : EC13EF71;
72DA : EE96F261;
72DB : F5F3F6D7;
72DC : FA8F006A;
72DD : 03BC053C;
72DE : 09240AA1;
72DF : 0AA30BE7;
72E0 : 114F17D0;
72E1 : 16D715D0;
72E2 : 1A661AC7;
72E3 : 187B19DF;
72E4 : 1DD11E61;
72E5 : 1D1A1E44;
72E6 : 1D651B77;
72E7 : 1B961C55;
72E8 : 1D221BB6;
72E9 : 1A621CC5;
72EA : 1DB51F2C;
72EB : 1DD31A1E;
72EC : 16B61882;
72ED : 14460C97;
72EE : 105216A6;
72EF : 182E15D1;
72F0 : 15FE1745;
72F1 : 12820FBE;
72F2 : 119010B8;
72F3 : 0E510EE8;
72F4 : 110809E6;
72F5 : 091D0A0F;
72F6 : 08B50604;
72F7 : 0008FE1E;
72F8 : FD6DFCDF;
72F9 : FB7DFA14;
72FA : F7E6F79F;
72FB : F86AF46D;
72FC : EE6CF08A;
72FD : F457F410;
72FE : F59EF654;
72FF : F836F5CB;
7300 : F527F843;
7301 : F7E4F99F;
7302 : FA62F667;
7303 : F40AF624;
7304 : F6F5F98D;
7305 : F905F6F4;
7306 : FA01F7E0;
7307 : F710FBEF;
7308 : F88CF30C;
7309 : F19EF357;
730A : F36FF2FF;
730B : F3EBF3C8;
730C : F57EF1B6;
730D : EF09EA15;
730E : E62FEB5A;
730F : EDBBEB06;
7310 : EA89E842;
7311 : E4D6E372;
7312 : E466E628;
7313 : EA84ED66;
7314 : E9E1E9CE;
7315 : EDACEF80;
7316 : F573F455;
7317 : F1AFF737;
7318 : F79DF480;
7319 : F8B5FDBD;
731A : FD9402D3;
731B : 03FF0341;
731C : 078709EA;
731D : 0B140C2B;
731E : 0DA20EC2;
731F : 0F750A63;
7320 : 0A88108F;
7321 : 0E480EF5;
7322 : 0E9108BE;
7323 : 05E804C3;
7324 : 050905DF;
7325 : 06120245;
7326 : FDA6FA7B;
7327 : F5C4F902;
7328 : FBFBFB8B;
7329 : FE0AFD6B;
732A : FA3CF92D;
732B : FA2BFB75;
732C : FE5FFAFC;
732D : F919F784;
732E : F6DAF98C;
732F : FEFF019B;
7330 : 013303A8;
7331 : 02D70286;
7332 : 03B207FD;
7333 : 0E521058;
7334 : 0F2E0EE0;
7335 : 11C8106B;
7336 : 13D61B1E;
7337 : 1B961F2C;
7338 : 1F951CD3;
7339 : 1A422065;
733A : 2328234C;
733B : 25DD2517;
733C : 23E421AA;
733D : 206520D7;
733E : 1F4A1D14;
733F : 1A6817EF;
7340 : 16991400;
7341 : 15AD1350;
7342 : 0E4C0B96;
7343 : 070EFF45;
7344 : FE1800E6;
7345 : 02290429;
7346 : 0175FD6E;
7347 : FA3BFA4A;
7348 : F9E5F99E;
7349 : F85CF656;
734A : F460F0B5;
734B : EF50F3FD;
734C : F6E7F294;
734D : EF97ECA4;
734E : E9BDE64B;
734F : E6F8E9D9;
7350 : EB76ED85;
7351 : EB31E995;
7352 : E539E4E1;
7353 : ED90ECDA;
7354 : E990EBAE;
7355 : ECEDEE5F;
7356 : F081F589;
7357 : F5E3F369;
7358 : F198EFA6;
7359 : EC5DECB1;
735A : F02AF255;
735B : F27BF5A4;
735C : F478F1A0;
735D : F0FDF1C0;
735E : F3A8F4C6;
735F : F5CEF54E;
7360 : F4F5F3D7;
7361 : F80DF9CB;
7362 : FB08FB69;
7363 : FA3AF7BB;
7364 : F7B3FB19;
7365 : FBAEFBA5;
7366 : FB5FFC50;
7367 : FADBF9E9;
7368 : F8D3F9B2;
7369 : F971FA88;
736A : FA61F9E4;
736B : FC66FF0F;
736C : 025603A7;
736D : 028B040B;
736E : 02ABFF51;
736F : FFCB0615;
7370 : 0A7B0A78;
7371 : 0A6C0B44;
7372 : 0CD40EAD;
7373 : 14A01A06;
7374 : 19611984;
7375 : 1C31191D;
7376 : 16231B3D;
7377 : 22021FC6;
7378 : 1B781618;
7379 : 0E4A0AFB;
737A : 0A680BE2;
737B : 0D610B32;
737C : 078804DE;
737D : FBD1F706;
737E : F6DBF48F;
737F : F176F101;
7380 : EED0EC6D;
7381 : F03BEF62;
7382 : F036ED87;
7383 : EAD4E9BC;
7384 : E7CBE737;
7385 : EB72ED57;
7386 : E9D8EC51;
7387 : EDB7F123;
7388 : F384F5F6;
7389 : F803F8CC;
738A : FA59FB41;
738B : FFBEFF8B;
738C : FFA70805;
738D : 08240735;
738E : 06AE052D;
738F : 083C0D5D;
7390 : 128513CC;
7391 : 13E213D8;
7392 : 13571172;
7393 : 1012127C;
7394 : 13430EF5;
7395 : 10720ED2;
7396 : 0B170E99;
7397 : 1299121E;
7398 : 11E80FFC;
7399 : 0DE70A82;
739A : 069607BF;
739B : 0A07091D;
739C : 04B30603;
739D : 06C40596;
739E : 09B50A59;
739F : 084C05BE;
73A0 : 00CE0037;
73A1 : FEB3FD7F;
73A2 : 02480115;
73A3 : 00FAFED2;
73A4 : FC17FAE5;
73A5 : F977FBB1;
73A6 : F95CF978;
73A7 : F78CF68F;
73A8 : F82CF7C4;
73A9 : FA24FB2F;
73AA : F9E6FA28;
73AB : FD09FCE6;
73AC : 013605CB;
73AD : 07F3091F;
73AE : 0921068A;
73AF : 0249013F;
73B0 : 004801F0;
73B1 : 01B60159;
73B2 : 02B1FF9A;
73B3 : FB7EFD13;
73B4 : 013AFF7F;
73B5 : FD92FB52;
73B6 : F7A2F57A;
73B7 : F686F548;
73B8 : F458F328;
73B9 : F25CF029;
73BA : EC7CEF55;
73BB : F3AFF3FA;
73BC : F350F2FD;
73BD : F2FAF0D3;
73BE : EFF9F3F4;
73BF : F24DF096;
73C0 : F092EEAC;
73C1 : EFB4F21A;
73C2 : F834FA21;
73C3 : F93EF853;
73C4 : F57CF6B4;
73C5 : F7E5F8C1;
73C6 : FB7BFDDA;
73C7 : FC97FD80;
73C8 : FFB3010E;
73C9 : 05E40AA9;
73CA : 0B770A16;
73CB : 0A3C0607;
73CC : 037F0412;
73CD : 06BE07C8;
73CE : 06090341;
73CF : FEAEFCD3;
73D0 : FB77FC0B;
73D1 : FD49FC3E;
73D2 : FB60F851;
73D3 : F383F2A2;
73D4 : F34CF1EE;
73D5 : EFDCEE87;
73D6 : EF60EE86;
73D7 : EEA4F170;
73D8 : F5C3F99E;
73D9 : F796F4FD;
73DA : F4E1F544;
73DB : F51DF542;
73DC : F53FF4F9;
73DD : F438F816;
73DE : FBB4FE22;
73DF : 00CBFE87;
73E0 : FF44FEC5;
73E1 : FE8301A1;
73E2 : 0A09101F;
73E3 : 0E76106B;
73E4 : 10741022;
73E5 : 135319DA;
73E6 : 21DC2774;
73E7 : 26EE26D3;
73E8 : 28B62859;
73E9 : 271E25C9;
73EA : 26EB26CF;
73EB : 24771E11;
73EC : 19BC1BA8;
73ED : 1E1D1EF9;
73EE : 1F031D81;
73EF : 1B1016CF;
73F0 : 131413F7;
73F1 : 127510E0;
73F2 : 0E4709AE;
73F3 : 074E07F5;
73F4 : 0BC30D57;
73F5 : 0AAA08A7;
73F6 : 092B06A2;
73F7 : 0089FFC4;
73F8 : 020BFF90;
73F9 : FDAEFC0B;
73FA : F82AF9DC;
73FB : FC85FBAF;
73FC : F6E2F47E;
73FD : F3A9F49C;
73FE : F4A9F3C8;
73FF : F757F5B9;
7400 : F37DF221;
7401 : F02BEDA8;
7402 : F147FA22;
7403 : FD4DFC24;
7404 : F9E2F9E4;
7405 : F72CF402;
7406 : F43FF366;
7407 : F275F3AC;
7408 : F2DEEF26;
7409 : EF89F425;
740A : F7E0F5A4;
740B : F21BEFD6;
740C : EE5DECF2;
740D : EBE9EDE3;
740E : EEC9ED51;
740F : EA8EE86E;
7410 : EA71ED26;
7411 : EB94EF17;
7412 : F0A3EDC5;
7413 : EFA4F11B;
7414 : F0C4EDA4;
7415 : EAFBEBBA;
7416 : EB0EEBE6;
7417 : EB27EA6D;
7418 : F15BF2BA;
7419 : F095F19E;
741A : F394F7D0;
741B : F71BFB03;
741C : FEA7FF1E;
741D : 02AA00F6;
741E : 005C03CB;
741F : 07F2101F;
7420 : 183817D5;
7421 : 1436120B;
7422 : 137513E0;
7423 : 11731155;
7424 : 0FCF0D9E;
7425 : 0C120CFC;
7426 : 0D180A4F;
7427 : 095E0A47;
7428 : 08CF048A;
7429 : 006CFEF0;
742A : 017B01BF;
742B : FF85FACD;
742C : F5F7F63C;
742D : F697F8A1;
742E : FC42FE6E;
742F : FC4CFAC5;
7430 : F9D3F88C;
7431 : F817F4AB;
7432 : F2A7F44B;
7433 : F57FF772;
7434 : F8C9FC2A;
7435 : FDA1FD7D;
7436 : FBEFFBE5;
7437 : FF9CFEE4;
7438 : 03090F2E;
7439 : 113D0FB8;
743A : 0FB40E96;
743B : 101B165F;
743C : 1CD0212C;
743D : 228020BE;
743E : 1F801E99;
743F : 1CC21D30;
7440 : 1B7F1879;
7441 : 17A5153A;
7442 : 14951497;
7443 : 126D12C2;
7444 : 13340FC9;
7445 : 0F270D2D;
7446 : 08F809C3;
7447 : 0D0A0A49;
7448 : 055C028B;
7449 : FDD30034;
744A : 05040281;
744B : 04790473;
744C : FF95FB8F;
744D : F744F388;
744E : F0B4EDFA;
744F : EF66F167;
7450 : EF90EEE1;
7451 : F17CF33B;
7452 : EF35EF32;
7453 : EC46E8BB;
7454 : EA7BEA76;
7455 : F03CF436;
7456 : F2A5F113;
7457 : EF6CF1DE;
7458 : F5F4FB45;
7459 : FD6B00E9;
745A : 0155FDF7;
745B : FDC2FF6D;
745C : FFB5FE17;
745D : FBD1FA9A;
745E : FE14FD1B;
745F : FB6FFCFD;
7460 : FE19FEE8;
7461 : FBF3FA52;
7462 : FAF7FB5E;
7463 : F9E6F9D3;
7464 : FC7EFA00;
7465 : FA5AFBCB;
7466 : FA16F792;
7467 : FA4EFDCA;
7468 : FF92FCF7;
7469 : F844F811;
746A : F9AAF9F3;
746B : F682F5F7;
746C : F6D3F65F;
746D : F393F111;
746E : F495F451;
746F : F4B7F6FC;
7470 : F65EF7F1;
7471 : F8B8F9AA;
7472 : FB84FFD3;
7473 : 0194024F;
7474 : 00690124;
7475 : 06370ADB;
7476 : 0B690BD6;
7477 : 0A5509C9;
7478 : 0C8D0DF7;
7479 : 10EE0FF8;
747A : 0B2E0B70;
747B : 08FE0AAD;
747C : 0D3E0CA3;
747D : 0AB30967;
747E : 09F80966;
747F : 0758048D;
7480 : 049B0492;
7481 : 0192FEDD;
7482 : FACBF6EA;
7483 : F713FA89;
7484 : FB91FC54;
7485 : FC71FA3D;
7486 : FA4DFAD9;
7487 : FC9AFB16;
7488 : F515F322;
7489 : F571F81A;
748A : F6CDF59B;
748B : F597F6F4;
748C : FA49F917;
748D : F3DEF3B9;
748E : F6A4F9DA;
748F : FCA5FCC5;
7490 : FD2A015C;
7491 : 06310B5B;
7492 : 0C2C0EF0;
7493 : 13F215F8;
7494 : 170C1846;
7495 : 1BC31DF6;
7496 : 1C7117E4;
7497 : 1471145D;
7498 : 11AB1180;
7499 : 117F127D;
749A : 13001153;
749B : 0C910836;
749C : 0B9F0CF9;
749D : 0F140AD2;
749E : 03BC064F;
749F : 08DA0987;
74A0 : 0636052E;
74A1 : 05D704EA;
74A2 : 0311FFEE;
74A3 : 008C0130;
74A4 : 01DDFD27;
74A5 : F9E0FB50;
74A6 : F9CAFAF7;
74A7 : F9DCF841;
74A8 : FB2CFD5D;
74A9 : FDB6FB83;
74AA : F8D4FA43;
74AB : FDD2FDB7;
74AC : FA2AFA3A;
74AD : FC7FFD6B;
74AE : FEB30011;
74AF : 032602BF;
74B0 : 010E00AA;
74B1 : FF770355;
74B2 : 05F20397;
74B3 : 00EAFD65;
74B4 : FCABFFF5;
74B5 : FF94FBE4;
74B6 : FB50FC71;
74B7 : 00EF0072;
74B8 : FAD1F991;
74B9 : F984FA44;
74BA : FA2DF7D9;
74BB : F723F91D;
74BC : F9E8FBAE;
74BD : FCE5FB5A;
74BE : FA90F92D;
74BF : F605F4DF;
74C0 : F47BF7DC;
74C1 : FA06F785;
74C2 : F558F38B;
74C3 : F145EF35;
74C4 : EDD9EFD3;
74C5 : EDE9EE59;
74C6 : EEA5EE18;
74C7 : EE8AF062;
74C8 : F09BEFAB;
74C9 : F2FAF5CD;
74CA : F6A0F599;
74CB : F67EFB45;
74CC : FBBAFC6F;
74CD : FC31FDAC;
74CE : FDEF006A;
74CF : 020A0233;
74D0 : 0289FF70;
74D1 : 00F1FFB2;
74D2 : 00FA0379;
74D3 : 01450229;
74D4 : 01D101EA;
74D5 : FEA9FEA3;
74D6 : 00E6FDE3;
74D7 : FC4CFBD8;
74D8 : F9F0F69F;
74D9 : F515F44B;
74DA : F657F6CF;
74DB : F561F636;
74DC : F90DF863;
74DD : F79BFC29;
74DE : FBE1FA3F;
74DF : F6F2F476;
74E0 : F651F688;
74E1 : F64AF7DA;
74E2 : F9D6F92E;
74E3 : FB8CFB30;
74E4 : FC2500F6;
74E5 : 006903CF;
74E6 : 052709BA;
74E7 : 0A7F09DD;
74E8 : 10451356;
74E9 : 12031209;
74EA : 186A1E7C;
74EB : 1ED91F87;
74EC : 22932466;
74ED : 20241D8C;
74EE : 1DC32057;
74EF : 1EC41CD3;
74F0 : 1C4518FD;
74F1 : 189717B6;
74F2 : 18361943;
74F3 : 19A417EA;
74F4 : 15641278;
74F5 : 10BC103F;
74F6 : 11440FAC;
74F7 : 0ACE07E6;
74F8 : 088708BC;
74F9 : 079D043C;
74FA : 0794080A;
74FB : 04080092;
74FC : FE07FEAA;
74FD : FE15FB83;
74FE : F7CBF5EF;
74FF : F89BF863;
7500 : F64EF49D;
7501 : F81FFB1A;
7502 : F6B5F6F5;
7503 : F6BAF9D2;
7504 : F9E8F941;
7505 : F8E1F608;
7506 : F7DAF982;
7507 : FAF2F9BB;
7508 : FAD3033E;
7509 : 0218FDAA;
750A : F764F741;
750B : F6CDF70D;
750C : F9DDF531;
750D : F350F48F;
750E : F466F285;
750F : F1F4F2DA;
7510 : F22BEF6D;
7511 : EC01ECC4;
7512 : ED87EEB7;
7513 : EFEAEC68;
7514 : E906E955;
7515 : EDA5EE65;
7516 : EDE7F166;
7517 : F65FF70D;
7518 : F356F032;
7519 : F15FF143;
751A : F0F8F33E;
751B : F13DF18A;
751C : F428F69C;
751D : F48AF45C;
751E : FBC0FE68;
751F : FB3AFB64;
7520 : 008D0225;
7521 : FFD20106;
7522 : FE56FCAA;
7523 : FEBF029A;
7524 : 04130494;
7525 : 08760C38;
7526 : 09F5045B;
7527 : 03A60745;
7528 : 08D907DE;
7529 : 091F0764;
752A : 03DC0624;
752B : 06640400;
752C : 05BD0847;
752D : 071A0507;
752E : 060003A8;
752F : 019602B8;
7530 : 02A5FE93;
7531 : FAE6FBDB;
7532 : FC71FE6E;
7533 : 03F80714;
7534 : 073A053C;
7535 : 03B60225;
7536 : 0308046D;
7537 : 030901BD;
7538 : FF27FE67;
7539 : FEBDFD6E;
753A : FE4A0003;
753B : 029301BA;
753C : 01CA0465;
753D : 076A0A57;
753E : 0BB90B66;
753F : 09CC0A5E;
7540 : 0DBE1047;
7541 : 135A1407;
7542 : 16D81852;
7543 : 166B1670;
7544 : 18751AA4;
7545 : 17FA14A2;
7546 : 13680F13;
7547 : 0C860DAD;
7548 : 0F080E25;
7549 : 0DFB0CCC;
754A : 079106A2;
754B : 054305BD;
754C : 03B10120;
754D : FF7EF9DE;
754E : F616F65B;
754F : F656F937;
7550 : FDC4FF26;
7551 : F8B5F3E0;
7552 : F22CF063;
7553 : EE7CEEBB;
7554 : EE94EE0C;
7555 : EB47EBBB;
7556 : EF7BEFAA;
7557 : F0BEF386;
7558 : F495F1C6;
7559 : F3B7F725;
755A : F5BEF792;
755B : F8FAF770;
755C : F5A0F47E;
755D : F700FA74;
755E : FFF10399;
755F : 04B70400;
7560 : 042D02DC;
7561 : 0081FE8C;
7562 : FF80FE37;
7563 : FCB5FBE2;
7564 : F7FEFB87;
7565 : FF7AFEC4;
7566 : FE8EFCB5;
7567 : FC00FC93;
7568 : FCD3F942;
7569 : F729F7F6;
756A : F615F301;
756B : F322F60F;
756C : F90FFE50;
756D : FFD8FEA7;
756E : FCC3FBB3;
756F : FAA2FB03;
7570 : FDA1FDC5;
7571 : FEE4FDFC;
7572 : F8F4F708;
7573 : F7EFFC43;
7574 : FE5900F1;
7575 : 032F0170;
7576 : 050C050B;
7577 : 02BE067B;
7578 : 064305DA;
7579 : 04270660;
757A : 0A1F0C01;
757B : 0F5B0D40;
757C : 0C850B20;
757D : 09C50AB3;
757E : 091A09C3;
757F : 0B740845;
7580 : 03740069;
7581 : FF3AFE3A;
7582 : FDAA0091;
7583 : 030EFF07;
7584 : FB55FB67;
7585 : FD7FFA6B;
7586 : FB15FB62;
7587 : F574F2BE;
7588 : F47BF6BA;
7589 : F62AF8E0;
758A : FC55F8BA;
758B : F778F88F;
758C : F837F68A;
758D : F75EF7D6;
758E : F6C4F4DA;
758F : F5E4F632;
7590 : F6C6FB69;
7591 : FA19FD64;
7592 : FE40FC4C;
7593 : FCD8FCEA;
7594 : 01B904F6;
7595 : 086B0619;
7596 : 068C0BF1;
7597 : 0A7B0AAF;
7598 : 0F4F14A6;
7599 : 14111256;
759A : 10671085;
759B : 10FF1434;
759C : 14EE0E58;
759D : 0D2D0E0D;
759E : 0FBF0DCB;
759F : 104D157A;
75A0 : 131113BD;
75A1 : 11861260;
75A2 : 12631085;
75A3 : 0F8A0ACA;
75A4 : 07600585;
75A5 : 053C05A3;
75A6 : 07E10D4D;
75A7 : 0B270741;
75A8 : 05C0020F;
75A9 : FDA8FEC2;
75AA : 000BFEB2;
75AB : FA8FF811;
75AC : FA9CF962;
75AD : F726F8E6;
75AE : FAB0F92F;
75AF : F866FAFD;
75B0 : F8ADF86F;
75B1 : FD3EFC40;
75B2 : F994F8EB;
75B3 : FB53FAAB;
75B4 : F7F3FCD3;
75B5 : 057C0625;
75B6 : 053B049E;
75B7 : 064904AF;
75B8 : 021402AF;
75B9 : 02F3027F;
75BA : FE49FCC6;
75BB : FF1AFA67;
75BC : F897FD6D;
75BD : FE78F8F5;
75BE : F337F4D4;
75BF : F691F3C8;
75C0 : F0CDECD9;
75C1 : E972E7BA;
75C2 : EADFED6D;
75C3 : EE0EF2DC;
75C4 : F0A6EC85;
75C5 : EE2AF0F9;
75C6 : F006F02A;
75C7 : F134EF6E;
75C8 : EB66E99D;
75C9 : ED2FEF17;
75CA : F05FF3D9;
75CB : F9D7F8F7;
75CC : F645F978;
75CD : F80DF979;
75CE : FCCEFBBC;
75CF : FB11FB05;
75D0 : FD44FF82;
75D1 : 03560713;
75D2 : 075106F5;
75D3 : 06A004CA;
75D4 : 01BBFE1A;
75D5 : FCEBFBC4;
75D6 : F994FD20;
75D7 : FCF4FA38;
75D8 : FC7FFDBA;
75D9 : FEC5FD1E;
75DA : FC63FCE5;
75DB : FA60FAA6;
75DC : FD750279;
75DD : FD94F91C;
75DE : FB04F95A;
75DF : F901FB06;
75E0 : FEE2004F;
75E1 : 023004D0;
75E2 : 048E012E;
75E3 : 0048021E;
75E4 : 00B8FED1;
75E5 : FF9901A0;
75E6 : 027B088D;
75E7 : 0B4D0BF1;
75E8 : 0E6807FC;
75E9 : 037405D4;
75EA : 0A650C9A;
75EB : 0CEF0AF3;
75EC : 09E20DC0;
75ED : 0F6C10C0;
75EE : 161C1AB9;
75EF : 1A3B1A38;
75F0 : 187916A9;
75F1 : 16921716;
75F2 : 19F119E8;
75F3 : 194B1A3D;
75F4 : 14050E78;
75F5 : 1327194A;
75F6 : 15EE1381;
75F7 : 15061280;
75F8 : 0F9A0EBA;
75F9 : 0F470E7C;
75FA : 0A9C0858;
75FB : 0708037A;
75FC : 03BC0847;
75FD : 08FA057D;
75FE : 0381020A;
75FF : FE2AFAE3;
7600 : F737F47A;
7601 : F1F6EF64;
7602 : F431F2DA;
7603 : F0FAF457;
7604 : F54BF3B0;
7605 : F283F33F;
7606 : F167F309;
7607 : F66FF801;
7608 : F737F36F;
7609 : F239F2BB;
760A : F20EF67B;
760B : FED8FD8D;
760C : FAA3FBD8;
760D : FB00F971;
760E : FB8EFCC9;
760F : FA68F879;
7610 : F7CEF936;
7611 : F786F490;
7612 : F85FFC14;
7613 : FBC6FB8D;
7614 : F865F2AF;
7615 : F510FA62;
7616 : F7EFF428;
7617 : F5B3F637;
7618 : F3EFF269;
7619 : F4B0F939;
761A : F91BF9A8;
761B : FBB9F8A0;
761C : F8BDFDEC;
761D : FB91F67D;
761E : F4ADF659;
761F : F81CF6AD;
7620 : F747F90A;
7621 : FC9AFD2E;
7622 : FC9CFC4E;
7623 : FAE400BB;
7624 : 04870192;
7625 : 00380106;
7626 : 01FC0252;
7627 : 03140784;
7628 : 0AFB0B95;
7629 : 0B150A51;
762A : 075B054E;
762B : 08030712;
762C : 01ADFEBE;
762D : FE8AFFD2;
762E : 0012FFE6;
762F : 02FF0642;
7630 : 053300CB;
7631 : FCCEF9AD;
7632 : FCE201A1;
7633 : FD17F85A;
7634 : F763F535;
7635 : F49DF620;
7636 : F733F905;
7637 : FB91FC81;
7638 : FB42F872;
7639 : F873FCDC;
763A : FCD1F9E9;
763B : FD23FFE7;
763C : FCFDFF5D;
763D : 050B080E;
763E : 09CE08FB;
763F : 069703B1;
7640 : 05310C39;
7641 : 0DBF0899;
7642 : 08600D25;
7643 : 0E120C5E;
7644 : 0F8011D8;
7645 : 13BD172B;
7646 : 161B1386;
7647 : 0FD71104;
7648 : 146211AE;
7649 : 0C5E0C5C;
764A : 0D550981;
764B : 09150D74;
764C : 0D4B0DEB;
764D : 0C7A062F;
764E : 02AA02AE;
764F : 06930760;
7650 : 03F3010A;
7651 : 01A8FEC9;
7652 : FB98FE38;
7653 : FFF0FE98;
7654 : FEABFBCC;
7655 : F84EF9FA;
7656 : FAC9FA0B;
7657 : F5EEF1BB;
7658 : F3A4F361;
7659 : F2B9F567;
765A : F9F3FA5C;
765B : F9E9F875;
765C : F38CF380;
765D : F7A4FBE9;
765E : FBA6F904;
765F : F68BF732;
7660 : F7FBFB39;
7661 : FE2AFD6B;
7662 : 003300E2;
7663 : FF1FFE84;
7664 : 00F8035F;
7665 : 02B7031D;
7666 : 0121016D;
7667 : 02D702D0;
7668 : 047D03F1;
7669 : 03EE05CD;
766A : 034FFEF3;
766B : FDADFFD5;
766C : FFF30070;
766D : 015FFE66;
766E : FD7CFD85;
766F : FBA6FBCB;
7670 : FC02FB20;
7671 : FB0AF460;
7672 : F3D7F57B;
7673 : F4C3F1D3;
7674 : EFF0F27A;
7675 : F18DF03C;
7676 : EE10EF06;
7677 : F207F23E;
7678 : F344F356;
7679 : F04DF1F7;
767A : F59EF924;
767B : FFA6FF3B;
767C : FE490146;
767D : 0292045A;
767E : 03B1040E;
767F : 01EC035D;
7680 : 047E0437;
7681 : 06B504C2;
7682 : 018D0389;
7683 : 034C0013;
7684 : 00400024;
7685 : 00AD0282;
7686 : 02F7FF56;
7687 : FC5CF9A2;
7688 : F966FE4D;
7689 : FF3EFEE3;
768A : 00D5FD7F;
768B : FA3EFCCD;
768C : FCB2FB78;
768D : FC05FCC5;
768E : FD67FDDB;
768F : FF530090;
7690 : 020EFFD5;
7691 : 02F30513;
7692 : 01D802C2;
7693 : 04640588;
7694 : 080C07FF;
7695 : 0760051F;
7696 : 0208043A;
7697 : 09100BE0;
7698 : 0BC20CD1;
7699 : 0AEE082F;
769A : 0ADE0CCF;
769B : 0D8F100C;
769C : 102F10DB;
769D : 0F330F98;
769E : 10710F1E;
769F : 0E95106F;
76A0 : 12540FBE;
76A1 : 0E390DDA;
76A2 : 0CDB0EAE;
76A3 : 0F4F0B41;
76A4 : 07210784;
76A5 : 0839099C;
76A6 : 0B950BC3;
76A7 : 0C76089B;
76A8 : 04C4050A;
76A9 : 06610556;
76AA : 0481010F;
76AB : FDEDFF41;
76AC : FCF4FAA8;
76AD : FAFCFA56;
76AE : F934F564;
76AF : F18BF079;
76B0 : F1BDF29D;
76B1 : F4C7F587;
76B2 : F1D5F0D6;
76B3 : F260F2B8;
76B4 : F5DAF686;
76B5 : F6FFF779;
76B6 : F36DF539;
76B7 : FA65F903;
76B8 : F917FAF4;
76B9 : F8B3F870;
76BA : FC6EFEB6;
76BB : FC3E0015;
76BC : 0235022B;
76BD : 008BFF12;
76BE : 007E006E;
76BF : FF7DFED1;
76C0 : FC61F7B5;
76C1 : F6CDF888;
76C2 : F95AF85C;
76C3 : F7DDFB64;
76C4 : FA37F45A;
76C5 : F213F509;
76C6 : F5BAF282;
76C7 : F4E3F3CB;
76C8 : F04EF1C1;
76C9 : F465F37C;
76CA : F29AF2FB;
76CB : F27BF2FF;
76CC : F36EF484;
76CD : F7D5FA0C;
76CE : FB25F8BE;
76CF : F488F2E1;
76D0 : F788FBA8;
76D1 : FD78FE84;
76D2 : FE21FFB0;
76D3 : FFB0FFE5;
76D4 : 01DE0157;
76D5 : FEE2018C;
76D6 : 02B300C6;
76D7 : 044B057E;
76D8 : 02BD0288;
76D9 : 04B002AC;
76DA : FC8BFCDA;
76DB : FF7B0204;
76DC : 01170296;
76DD : 0092FAF1;
76DE : FD860284;
76DF : 01E2FF9F;
76E0 : 00EBFF54;
76E1 : FE6A00EC;
76E2 : 036004C4;
76E3 : 02E70121;
76E4 : FFD7FD50;
76E5 : FC81FE10;
76E6 : 0074FFED;
76E7 : 032105D7;
76E8 : 045D0284;
76E9 : 03D9048A;
76EA : 03A603DF;
76EB : 03B0041C;
76EC : 04910768;
76ED : 0A980999;
76EE : 09150ADF;
76EF : 0AA40725;
76F0 : 0B2610B6;
76F1 : 0FEC0FF9;
76F2 : 10350EB8;
76F3 : 0C920EE1;
76F4 : 122D122A;
76F5 : 0E7610BD;
76F6 : 14DA11D0;
76F7 : 11DD1398;
76F8 : 120011A8;
76F9 : 10920BF6;
76FA : 0A060C87;
76FB : 0A4D0AC4;
76FC : 0B1E09C4;
76FD : 0ACB0976;
76FE : 0AB30D45;
76FF : 0BA006FE;
7700 : 059B0343;
7701 : 00DB00D8;
7702 : 00850258;
7703 : 00ACFDB6;
7704 : 0072FF16;
7705 : F773F6A7;
7706 : F9EDF78A;
7707 : F9B5FBCA;
7708 : FA5CF91C;
7709 : F9B5FCF0;
770A : FC0DFA39;
770B : FA37FAB4;
770C : F858FA8D;
770D : FF53FC66;
770E : F9D2F9C6;
770F : FAEDFBB0;
7710 : FBC4FCC7;
7711 : FD50FB64;
7712 : FAC6FE57;
7713 : FD55FC6F;
7714 : FD83FCE3;
7715 : FBA8FC06;
7716 : FB95F692;
7717 : F48EF511;
7718 : F538F504;
7719 : F4C5F5E1;
771A : F3F4F3F3;
771B : F53AF554;
771C : F4BAF459;
771D : F5A5F394;
771E : F1B3F276;
771F : F603F52C;
7720 : F1C7F123;
7721 : F378F515;
7722 : F343F592;
7723 : F7FDF73A;
7724 : F5FBF575;
7725 : F4C7F4D7;
7726 : F8C5FA9F;
7727 : FC9DFD2B;
7728 : FA2CF9BD;
7729 : FB4AFEAE;
772A : FF51FE8E;
772B : FDCEFE32;
772C : FCD9FCD5;
772D : 00D602E3;
772E : 044603C9;
772F : 01FF00CB;
7730 : 00F800C6;
7731 : 01620110;
7732 : FBA5FAD1;
7733 : FBFCFA57;
7734 : F9E2FA98;
7735 : FC85FCCD;
7736 : FCA0FA75;
7737 : F875F8DE;
7738 : FBF9FE1B;
7739 : FAF0FA49;
773A : FB65FA33;
773B : FA37FD4F;
773C : FDBAFD0B;
773D : 00E402CD;
773E : 043C0465;
773F : 05FE07F9;
7740 : 0843093F;
7741 : 0A0E0A87;
7742 : 091D0D0F;
7743 : 0F6B0EAA;
7744 : 11A8136A;
7745 : 112F0FE3;
7746 : 13931559;
7747 : 12471129;
7748 : 146715B3;
7749 : 124D1452;
774A : 182016A7;
774B : 133E1451;
774C : 13580FB7;
774D : 0FDE103D;
774E : 1242106C;
774F : 0D210BE8;
7750 : 080704BC;
7751 : 0542062E;
7752 : 03A30173;
7753 : 025802E7;
7754 : 04B705BB;
7755 : 050E02C8;
7756 : 00A8FD63;
7757 : FA5BFA03;
7758 : FDE000D2;
7759 : FD7EFD72;
775A : FE48FBE4;
775B : F8E2F88B;
775C : FA3FF8E4;
775D : F8CCF84D;
775E : F670F365;
775F : F4A3F94F;
7760 : F891F56D;
7761 : F406F495;
7762 : F359F5B3;
7763 : F8D2F86A;
7764 : F790FA1B;
7765 : FAA6F6DE;
7766 : F833FCCC;
7767 : FE32FBEB;
7768 : FAB2FDF0;
7769 : FFA100D6;
776A : 02F00453;
776B : 02C00062;
776C : FFC3FCCE;
776D : FB6AFDF6;
776E : 0079FEF9;
776F : FD82FF5D;
7770 : 0194FFCB;
7771 : FB83F8F0;
7772 : F639F6B6;
7773 : F9CFF73A;
7774 : F614F931;
7775 : FB35F7BB;
7776 : F4B8F45C;
7777 : F41CF50C;
7778 : F656F9F6;
7779 : FC16FB62;
777A : F9A8F93E;
777B : F7BAF881;
777C : FCABFBB2;
777D : F9B5FA37;
777E : FDA600C4;
777F : 01C2038B;
7780 : 05200532;
7781 : 04430553;
7782 : 04AA06D6;
7783 : 0B480BF2;
7784 : 09BC08E4;
7785 : 067A0328;
7786 : 05D70975;
7787 : 094106B5;
7788 : 0253FFA7;
7789 : FDFAFA67;
778A : FAF8FF32;
778B : FF30FCA4;
778C : FAEDF816;
778D : F7DDF9A9;
778E : FBA8FC88;
778F : FCADFDD1;
7790 : FDE6FC04;
7791 : FC43FFD1;
7792 : FDC2F842;
7793 : F961FA75;
7794 : FAEDFE4C;
7795 : 02AF0448;
7796 : 04A50549;
7797 : 077B08A4;
7798 : 054805FE;
7799 : 08B108ED;
779A : 09AB0BFB;
779B : 098B07BA;
779C : 09E10AEA;
779D : 0CA90B3D;
779E : 07B10529;
779F : 05500946;
77A0 : 0CD80E89;
77A1 : 0E740E04;
77A2 : 0AF40941;
77A3 : 0CC50E04;
77A4 : 0AA30A04;
77A5 : 09E709A1;
77A6 : 0806026A;
77A7 : 0182012D;
77A8 : FE08FDCE;
77A9 : FD6AFAF6;
77AA : FC240074;
77AB : 01D9FF62;
77AC : FDE9FBC4;
77AD : FC41FFA1;
77AE : 0047FF59;
77AF : FC71FB27;
77B0 : FC27F9D1;
77B1 : F909FDD2;
77B2 : FFB6FD34;
77B3 : FAB4F9C5;
77B4 : FA66F930;
77B5 : F858F9D7;
77B6 : FBB7FB1D;
77B7 : FCDAFEA3;
77B8 : FAEEFB8E;
77B9 : FE7DFEC0;
77BA : FD15FCAE;
77BB : FC98FE58;
77BC : 01C00207;
77BD : 01210087;
77BE : FFB7FCDD;
77BF : FA25FC4A;
77C0 : 03100537;
77C1 : 036003FF;
77C2 : 03BF02D2;
77C3 : 00C0FDE3;
77C4 : FC6FFC90;
77C5 : FDBEFCFD;
77C6 : F9EEF708;
77C7 : F8D9FB49;
77C8 : F807F44A;
77C9 : F4D3F677;
77CA : F8B9F9D8;
77CB : F80CF65D;
77CC : F75BF7F4;
77CD : F7CAF91F;
77CE : FB8EFE00;
77CF : FC50F92B;
77D0 : F920FB95;
77D1 : FD47FDF2;
77D2 : FC75FB8B;
77D3 : FB7BFB34;
77D4 : FA13F894;
77D5 : FB4BFDB2;
77D6 : FFB5FF79;
77D7 : FDDCFE7E;
77D8 : FD64FF41;
77D9 : 020201F2;
77DA : 01D70264;
77DB : 018FFFF5;
77DC : 009104FD;
77DD : 0703024B;
77DE : FDE9FD06;
77DF : FE8DFCA2;
77E0 : FC30FDC7;
77E1 : FB8EFAAF;
77E2 : FA9BF90D;
77E3 : F6F5F6E5;
77E4 : F9D6FA1B;
77E5 : F70EF60F;
77E6 : F8ABFB9F;
77E7 : FD4DFDFE;
77E8 : FC4CFB45;
77E9 : FC70FB6A;
77EA : FAE9FDCA;
77EB : 00AD026E;
77EC : 03D6054E;
77ED : 087D0A98;
77EE : 0B150B92;
77EF : 0B4C0A72;
77F0 : 0A5F0C22;
77F1 : 0AC10E03;
77F2 : 14491608;
77F3 : 13520D2A;
77F4 : 0A380BAB;
77F5 : 0DF71016;
77F6 : 129D132D;
77F7 : 10DD0E8F;
77F8 : 0E71109B;
77F9 : 129C1201;
77FA : 101910DD;
77FB : 1119110A;
77FC : 10900CD3;
77FD : 0B4209DB;
77FE : 0675023A;
77FF : FFF0FD1F;
7800 : FC7D0029;
7801 : 01D601BF;
7802 : FFFDFEE8;
7803 : FFCA007E;
7804 : 018F018C;
7805 : FEFDFBFD;
7806 : FBE5FED5;
7807 : 00A70216;
7808 : 024F0132;
7809 : 011CFF65;
780A : FCB6FCAF;
780B : FD70FE7D;
780C : FF32FC72;
780D : FB9DFC54;
780E : FC8BFCBC;
780F : FD45FDB9;
7810 : FA0EF80D;
7811 : F7ABF8AD;
7812 : FA2EFA6C;
7813 : F9A6F76B;
7814 : F669F8E9;
7815 : FAF9F9B2;
7816 : FA40FB81;
7817 : FBA2FB55;
7818 : FAEEFAA8;
7819 : FA85FBF0;
781A : F9AEF4CC;
781B : F1D1F25C;
781C : F4E9F477;
781D : F5D1F6E6;
781E : F50FF2CA;
781F : F229F339;
7820 : F346F2FA;
7821 : F1E9F126;
7822 : F1F2F1EE;
7823 : F313F49D;
7824 : F489F534;
7825 : F4ACF310;
7826 : F3D2F4B0;
7827 : F606F9E0;
7828 : FBCDFA62;
7829 : F721F638;
782A : F6F4F84F;
782B : F86AF943;
782C : FD60FDCC;
782D : FED60202;
782E : 01B100B3;
782F : 02930296;
7830 : FF61FF87;
7831 : 0196054C;
7832 : 07D60748;
7833 : 09030931;
7834 : 05BB03C4;
7835 : 038200CB;
7836 : 00C6023C;
7837 : FEF2FCAC;
7838 : FCB9FC87;
7839 : FA46F930;
783A : F9AFFBD4;
783B : FBF6FAFC;
783C : FC6CFADE;
783D : FB4BFFFC;
783E : FF42FBEC;
783F : FCD8FDDB;
7840 : FCFEFD9B;
7841 : 0018024A;
7842 : 02E903AE;
7843 : 070509B2;
7844 : 0B7C0E17;
7845 : 0EB80A6C;
7846 : 0B1E1017;
7847 : 11F313F3;
7848 : 14901506;
7849 : 135310C8;
784A : 105310FC;
784B : 1137140B;
784C : 18301529;
784D : 128B15F8;
784E : 16DF165B;
784F : 1727185B;
7850 : 174D133B;
7851 : 0F540E4D;
7852 : 0DFE0E57;
7853 : 11AF0F5B;
7854 : 089D0699;
7855 : 061E0042;
7856 : FDB5FEC6;
7857 : FD08FC01;
7858 : FCCFFE26;
7859 : FCCAFC06;
785A : FEB3FDC0;
785B : F7EEF70E;
785C : FA7BF8FF;
785D : F7BDFB72;
785E : FD1CFC15;
785F : FC69FDDE;
7860 : FC07FA57;
7861 : FB90FDA9;
7862 : FBC4FA62;
7863 : FF8E00CE;
7864 : FDF2FD6D;
7865 : FE5DFCF3;
7866 : FBDAFCDD;
7867 : FD74FD32;
7868 : FE3E0024;
7869 : FC43F6E5;
786A : F9B1FD48;
786B : FBD3FCAB;
786C : FF5EFD97;
786D : FA3CFAFE;
786E : FA5FF71D;
786F : F6A9FA84;
7870 : F9D0F558;
7871 : F465F681;
7872 : F179ECC5;
7873 : F26EF629;
7874 : F4D7F464;
7875 : F66CF484;
7876 : F156F264;
7877 : F2FFF139;
7878 : F2BBF6D8;
7879 : F778F561;
787A : F4BCF500;
787B : F3C1F2FA;
787C : F666F76D;
787D : F5AEF80E;
787E : FA3CF954;
787F : F97CFC1E;
7880 : FCFAFBC2;
7881 : FC46FD67;
7882 : FBD5F869;
7883 : FB53005A;
7884 : 006500DB;
7885 : 055D0549;
7886 : 00F702DE;
7887 : 0482025E;
7888 : 02B4062B;
7889 : 066804A7;
788A : 041C03D1;
788B : 01F5003E;
788C : 027E02A3;
788D : FF7CFF06;
788E : 029A02CA;
788F : 002A008C;
7890 : FFBBFE9F;
7891 : FC17FB16;
7892 : FAB2F7D4;
7893 : F99EFD49;
7894 : FCC5FCB9;
7895 : FB76F8DA;
7896 : F7D0FAD4;
7897 : FBCAFA5F;
7898 : FBF7FF0F;
7899 : 012F0002;
789A : 01820612;
789B : 06D30687;
789C : 092D0804;
789D : 070E0AE2;
789E : 0DD50DEB;
789F : 0E110EFE;
78A0 : 0FF40F40;
78A1 : 0DA70ED9;
78A2 : 118C0EFF;
78A3 : 0DC20F4C;
78A4 : 106615A2;
78A5 : 17131487;
78A6 : 14E2142C;
78A7 : 0F6E0D21;
78A8 : 0D9D0EF5;
78A9 : 0E800B72;
78AA : 0A5B0A36;
78AB : 09100510;
78AC : 05720377;
78AD : 007501E9;
78AE : FF5DFBC9;
78AF : FBF4FD6B;
78B0 : FE7F0054;
78B1 : FC91F910;
78B2 : F89DF74B;
78B3 : F80DFB18;
78B4 : FB4BFC1C;
78B5 : FBC3FA48;
78B6 : FB03FAC8;
78B7 : F8BDF7DA;
78B8 : F894F843;
78B9 : F793F5D5;
78BA : F884FD9A;
78BB : FEB5FE6A;
78BC : 009BFFE7;
78BD : FC5BFBE0;
78BE : FCCFFFDF;
78BF : 01B30237;
78C0 : 00D0004C;
78C1 : 029804B7;
78C2 : 06B90444;
78C3 : 033303F1;
78C4 : 01EC008D;
78C5 : 0038004A;
78C6 : 015000A5;
78C7 : FDEBFBE9;
78C8 : F8DEF85A;
78C9 : FB32FC7C;
78CA : FC95FB40;
78CB : F839F5A3;
78CC : F686F842;
78CD : F9E2F9F5;
78CE : F7F5F752;
78CF : F646F585;
78D0 : F882FA9F;
78D1 : FB18FC20;
78D2 : FA9AF6DB;
78D3 : F82DFAA7;
78D4 : FA96FDB3;
78D5 : FE19FDF1;
78D6 : FDBEFC8D;
78D7 : FE390160;
78D8 : FF47FD03;
78D9 : FC89FA9E;
78DA : FC18FDA6;
78DB : FE7CFED1;
78DC : FFD90025;
78DD : FF30FEBD;
78DE : FF5A01B9;
78DF : 02CA0231;
78E0 : 02640048;
78E1 : FECFFFD6;
78E2 : FE99FC12;
78E3 : FA49FB99;
78E4 : F9F8F84F;
78E5 : F942F9DF;
78E6 : FC27FBAD;
78E7 : FA78F9C2;
78E8 : F5F3F482;
78E9 : F8E3FAD5;
78EA : F9A9F979;
78EB : F75DF68B;
78EC : F6EBF6B6;
78ED : F843FABB;
78EE : FCFCFE98;
78EF : FE05FD74;
78F0 : 01DE04D3;
78F1 : 04F205FD;
78F2 : 06810636;
78F3 : 08390879;
78F4 : 08A70BFE;
78F5 : 0BC40C9E;
78F6 : 0DC10D3A;
78F7 : 0D521019;
78F8 : 0E880D7B;
78F9 : 0FDB0DD7;
78FA : 0C770C51;
78FB : 0DFD1165;
78FC : 152C1287;
78FD : 0FF20F51;
78FE : 0FF01088;
78FF : 0EA90E40;
7900 : 0FD01118;
7901 : 0B2B06D3;
7902 : 06A80720;
7903 : 06AD052B;
7904 : 02D60085;
7905 : 014F02AF;
7906 : 02D9019E;
7907 : 0224022D;
7908 : FCF6F792;
7909 : F970FE8A;
790A : 007C0116;
790B : FEECFDB1;
790C : FFF7018B;
790D : 031F024D;
790E : 013501F2;
790F : 011FFD81;
7910 : FBC0FEB8;
7911 : 022B03BE;
7912 : 03D8021F;
7913 : FEB0FF59;
7914 : FF4B007B;
7915 : 01140094;
7916 : 007EFAF2;
7917 : F90DFCB3;
7918 : FF75FF75;
7919 : 0095FFDB;
791A : FC67FBCA;
791B : FCA9FB34;
791C : F8A0F872;
791D : F850F64B;
791E : F161F14B;
791F : F5CCF611;
7920 : F6D8F626;
7921 : F488F3C6;
7922 : F4DFF510;
7923 : F43EF3E1;
7924 : F158EF8F;
7925 : ED14EC0A;
7926 : EFB8F39A;
7927 : F4DFF3F7;
7928 : F3CEF2ED;
7929 : F47CF6BD;
792A : F566F70A;
792B : FA40FB02;
792C : F7C1F674;
792D : F9C8FC24;
792E : FDC8FF47;
792F : FFADFBFC;
7930 : FC0CFF9F;
7931 : 00590096;
7932 : 012C0163;
7933 : FCFDF9AB;
7934 : FA0DFF27;
7935 : 03DB025D;
7936 : 00FE01F2;
7937 : 014201E7;
7938 : 02B00131;
7939 : FF4CFE8D;
793A : FE90FBC3;
793B : FAD5FC4D;
793C : FDB0FDC9;
793D : FC56FBFB;
793E : FBA7FDF7;
793F : 008C0011;
7940 : FF6BFF30;
7941 : FD87FA14;
7942 : FA17FE59;
7943 : 017E0274;
7944 : 02CB03AD;
7945 : 047E06BE;
7946 : 0D61108E;
7947 : 0FC311B2;
7948 : 13DE12C2;
7949 : 10E71274;
794A : 16DB1A51;
794B : 18DD16B9;
794C : 17B117AF;
794D : 18511905;
794E : 177E1594;
794F : 16FA1553;
7950 : 10A010D7;
7951 : 11BB1402;
7952 : 16CE14B4;
7953 : 118C10BC;
7954 : 107C1093;
7955 : 0F1C0CF0;
7956 : 0B9E0C48;
7957 : 08E30585;
7958 : 056704E7;
7959 : 043102B7;
795A : 007DFE4E;
795B : FF95FFCD;
795C : FD36F93A;
795D : F7DCF8FF;
795E : F6D1F403;
795F : F3C8F501;
7960 : F6A3F65A;
7961 : F4DAF50F;
7962 : F629F848;
7963 : F9B8F962;
7964 : F830F9D5;
7965 : F984F5A0;
7966 : F55FF6D3;
7967 : F743F9EC;
7968 : FA9BF742;
7969 : F6B4F61A;
796A : F532F70C;
796B : F87BFAE9;
796C : FCB0F6B8;
796D : F207F454;
796E : F69BF5AF;
796F : F8E0FADE;
7970 : F949FA9D;
7971 : FB66FC3E;
7972 : FCA2FA14;
7973 : F89DF8B5;
7974 : F6CEF564;
7975 : F763F86C;
7976 : F9DCFB12;
7977 : F8D1F854;
7978 : F8B9F87A;
7979 : F87EF765;
797A : F60AF40B;
797B : F167F029;
797C : F042EFA3;
797D : EFF7F390;
797E : F3FDF271;
797F : F51FF7D7;
7980 : F9E1FB36;
7981 : FACBFC64;
7982 : FD70FD0F;
7983 : FED50126;
7984 : 024003DC;
7985 : 05890440;
7986 : 046E066D;
7987 : 0743081D;
7988 : 08570659;
7989 : 03590293;
798A : 02430455;
798B : 05050646;
798C : 08CB072B;
798D : 06E30788;
798E : 078106A7;
798F : 065906B1;
7990 : 05A7042B;
7991 : 005BFE17;
7992 : FF4FFFD0;
7993 : FFE60070;
7994 : FFB2FF4B;
7995 : FEC4FE0D;
7996 : FF7BFF31;
7997 : FCDCF989;
7998 : F86EF915;
7999 : F980FA01;
799A : F953FB2C;
799B : FBC6FBD9;
799C : FED800F3;
799D : 00EE014E;
799E : 03820494;
799F : 0472044F;
79A0 : 04EA071E;
79A1 : 09A10AAC;
79A2 : 0BD20C57;
79A3 : 0B9F0D4F;
79A4 : 0E3B0D10;
79A5 : 0CF70C6A;
79A6 : 0B150A23;
79A7 : 0B7B0C05;
79A8 : 0C8A0CC4;
79A9 : 0B320ADD;
79AA : 0C380C9C;
79AB : 0C7C0C67;
79AC : 0A3207D7;
79AD : 04C203C8;
79AE : 0323025F;
79AF : 03DA0469;
79B0 : 033301ED;
79B1 : 023B0347;
79B2 : 026E0288;
79B3 : 01D2019D;
79B4 : 0181FEAD;
79B5 : FDA1FCB0;
79B6 : FBA1FB12;
79B7 : FA09FACB;
79B8 : FCC4FED2;
79B9 : FF83FEC9;
79BA : FE1DFD0E;
79BB : FE51FF78;
79BC : FF48FF50;
79BD : FDAAFE42;
79BE : FF4AFDFC;
79BF : FECE0071;
79C0 : 0169013A;
79C1 : 01C701B0;
79C2 : 00F1001D;
79C3 : FE63FDEF;
79C4 : 000AFFB1;
79C5 : 003A01AF;
79C6 : 01D703C0;
79C7 : 03DC02D3;
79C8 : 00ADFE42;
79C9 : FDCEFCDE;
79CA : FCE0FE05;
79CB : FF4CFE03;
79CC : FB79FBFE;
79CD : FC77FA81;
79CE : FAB1FC02;
79CF : FD41FEA9;
79D0 : FCE1FCD8;
79D1 : FB92F9BE;
79D2 : F7DCF603;
79D3 : F5E2F612;
79D4 : F795F7FB;
79D5 : F726F610;
79D6 : F591F4E5;
79D7 : F51DF5CB;
79D8 : F857F9A7;
79D9 : F8E5F955;
79DA : F838F859;
79DB : F944F938;
79DC : F942F941;
79DD : FB17FAFC;
79DE : F9EDF9AA;
79DF : F8AEF7AB;
79E0 : F603F77B;
79E1 : F8B7F761;
79E2 : F71AF774;
79E3 : F9B0FBEE;
79E4 : FCEDFC57;
79E5 : FAFFFAAB;
79E6 : F9ECFA31;
79E7 : FBBCFB1C;
79E8 : FA7FF919;
79E9 : F64BF5D5;
79EA : F6CAFA1F;
79EB : FAA6FA2C;
79EC : FAEEF9EF;
79ED : F9F9F7B1;
79EE : F63BF707;
79EF : F7DFF898;
79F0 : F6FBF8B3;
79F1 : FCCC0033;
79F2 : 02FB038F;
79F3 : 0336048B;
79F4 : 06120805;
79F5 : 09260AD1;
79F6 : 0DAD0C99;
79F7 : 0B6F0B66;
79F8 : 0E4C101A;
79F9 : 103412BF;
79FA : 13FE152B;
79FB : 161A158B;
79FC : 154914E7;
79FD : 13E71283;
79FE : 115D10B6;
79FF : 10781122;
7A00 : 120A123D;
7A01 : 12A11054;
7A02 : 0DA40D25;
7A03 : 0C2C0D1E;
7A04 : 0E390E66;
7A05 : 0CCE09F1;
7A06 : 084806C9;
7A07 : 0646080B;
7A08 : 097809CB;
7A09 : 072A04EB;
7A0A : 03BC007C;
7A0B : 00380013;
7A0C : 0069FEEF;
7A0D : FC6BFD7C;
7A0E : FEBD0053;
7A0F : 00F2FF60;
7A10 : FE90FF11;
7A11 : 003400A3;
7A12 : 01B703B4;
7A13 : 01F8FF99;
7A14 : FDDFFB30;
7A15 : FB94FB64;
7A16 : FC2EFD47;
7A17 : FDA7FDFF;
7A18 : FD15FB2D;
7A19 : F908F97E;
7A1A : FA2DF850;
7A1B : F732F805;
7A1C : F9ADFC66;
7A1D : FD1EFC1A;
7A1E : F950F497;
7A1F : F327F430;
7A20 : F5BFF786;
7A21 : F801F6CF;
7A22 : F317F237;
7A23 : F382F44C;
7A24 : F4D1F346;
7A25 : F3E3F483;
7A26 : F467F52E;
7A27 : F3C3F26E;
7A28 : F089EE94;
7A29 : ED38ED26;
7A2A : EE63F05A;
7A2B : F2FFF53A;
7A2C : F622F63E;
7A2D : F68CF75B;
7A2E : FAD0FC96;
7A2F : FECC0072;
7A30 : FF4FFEDC;
7A31 : FF0FFFF2;
7A32 : 019B03C6;
7A33 : 042A03BC;
7A34 : 03DD0508;
7A35 : 064006BA;
7A36 : 05CA0347;
7A37 : 01CDFECA;
7A38 : FE2AFF3F;
7A39 : 01320404;
7A3A : 0371023F;
7A3B : 0184019C;
7A3C : 01CA02DB;
7A3D : 047704D4;
7A3E : 031D0091;
7A3F : FE02FD05;
7A40 : FD47FE1B;
7A41 : FFE2FFDC;
7A42 : FFBC0134;
7A43 : 02A6037E;
7A44 : 025E01C9;
7A45 : 021F003E;
7A46 : FE15FE84;
7A47 : 0161043E;
7A48 : 07E709C0;
7A49 : 07E40692;
7A4A : 06D307F9;
7A4B : 09F40B98;
7A4C : 0C890CB9;
7A4D : 0B350A5D;
7A4E : 0B790D32;
7A4F : 0E2E0DFA;
7A50 : 0D770D7C;
7A51 : 10A81262;
7A52 : 137C1401;
7A53 : 1283104E;
7A54 : 0D9C0BDB;
7A55 : 0B860CE4;
7A56 : 0DFF0E4E;
7A57 : 0E120CDD;
7A58 : 09E10793;
7A59 : 0636061D;
7A5A : 07AF0769;
7A5B : 05F6030F;
7A5C : 020A0257;
7A5D : 014A0161;
7A5E : 0108FEF2;
7A5F : FBFDFA1C;
7A60 : F956F896;
7A61 : F801F55D;
7A62 : F126EF58;
7A63 : EE41EEC1;
7A64 : F0F8F33B;
7A65 : F59DF653;
7A66 : F4E2F2E5;
7A67 : F23DF2F1;
7A68 : F5ABF7D7;
7A69 : F859F82A;
7A6A : F8CFF8AF;
7A6B : F876F942;
7A6C : FA8AFBD0;
7A6D : FAC4FB51;
7A6E : FF290206;
7A6F : 024501DF;
7A70 : FFE9FD49;
7A71 : FBDFFC32;
7A72 : FD53FE3D;
7A73 : FF3CFE7C;
7A74 : FE37FCE9;
7A75 : FBC6FB90;
7A76 : FA6CFB39;
7A77 : FC6BFD69;
7A78 : FC1FFA22;
7A79 : FAE6FCA7;
7A7A : FE5EFE73;
7A7B : FCCAFB5B;
7A7C : FA5DFB88;
7A7D : FC29FC9B;
7A7E : FDD7FC0A;
7A7F : F857F567;
7A80 : F4E6F575;
7A81 : F707F7E2;
7A82 : F787F7A7;
7A83 : F761F6F7;
7A84 : F894FBC0;
7A85 : FEC600A0;
7A86 : 003FFFF7;
7A87 : 010F020C;
7A88 : 030804D4;
7A89 : 05D00530;
7A8A : 03A50297;
7A8B : 04810703;
7A8C : 08BB0886;
7A8D : 065F03E5;
7A8E : 0279020F;
7A8F : 025E0467;
7A90 : 044F01E2;
7A91 : 006BFF76;
7A92 : FF61FF50;
7A93 : FF01FEE1;
7A94 : FEB3FEFA;
7A95 : FEC0FE63;
7A96 : FCB6FBD4;
7A97 : FCB8FB3E;
7A98 : F8A2F7B1;
7A99 : F927FB09;
7A9A : FBCAFC88;
7A9B : FC4AFA95;
7A9C : F7D9F597;
7A9D : F61FF8BA;
7A9E : FCCEFF18;
7A9F : FE46FE02;
7AA0 : FE89FE44;
7AA1 : FE3DFFEB;
7AA2 : 028F04C8;
7AA3 : 06640750;
7AA4 : 09250BE7;
7AA5 : 0E0C0EBB;
7AA6 : 0D000C1A;
7AA7 : 0D600EB3;
7AA8 : 10451240;
7AA9 : 145413F4;
7AAA : 117A0DA8;
7AAB : 0B310B87;
7AAC : 0D2E106D;
7AAD : 105E0DA9;
7AAE : 0C0B0AB2;
7AAF : 088007B4;
7AB0 : 08E2093E;
7AB1 : 085006CE;
7AB2 : 05BB0603;
7AB3 : 06BC076F;
7AB4 : 06C803F5;
7AB5 : 02120299;
7AB6 : 02F5027E;
7AB7 : 030F02AE;
7AB8 : 004BFD80;
7AB9 : FB37FA2F;
7ABA : FB7FFE11;
7ABB : FF5EFE47;
7ABC : FC08F9FB;
7ABD : F851F796;
7ABE : F8D4FCC9;
7ABF : FED6FE4D;
7AC0 : FD63FB89;
7AC1 : FAF2FC6B;
7AC2 : 000800C6;
7AC3 : FEDDFE21;
7AC4 : FF2300A9;
7AC5 : 01A10358;
7AC6 : 02EF0029;
7AC7 : FDD2FC33;
7AC8 : FC00FE30;
7AC9 : 01020366;
7ACA : 033C00F9;
7ACB : FF80FE7C;
7ACC : FDA9FEEC;
7ACD : 00E700A6;
7ACE : FF77FE23;
7ACF : FB9AFB0D;
7AD0 : FDC4FEFE;
7AD1 : FCE9F89A;
7AD2 : F669F723;
7AD3 : F735F733;
7AD4 : F75EF6AA;
7AD5 : F541F494;
7AD6 : F3CFF312;
7AD7 : F3EAF556;
7AD8 : F3B3F0A7;
7AD9 : EF48EF17;
7ADA : EEF5EEB0;
7ADB : F20DF5B9;
7ADC : F7C0F847;
7ADD : F744F793;
7ADE : F941FCFE;
7ADF : FFF2FFDA;
7AE0 : FF7BFFC0;
7AE1 : 00A000E4;
7AE2 : 01680290;
7AE3 : 011EFE81;
7AE4 : FC78FC1E;
7AE5 : FCEBFE28;
7AE6 : FE78FD3D;
7AE7 : FC91FC09;
7AE8 : FAC4F9AB;
7AE9 : FA2EFA88;
7AEA : FA4BF930;
7AEB : F8A6F94C;
7AEC : F913FA42;
7AED : FC33FC81;
7AEE : FC19FB1F;
7AEF : F8B8F817;
7AF0 : FA9EFD22;
7AF1 : FD5FFCB6;
7AF2 : FBA2FAA7;
7AF3 : FA51F98B;
7AF4 : FC80003E;
7AF5 : 01A70320;
7AF6 : 043005A6;
7AF7 : 072E0959;
7AF8 : 09A307B2;
7AF9 : 088E0994;
7AFA : 09B60998;
7AFB : 0C14103E;
7AFC : 10C810F1;
7AFD : 10730FC3;
7AFE : 102111AA;
7AFF : 13B4142B;
7B00 : 147513BA;
7B01 : 122410BC;
7B02 : 107B1218;
7B03 : 12D410A6;
7B04 : 0EB50DC6;
7B05 : 0CCF0D1F;
7B06 : 0E260DF8;
7B07 : 0C330A94;
7B08 : 09210835;
7B09 : 087309F2;
7B0A : 0AA80973;
7B0B : 07CF05B4;
7B0C : 040403C3;
7B0D : 04BC0427;
7B0E : 02190011;
7B0F : FD9AFC93;
7B10 : FB1CFA04;
7B11 : FB3BFB70;
7B12 : FB98FB09;
7B13 : F97BF8C4;
7B14 : FA11FC1B;
7B15 : FB23FB67;
7B16 : FDB2FEC6;
7B17 : FED7FF9F;
7B18 : 02AD0400;
7B19 : 02BA0150;
7B1A : FF11FD87;
7B1B : FE3CFFA1;
7B1C : FF8BFE5C;
7B1D : FE22FCD5;
7B1E : FA04F8C7;
7B1F : FA33FBEB;
7B20 : FC48FB39;
7B21 : F95BF818;
7B22 : F822F977;
7B23 : F9F1F87B;
7B24 : F63BF494;
7B25 : F28EF0EF;
7B26 : F2F8F663;
7B27 : F817F7E5;
7B28 : F63DF3EE;
7B29 : F23AF14F;
7B2A : F1ECF2A0;
7B2B : F255F297;
7B2C : F244F164;
7B2D : F22FF448;
7B2E : F4FCF51F;
7B2F : F526F3E5;
7B30 : F3DBF537;
7B31 : F6DEF82B;
7B32 : F84CF8CA;
7B33 : F96AF8C2;
7B34 : F93BFC4E;
7B35 : FECCFFF5;
7B36 : 00CD0103;
7B37 : 0142020D;
7B38 : 034103CF;
7B39 : 031B022A;
7B3A : 02B10211;
7B3B : 010D0218;
7B3C : 030D03A7;
7B3D : 02910169;
7B3E : 012900C6;
7B3F : 005400D7;
7B40 : 023E0209;
7B41 : 01C00124;
7B42 : 00660127;
7B43 : 01350064;
7B44 : FF02FD51;
7B45 : FC49FB64;
7B46 : F9FDF9F6;
7B47 : FB0AFB41;
7B48 : FB7AFB7A;
7B49 : FAA6FAAE;
7B4A : FBCDFD9B;
7B4B : FF6700AD;
7B4C : 00980155;
7B4D : 03A40552;
7B4E : 07AF0952;
7B4F : 08A6082D;
7B50 : 08D50B63;
7B51 : 0E5F10A0;
7B52 : 11D312AA;
7B53 : 13C712F1;
7B54 : 11F61181;
7B55 : 11791236;
7B56 : 122D12CC;
7B57 : 1340125B;
7B58 : 126714A5;
7B59 : 15E614F2;
7B5A : 12AE0F4E;
7B5B : 0BF60A4E;
7B5C : 0A760A2E;
7B5D : 09600890;
7B5E : 06620374;
7B5F : 021901C4;
7B60 : 017E0080;
7B61 : FF13FE8A;
7B62 : FEA0FE03;
7B63 : FDBFFEAD;
7B64 : FCCAF9E4;
7B65 : F7C4F4AC;
7B66 : F348F3C2;
7B67 : F4CCF4DF;
7B68 : F483F571;
7B69 : F69CF67B;
7B6A : F625F771;
7B6B : F705F675;
7B6C : F808F89B;
7B6D : F941FAA8;
7B6E : FC6CFCCD;
7B6F : FC8EFBE0;
7B70 : FB8EFBBD;
7B71 : FB18FC9F;
7B72 : FECDFF4C;
7B73 : FE9DFE14;
7B74 : FD87FCA2;
7B75 : FD10FDDE;
7B76 : FE29FDDB;
7B77 : FDABFD40;
7B78 : FDF00045;
7B79 : 024502B1;
7B7A : 013FFEB6;
7B7B : FCA9FB50;
7B7C : FAD2FB1A;
7B7D : FB9DFBDF;
7B7E : FBBCFB81;
7B7F : FA88F9AC;
7B80 : F981F97D;
7B81 : F986F919;
7B82 : F947FA15;
7B83 : F9C0F93F;
7B84 : F98EF9B9;
7B85 : F8E0F7AE;
7B86 : F646F4FF;
7B87 : F5BFF88A;
7B88 : FB12FC85;
7B89 : FD9BFDC0;
7B8A : FDD8FEDA;
7B8B : 004900E4;
7B8C : 003200F9;
7B8D : 02CC051E;
7B8E : 07C50A3A;
7B8F : 0B2609FE;
7B90 : 09200806;
7B91 : 06490507;
7B92 : 04710454;
7B93 : 047004B0;
7B94 : 049C033C;
7B95 : 01D8019C;
7B96 : 01CC001D;
7B97 : FE02FCD2;
7B98 : FB15FB6B;
7B99 : FE17FE71;
7B9A : FB5EF998;
7B9B : F8D8F75D;
7B9C : F7D9F90A;
7B9D : F972F973;
7B9E : F9CAFA0A;
7B9F : F9D9F8F8;
7BA0 : F732F6EC;
7BA1 : F774F861;
7BA2 : F9EFFB3C;
7BA3 : FBA8FC3A;
7BA4 : FE62FF94;
7BA5 : FFCF004A;
7BA6 : 00AB0063;
7BA7 : FFC40246;
7BA8 : 047104C0;
7BA9 : 06A40A30;
7BAA : 0CCB0DEB;
7BAB : 0E3C0D7E;
7BAC : 0D3D0E5F;
7BAD : 0FF9103D;
7BAE : 0FA01050;
7BAF : 11FD1128;
7BB0 : 0EC00CE1;
7BB1 : 0A750985;
7BB2 : 0A0A0A40;
7BB3 : 0A1A0914;
7BB4 : 087B06D2;
7BB5 : 03CE0412;
7BB6 : 05F20437;
7BB7 : 00C2FF1C;
7BB8 : FF500032;
7BB9 : 02560402;
7BBA : 04A104D7;
7BBB : 03D501E3;
7BBC : FDDFFB30;
7BBD : FC99FCEA;
7BBE : FB37FA75;
7BBF : FB60FB48;
7BC0 : FA98FC44;
7BC1 : FC9EFAF6;
7BC2 : FBDDFF46;
7BC3 : FECFFC90;
7BC4 : FE0D0175;
7BC5 : 02B3014B;
7BC6 : FFC0FE6F;
7BC7 : FE96007A;
7BC8 : 01AB0170;
7BC9 : 01960411;
7BCA : 04A7039F;
7BCB : 031E0234;
7BCC : 01A2FF86;
7BCD : FDD2FDA9;
7BCE : FE9D018F;
7BCF : 031001A7;
7BD0 : FED1FEEB;
7BD1 : FEBCFA16;
7BD2 : F75AF8E8;
7BD3 : FC07FB03;
7BD4 : F859F7B9;
7BD5 : F7DAF9B8;
7BD6 : FB0FF99A;
7BD7 : F7BBF8D5;
7BD8 : FAA2F84B;
7BD9 : F4F7F543;
7BDA : F7A8F7E0;
7BDB : F669F44C;
7BDC : F290F364;
7BDD : F53BF663;
7BDE : F688F699;
7BDF : F770F7C1;
7BE0 : F666F6CC;
7BE1 : F9F6FABF;
7BE2 : F93FF894;
7BE3 : F802F861;
7BE4 : FA1CFCC4;
7BE5 : FE70FE68;
7BE6 : 000F01F0;
7BE7 : 010DFFC4;
7BE8 : FF01FED9;
7BE9 : FDB6FC16;
7BEA : FAB0FA6C;
7BEB : FC6EFE53;
7BEC : FEBBFC99;
7BED : FB48FBF7;
7BEE : FAEEF91F;
7BEF : F989FC4C;
7BF0 : FD1CFBD1;
7BF1 : FB66FA20;
7BF2 : F9F6FCA7;
7BF3 : FDA0FB1F;
7BF4 : FAF0FD9E;
7BF5 : FF7BFEFD;
7BF6 : FE9EFF77;
7BF7 : FEADFDDE;
7BF8 : FE8AFED5;
7BF9 : FF1E0285;
7BFA : 0752085E;
7BFB : 08820987;
7BFC : 0B210BAD;
7BFD : 0ABD0BFA;
7BFE : 0DE30E93;
7BFF : 0DDC0E81;
7C00 : 100010F7;
7C01 : 13641467;
7C02 : 129F1266;
7C03 : 15461675;
7C04 : 1525159E;
7C05 : 16D8164A;
7C06 : 139F11D7;
7C07 : 0F960D87;
7C08 : 0E470F16;
7C09 : 0E930D74;
7C0A : 0CF30BEE;
7C0B : 0A4E092C;
7C0C : 09100990;
7C0D : 078C05A5;
7C0E : 047E0209;
7C0F : 01E203B9;
7C10 : 04B603F9;
7C11 : 03350312;
7C12 : 0168FEDE;
7C13 : FD93FCA2;
7C14 : FB44F98E;
7C15 : F8C8F7C3;
7C16 : F772F996;
7C17 : FA63F921;
7C18 : F728F66A;
7C19 : F60BF556;
7C1A : F806FA5A;
7C1B : FAADFB9D;
7C1C : FCBBFC06;
7C1D : FA35FB16;
7C1E : FBE2FBC8;
7C1F : FBC5FBF4;
7C20 : FC6CFCB6;
7C21 : FE3FFFD0;
7C22 : FF67FCEA;
7C23 : FA95F8A9;
7C24 : F619F619;
7C25 : F849FA9D;
7C26 : FA0BF824;
7C27 : F696F4DA;
7C28 : F367F201;
7C29 : F212F16A;
7C2A : F0B0F12C;
7C2B : F03AF032;
7C2C : F261F38D;
7C2D : F298F1C7;
7C2E : F216F211;
7C2F : F2A1F47E;
7C30 : F606F680;
7C31 : F68DF6B2;
7C32 : F729F592;
7C33 : F458F5C0;
7C34 : F857FAC3;
7C35 : FC06FCAC;
7C36 : FC4EFDB9;
7C37 : FFA0FF72;
7C38 : 0011FFBA;
7C39 : FF23FFB1;
7C3A : 0102030F;
7C3B : 057107AF;
7C3C : 080A08CB;
7C3D : 09D80A78;
7C3E : 0AE30A0B;
7C3F : 086D071D;
7C40 : 05CA0427;
7C41 : 030802ED;
7C42 : 04070499;
7C43 : 02B5FFEB;
7C44 : FDB5FD88;
7C45 : FF0200F2;
7C46 : 01A00111;
7C47 : 0036FEDA;
7C48 : FD90FD77;
7C49 : FEB8FF22;
7C4A : FEACFEB6;
7C4B : FE92FE81;
7C4C : FF6D00DA;
7C4D : 00D40077;
7C4E : 00AF0009;
7C4F : FED9FF8C;
7C50 : 025D03F0;
7C51 : 050505C6;
7C52 : 064706A1;
7C53 : 0723087A;
7C54 : 08A808F9;
7C55 : 09CD0935;
7C56 : 08C20B08;
7C57 : 0E750F7A;
7C58 : 0F4D0F8C;
7C59 : 101810AF;
7C5A : 10391063;
7C5B : 128113F2;
7C5C : 137011CD;
7C5D : 0FAB0F39;
7C5E : 0EFE0E59;
7C5F : 0D0D0A8C;
7C60 : 083705C8;
7C61 : 0438039D;
7C62 : 03F504BB;
7C63 : 02DDFF5A;
7C64 : FC0EFB87;
7C65 : FC3EFCA1;
7C66 : FDA8FDBC;
7C67 : FDD0FCBF;
7C68 : F9EEF832;
7C69 : F86BF882;
7C6A : F6E1F522;
7C6B : F4A8F422;
7C6C : F40EF4E1;
7C6D : F58DF769;
7C6E : F966F8FD;
7C6F : F83DF8F0;
7C70 : FA96FBB1;
7C71 : FB26FB20;
7C72 : FBE7FC25;
7C73 : FCE5FE3E;
7C74 : FF3BFFD8;
7C75 : 007CFFC7;
7C76 : FDDBFEBD;
7C77 : 019502D0;
7C78 : 02320159;
7C79 : 015CFF1D;
7C7A : FBDCFB23;
7C7B : FC8CFEBA;
7C7C : FEA6FD77;
7C7D : FB48FAD2;
7C7E : FC90FD6D;
7C7F : FDC5FC7F;
7C80 : FAA0F959;
7C81 : F6C2F630;
7C82 : F8A7FB55;
7C83 : FBD6FB0F;
7C84 : FB16FA62;
7C85 : F8ECF8FB;
7C86 : FA19FB18;
7C87 : FB40FA39;
7C88 : F80FF6D6;
7C89 : F7D1F8FB;
7C8A : F908F7E4;
7C8B : F7C5F8A5;
7C8C : F893F937;
7C8D : FA8EFC11;
7C8E : FD69FD1E;
7C8F : FC5CFC73;
7C90 : FE240056;
7C91 : 0226034E;
7C92 : 04590537;
7C93 : 04DF04D4;
7C94 : 05FF06DE;
7C95 : 056802C2;
7C96 : 0029FF08;
7C97 : FF460025;
7C98 : 014600F3;
7C99 : FF1BFC50;
7C9A : FA73F9FE;
7C9B : FA58FC22;
7C9C : FC7DFB3E;
7C9D : FA7CF93C;
7C9E : F8C1F978;
7C9F : FAACFC26;
7CA0 : FCAFFC6A;
7CA1 : FAEEF95E;
7CA2 : F8F0FA17;
7CA3 : FB08FB32;
7CA4 : FBF2FC37;
7CA5 : FA47FA34;
7CA6 : FB3FFC83;
7CA7 : FE620029;
7CA8 : 027802BF;
7CA9 : 027E0379;
7CAA : 047905AC;
7CAB : 05D6060E;
7CAC : 06DF0736;
7CAD : 09630C68;
7CAE : 0FDD11EB;
7CAF : 113A10AA;
7CB0 : 11011260;
7CB1 : 136E1334;
7CB2 : 1310123B;
7CB3 : 11841186;
7CB4 : 10840FB2;
7CB5 : 0E740DED;
7CB6 : 0D420B8E;
7CB7 : 0AEA09DC;
7CB8 : 0A0E0A96;
7CB9 : 096A0789;
7CBA : 055904B5;
7CBB : 046004D2;
7CBC : 05D70574;
7CBD : 059B060C;
7CBE : 05C804DD;
7CBF : 03EC048A;
7CC0 : 04F80314;
7CC1 : 00ABFE85;
7CC2 : FC9AFB37;
7CC3 : FB18FD6C;
7CC4 : FF17FEB8;
7CC5 : FDF3FCB7;
7CC6 : FD11FE19;
7CC7 : FD05FB5E;
7CC8 : FAA2FC30;
7CC9 : FD4BFDD2;
7CCA : FE91FE58;
7CCB : FE71FDD4;
7CCC : FCDCFC97;
7CCD : FDA0001A;
7CCE : 01AA0265;
7CCF : 0299021D;
7CD0 : 01EF004B;
7CD1 : FFA9FF97;
7CD2 : FEB0FD62;
7CD3 : FBD0FC79;
7CD4 : FD0CFC3F;
7CD5 : FC3CFB22;
7CD6 : F927F7DE;
7CD7 : F765F6F1;
7CD8 : F62FF6AC;
7CD9 : F69EF56A;
7CDA : F3B1F334;
7CDB : F2C7F207;
7CDC : F1BAF301;
7CDD : F464F40F;
7CDE : F3C3F420;
7CDF : F507F601;
7CE0 : F7E0F8DE;
7CE1 : F860F871;
7CE2 : F8ABF975;
7CE3 : FA33FAA2;
7CE4 : FB9FFAB8;
7CE5 : FAA1FBE6;
7CE6 : FC2FFC2E;
7CE7 : FE2E0040;
7CE8 : 009F0143;
7CE9 : 01AB01F6;
7CEA : 036F04F6;
7CEB : 05CD03DF;
7CEC : 004AFE83;
7CED : FDDCFD9D;
7CEE : FE09FE77;
7CEF : FDFAFD3C;
7CF0 : FCE6FCF6;
7CF1 : FD20FCF4;
7CF2 : FBA4FB0D;
7CF3 : FB97FB4A;
7CF4 : FA51FA1B;
7CF5 : FAF1FC53;
7CF6 : FDF6FEAD;
7CF7 : FE99FE7D;
7CF8 : FE6BFF98;
7CF9 : 016A01FD;
7CFA : 0152011C;
7CFB : 01940168;
7CFC : 008F00CD;
7CFD : 023502F0;
7CFE : 047705C8;
7CFF : 06F20822;
7D00 : 09860AB4;
7D01 : 0AD10AE4;
7D02 : 0A1709A9;
7D03 : 0A160B6B;
7D04 : 0CEC0D70;
7D05 : 0DCE0E7E;
7D06 : 0FA30F34;
7D07 : 0FF51251;
7D08 : 12AA11AC;
7D09 : 10A010A5;
7D0A : 0F6C0EDA;
7D0B : 0FE10F4D;
7D0C : 0DC80D96;
7D0D : 0DF40C23;
7D0E : 09D2099C;
7D0F : 09320786;
7D10 : 059D04AE;
7D11 : 03DC02F4;
7D12 : 028100DB;
7D13 : FF68FF83;
7D14 : FF03FD0D;
7D15 : FC74FD4C;
7D16 : FE41FD90;
7D17 : FCE4FCD8;
7D18 : FAF3F909;
7D19 : F82AF8A6;
7D1A : F998F9D3;
7D1B : FAC6FA19;
7D1C : F92FF944;
7D1D : F97AF8C3;
7D1E : F681F676;
7D1F : F854FA55;
7D20 : FC19FDBF;
7D21 : FDF9FE64;
7D22 : FE5DFD73;
7D23 : FCFDFC54;
7D24 : FC68FC6F;
7D25 : FB6BF96A;
7D26 : F825F76A;
7D27 : F68DF73A;
7D28 : F7EAF866;
7D29 : F9F4FB15;
7D2A : FB22FB93;
7D2B : FB5EFA85;
7D2C : F964F7BF;
7D2D : F77DF716;
7D2E : F6D5F701;
7D2F : F6CFF6E1;
7D30 : F84CF9E9;
7D31 : F9E8F9E8;
7D32 : FB1FFD8F;
7D33 : FDF9FC59;
7D34 : FB02F9D0;
7D35 : F9EBFAE4;
7D36 : FBA6FBE9;
7D37 : FB0CFADA;
7D38 : FBE5FB2B;
7D39 : FA99FB0F;
7D3A : FCC7FEB9;
7D3B : FE4AFF04;
7D3C : 0014FF69;
7D3D : FEE0FF8E;
7D3E : 0057015F;
7D3F : 02E9037D;
7D40 : 048F0724;
7D41 : 09A80996;
7D42 : 06E403B3;
7D43 : 020B0199;
7D44 : 018A02AF;
7D45 : 01EE00A2;
7D46 : 0063FE8D;
7D47 : FD26FDB0;
7D48 : FE11FD18;
7D49 : FB81FA33;
7D4A : F8BEF87F;
7D4B : F911F955;
7D4C : FA5BFA95;
7D4D : FA68FA29;
7D4E : FA86FC60;
7D4F : FE1DFEAF;
7D50 : FD9DFD63;
7D51 : FE75FE0C;
7D52 : FF9E02C6;
7D53 : 030C020D;
7D54 : 023702EB;
7D55 : 0361066C;
7D56 : 09700BEC;
7D57 : 0DFB0E03;
7D58 : 0CFD0BC2;
7D59 : 0CF30E4A;
7D5A : 0EF70E42;
7D5B : 0D000CBD;
7D5C : 0D200E5A;
7D5D : 0EC60FFA;
7D5E : 104F0EBA;
7D5F : 0C3A09A8;
7D60 : 09A60B1D;
7D61 : 0CD80BDC;
7D62 : 0A0D09EA;
7D63 : 08B00716;
7D64 : 07D608F4;
7D65 : 07570557;
7D66 : 03F00253;
7D67 : 021F031A;
7D68 : 02A701E0;
7D69 : 00A6FEE7;
7D6A : FED1FECE;
7D6B : 0044019A;
7D6C : 027A0172;
7D6D : FE82FD70;
7D6E : FA90F861;
7D6F : F7E1F7A7;
7D70 : F748F6A4;
7D71 : F746F82F;
7D72 : FA10FC69;
7D73 : FD62FB81;
7D74 : FA04F8BF;
7D75 : F808F90F;
7D76 : FACDFCEA;
7D77 : FC6FFC57;
7D78 : FB95FBF7;
7D79 : FD30FE25;
7D7A : 01570257;
7D7B : 018CFFA5;
7D7C : FDB3FC6F;
7D7D : FC34FD7F;
7D7E : FE23FBB9;
7D7F : FA64FA72;
7D80 : FA5FFCA1;
7D81 : FF910114;
7D82 : FFDDFD84;
7D83 : FC63FB32;
7D84 : FA30F8DE;
7D85 : F710F568;
7D86 : F479F54A;
7D87 : F5C9F7FF;
7D88 : F9FFF96D;
7D89 : F796F4A8;
7D8A : F31AF213;
7D8B : F2BAF58E;
7D8C : F764F70B;
7D8D : F685F771;
7D8E : F807F8BB;
7D8F : FAA3FBBD;
7D90 : FC70FCD5;
7D91 : FCF0FDF8;
7D92 : FE13FEED;
7D93 : 00FD0136;
7D94 : 002FFFAD;
7D95 : 00800073;
7D96 : 01DD054D;
7D97 : 06B305CE;
7D98 : 050303FB;
7D99 : 032502FD;
7D9A : 02BA025C;
7D9B : 0085FFF3;
7D9C : 00800010;
7D9D : 005A0170;
7D9E : 0166FEFD;
7D9F : FD60FB30;
7DA0 : F8A6F987;
7DA1 : FB81FCFD;
7DA2 : FDCEFE64;
7DA3 : FE4BFEB5;
7DA4 : 00C30239;
7DA5 : 040B03DA;
7DA6 : 03080243;
7DA7 : 003B006A;
7DA8 : 01010254;
7DA9 : 0227FF7B;
7DAA : FF4F0161;
7DAB : 02D605C2;
7DAC : 07C6082B;
7DAD : 083206B2;
7DAE : 0593042B;
7DAF : 058407E0;
7DB0 : 080407E5;
7DB1 : 091D099D;
7DB2 : 0AA20C40;
7DB3 : 0DBA0F3A;
7DB4 : 0FD30F0F;
7DB5 : 0D670C1B;
7DB6 : 0BF90D67;
7DB7 : 0EC80E9B;
7DB8 : 0DD50CB5;
7DB9 : 0EFD0F82;
7DBA : 0E020E31;
7DBB : 0B2F075D;
7DBC : 06B303EB;
7DBD : 02CD0523;
7DBE : 057A04C3;
7DBF : FFD2FECB;
7DC0 : FE66FFD8;
7DC1 : 02C10348;
7DC2 : 03DB022C;
7DC3 : 0111FDBB;
7DC4 : FBB6FCB1;
7DC5 : FC76FD90;
7DC6 : FC31FA75;
7DC7 : FB78FC7A;
7DC8 : FCBEFCBE;
7DC9 : FE1FFE65;
7DCA : FD15FA68;
7DCB : FAD4FACD;
7DCC : FB82FC4D;
7DCD : FAD7F97C;
7DCE : F99CFCFD;
7DCF : FDE3FF3F;
7DD0 : 00BA00FA;
7DD1 : FFCEFE94;
7DD2 : FE73FE78;
7DD3 : FFC30001;
7DD4 : FF70FCA1;
7DD5 : FA73F948;
7DD6 : FBBEFF65;
7DD7 : FE47FDB7;
7DD8 : FBC1FAF1;
7DD9 : F977F8CB;
7DDA : FAD1FB57;
7DDB : F97DF7BF;
7DDC : F837F5A0;
7DDD : F6D1F9CF;
7DDE : F96DF98D;
7DDF : FA3BF804;
7DE0 : F634F46D;
7DE1 : F55AF94E;
7DE2 : F9ACFA02;
7DE3 : F935F7FA;
7DE4 : F9EDFB8E;
7DE5 : FDFDFEAA;
7DE6 : FD72FADD;
7DE7 : F92FF6C6;
7DE8 : F637F94D;
7DE9 : FA06FAA7;
7DEA : F8D3F8D2;
7DEB : F6DDF79D;
7DEC : FD45FF16;
7DED : 00960106;
7DEE : 0240FFFE;
7DEF : FE6F0162;
7DF0 : 017D0182;
7DF1 : 0037018C;
7DF2 : FF89FE18;
7DF3 : 00A50241;
7DF4 : 0048FE9C;
7DF5 : FE69FAD2;
7DF6 : F945F835;
7DF7 : FAC9FB71;
7DF8 : F952F9DB;
7DF9 : F91AFAF1;
7DFA : FBACFE85;
7DFB : 00E1FF08;
7DFC : FEAAFCCA;
7DFD : FE73FEAC;
7DFE : FE850071;
7DFF : 0030FDBA;
7E00 : FD5CFF2C;
7E01 : 007603EC;
7E02 : 062A07FE;
7E03 : 050F034E;
7E04 : 0555056F;
7E05 : 089B09AA;
7E06 : 0BDE0B7E;
7E07 : 092D0A0E;
7E08 : 09BB0DD1;
7E09 : 0F8C1000;
7E0A : 10C90FB1;
7E0B : 0EBB0DDD;
7E0C : 0DA40E5E;
7E0D : 0D420BEB;
7E0E : 0C8609DB;
7E0F : 0B7B0E6D;
7E10 : 0EA50F54;
7E11 : 0D900D8F;
7E12 : 0B8B09D3;
7E13 : 0AAE089F;
7E14 : 08B60729;
7E15 : 05A50458;
7E16 : 01B20277;
7E17 : 03B50482;
7E18 : 05F30521;
7E19 : 04040427;
7E1A : 04170559;
7E1B : 060F05A9;
7E1C : 040700C8;
7E1D : FEF8FD66;
7E1E : FCFFFEE1;
7E1F : FD7AFB5C;
7E20 : F8CEF80F;
7E21 : F8AFF824;
7E22 : F931F966;
7E23 : F99CF896;
7E24 : F7EFF85E;
7E25 : F86FF9A0;
7E26 : FABFFB29;
7E27 : FA25FAA9;
7E28 : FA3DFAB1;
7E29 : FC3DFCED;
7E2A : FCCEFA6D;
7E2B : F8D2F5D5;
7E2C : F60EF99E;
7E2D : FBE3FC6B;
7E2E : F8C6F63E;
7E2F : F359F382;
7E30 : F579F636;
7E31 : F6B3F559;
7E32 : F505F1E2;
7E33 : F0DFF32B;
7E34 : F767F893;
7E35 : F708F7CD;
7E36 : F705F7D3;
7E37 : F7ADF953;
7E38 : F941F908;
7E39 : FA05F925;
7E3A : F9E5FA82;
7E3B : FE580064;
7E3C : FF8CFE6F;
7E3D : FCE6FDEE;
7E3E : FD36FDDA;
7E3F : FE8DFE35;
7E40 : FD40FB36;
7E41 : FABDFB4C;
7E42 : FD45FF58;
7E43 : 024800B6;
7E44 : 000701B0;
7E45 : 02140479;
7E46 : 066907E9;
7E47 : 03EB0150;
7E48 : 029700CC;
7E49 : 01EA0362;
7E4A : 03880089;
7E4B : FCFCFBDF;
7E4C : FBACFC03;
7E4D : FD52FDC4;
7E4E : FCF8FCB4;
7E4F : FAFEFC0E;
7E50 : FCFEFF03;
7E51 : 01FB002E;
7E52 : FFC8FE6F;
7E53 : FEE90175;
7E54 : 0231050C;
7E55 : 05DC058D;
7E56 : 038201CE;
7E57 : 0397054D;
7E58 : 07E80B21;
7E59 : 0A500803;
7E5A : 07380694;
7E5B : 085A08A3;
7E5C : 0A0C0B8D;
7E5D : 09470AB9;
7E5E : 0B100C68;
7E5F : 0DFC0D48;
7E60 : 0F0C0E72;
7E61 : 0E7E0FCD;
7E62 : 0F180E77;
7E63 : 0D240C3D;
7E64 : 0A1D0782;
7E65 : 08330A68;
7E66 : 0B070BB1;
7E67 : 0AC10974;
7E68 : 077C0544;
7E69 : 0677044B;
7E6A : 017FFF9F;
7E6B : FE47FCEA;
7E6C : FA4FFB4B;
7E6D : FC49FBEF;
7E6E : FBCFFB56;
7E6F : FB0CF9E6;
7E70 : F979FA55;
7E71 : FCF9FD5A;
7E72 : FB6FF9E9;
7E73 : F9F6FA0E;
7E74 : F975FAFF;
7E75 : FB09FB98;
7E76 : FB0BF955;
7E77 : F7EDF6C4;
7E78 : F773F67E;
7E79 : F5DFF531;
7E7A : F6EEF7E9;
7E7B : F6F1F918;
7E7C : FA47FB3E;
7E7D : FB02FC44;
7E7E : FD4CFDC8;
7E7F : FF91FF1F;
7E80 : FD87FB2F;
7E81 : FAA1FA6E;
7E82 : FA76FAFA;
7E83 : FC1AFD66;
7E84 : FBF0FC1B;
7E85 : FB2EFC24;
7E86 : FCAAFC89;
7E87 : FE29FC83;
7E88 : FCE7FB78;
7E89 : FB54FC56;
7E8A : FC5DFD42;
7E8B : FD28FC97;
7E8C : FC4AFCE7;
7E8D : FD1EFE6F;
7E8E : FE79FD8E;
7E8F : FC9EFBD5;
7E90 : FD6BFCA9;
7E91 : FE0CFF3D;
7E92 : FF0A0031;
7E93 : FE15FE05;
7E94 : FE1CFF96;
7E95 : 008DFF71;
7E96 : FF36FDEA;
7E97 : FD5BFE7C;
7E98 : FFA90086;
7E99 : 0310034A;
7E9A : 01F100B2;
7E9B : 017503E0;
7E9C : 03BB04A0;
7E9D : 02F80124;
7E9E : 025C011F;
7E9F : 01140023;
7EA0 : 00D8023A;
7EA1 : FF0DFE62;
7EA2 : FE30FC9D;
7EA3 : FBECFB82;
7EA4 : FA42F853;
7EA5 : F84AFA94;
7EA6 : FB2AFC1E;
7EA7 : FE56FCF1;
7EA8 : FD1AFDE4;
7EA9 : FE10FFAE;
7EAA : 00080165;
7EAB : FF7FFEB5;
7EAC : 001BFF2B;
7EAD : 01440204;
7EAE : 02C002EB;
7EAF : 02E30411;
7EB0 : 044F0657;
7EB1 : 085F0803;
7EB2 : 05F0068D;
7EB3 : 07AF08E0;
7EB4 : 08C607DA;
7EB5 : 09BE0B36;
7EB6 : 0DA20C2F;
7EB7 : 0C400D2E;
7EB8 : 0C040CFA;
7EB9 : 0C090C10;
7EBA : 0A920B3E;
7EBB : 0A4408F1;
7EBC : 0BB90C72;
7EBD : 0BD409F6;
7EBE : 0AB009C2;
7EBF : 08BF09BD;
7EC0 : 07BF04C6;
7EC1 : 037C057A;
7EC2 : 031E0161;
7EC3 : 01C9029F;
7EC4 : 031601A8;
7EC5 : 02BC00DA;
7EC6 : 01B1020B;
7EC7 : 01920076;
7EC8 : FF9902BA;
7EC9 : 011200B9;
7ECA : 00B8016A;
7ECB : 0120FED5;
7ECC : FE81FE37;
7ECD : FE43FD63;
7ECE : FD7EFBFA;
7ECF : F9B1F7E2;
7ED0 : F91CFA9A;
7ED1 : F8ADFA97;
7ED2 : FC80FDB5;
7ED3 : FE10FE9B;
7ED4 : FFF1FD8F;
7ED5 : FDC4FE2A;
7ED6 : FD59FC21;
7ED7 : F9E5F9C3;
7ED8 : F938F953;
7ED9 : FA5AF989;
7EDA : F85FF7F4;
7EDB : F82BFA13;
7EDC : FA99FA0A;
7EDD : F9CBF7AD;
7EDE : F76BF715;
7EDF : F742F7D6;
7EE0 : F742F890;
7EE1 : F891F620;
7EE2 : F6FEF6D2;
7EE3 : F68BF6FB;
7EE4 : F722F90C;
7EE5 : F8D2FA4A;
7EE6 : FA8DFACD;
7EE7 : FBD3FBF1;
7EE8 : FB76FB1C;
7EE9 : FC57FC98;
7EEA : FE5CFEAD;
7EEB : FCB3FA09;
7EEC : F8B0F8CD;
7EED : F83CFA2E;
7EEE : FA74FB96;
7EEF : FC8FFDC6;
7EF0 : FE28FC1E;
7EF1 : FE17FE87;
7EF2 : FFE80062;
7EF3 : 0014FFEE;
7EF4 : FE2DFEC2;
7EF5 : FDF4FEB7;
7EF6 : FE84FF8B;
7EF7 : FF3CFE7F;
7EF8 : FF64FE56;
7EF9 : FF53FC9E;
7EFA : FC14FB06;
7EFB : FB56FC81;
7EFC : FBF2FDD9;
7EFD : FDF90079;
7EFE : 01460250;
7EFF : 01F50298;
7F00 : 05010358;
7F01 : 029C0266;
7F02 : 06430686;
7F03 : 055206FA;
7F04 : 05710491;
7F05 : 042A0659;
7F06 : 05A505E0;
7F07 : 0A910C15;
7F08 : 09A2089F;
7F09 : 0CBC0CB8;
7F0A : 0DD90EEC;
7F0B : 0ED30E95;
7F0C : 0DFE1140;
7F0D : 0E180C20;
7F0E : 0D840E78;
7F0F : 0EDD0D5A;
7F10 : 0D810D21;
7F11 : 0C760C1C;
7F12 : 0D120D22;
7F13 : 0BD40B1F;
7F14 : 0A1109DD;
7F15 : 09280947;
7F16 : 07960336;
7F17 : 02230289;
7F18 : 027E0085;
7F19 : 0141022F;
7F1A : 015202B2;
7F1B : 01E70090;
7F1C : FEC1009E;
7F1D : 0319FF97;
7F1E : FEE0FFB4;
7F1F : 001000E1;
7F20 : 013B00BB;
7F21 : FE7BFD90;
7F22 : FDE4FCF8;
7F23 : FA97FBB3;
7F24 : FBA6F97C;
7F25 : F7EAF5A2;
7F26 : F731F6E1;
7F27 : F816F968;
7F28 : F7FFF8CC;
7F29 : F7CEF92B;
7F2A : F9FDFC4F;
7F2B : FEA6FDF2;
7F2C : FC9EFAEB;
7F2D : FB4BFA47;
7F2E : FB95FBBD;
7F2F : FA7BF8EF;
7F30 : F895F949;
7F31 : F65CF7E0;
7F32 : F98EFA07;
7F33 : F793F57F;
7F34 : F60EF419;
7F35 : F6B1F880;
7F36 : F7DAF5E0;
7F37 : F72AF986;
7F38 : F75BF7AC;
7F39 : F896FA33;
7F3A : F962F8A2;
7F3B : F88AF837;
7F3C : FA5DFB5D;
7F3D : FD55FC11;
7F3E : FC89FCFA;
7F3F : FC86FDBB;
7F40 : FE110113;
7F41 : FF78FD88;
7F42 : FCD1FC2F;
7F43 : FCC5FDB0;
7F44 : 0054FF01;
7F45 : FD72FE16;
7F46 : FF7BFEDC;
7F47 : FEC001DC;
7F48 : 02700255;
7F49 : 019601BE;
7F4A : 0170019A;
7F4B : 03D201BB;
7F4C : FF48FF22;
7F4D : 0005FF6D;
7F4E : FFBB014B;
7F4F : FF5AFE9B;
7F50 : FBBDF841;
7F51 : F7A7F8A5;
7F52 : FAD5FAB9;
7F53 : FB0EFAA5;
7F54 : FB22FD8D;
7F55 : FEA0FF26;
7F56 : 008102AE;
7F57 : 021200BD;
7F58 : 01A103D5;
7F59 : 055A0574;
7F5A : 050E0347;
7F5B : 02900210;
7F5C : 035504F0;
7F5D : 0556076A;
7F5E : 062F0628;
7F5F : 05F406AE;
7F60 : 09CE09D2;
7F61 : 0AB209D0;
7F62 : 08FC0A3A;
7F63 : 0A4308E7;
7F64 : 095C0A0C;
7F65 : 09950987;
7F66 : 09780A3A;
7F67 : 097B0B85;
7F68 : 0C290B14;
7F69 : 0C7E0A27;
7F6A : 0A770CC2;
7F6B : 0D2C0C2F;
7F6C : 0A860A5A;
7F6D : 06DE043D;
7F6E : 04B70511;
7F6F : 04E204A9;
7F70 : 03890169;
7F71 : 00BD01F1;
7F72 : 03BC02A1;
7F73 : 02B801F3;
7F74 : FFDBFF58;
7F75 : FE460056;
7F76 : 0094FFEE;
7F77 : FF9EFCD9;
7F78 : FB7BFB86;
7F79 : FC97FD4A;
7F7A : FCE8FC35;
7F7B : F9E1F728;
7F7C : F676F749;
7F7D : F923F9A1;
7F7E : F949FA48;
7F7F : FB3FFB3F;
7F80 : FCB6FF14;
7F81 : 009F00C6;
7F82 : FEECFE12;
7F83 : FCFEFD2E;
7F84 : FE36FD91;
7F85 : FCE8FB6C;
7F86 : FA98F846;
7F87 : F720F97C;
7F88 : FB03FB05;
7F89 : F9F4F9B7;
7F8A : F837F753;
7F8B : F80AF932;
7F8C : F9CBF8CF;
7F8D : F8FEF759;
7F8E : F81AFA35;
7F8F : FAFFFAF3;
7F90 : F932F8F9;
7F91 : F7F7F856;
7F92 : F97EFC4D;
7F93 : FD80FC60;
7F94 : FC57FBB3;
7F95 : FC5AFDBD;
7F96 : 009E001C;
7F97 : FF6E0004;
7F98 : FE49FD6C;
7F99 : FD4FFE52;
7F9A : FEFEFF90;
7F9B : FE00FCA6;
7F9C : FCF1FEF1;
7F9D : 00960049;
7F9E : 02B00300;
7F9F : 03B00362;
7FA0 : 03A70605;
7FA1 : 04CA0576;
7FA2 : 03E50093;
7FA3 : FFD3010F;
7FA4 : 01AF020E;
7FA5 : 0175FF73;
7FA6 : FFC0FD79;
7FA7 : FCA5FB07;
7FA8 : FBF4FD6D;
7FA9 : FB57FC91;
7FAA : FBA6FD17;
7FAB : FE3AFFEB;
7FAC : 015600DD;
7FAD : 01F40048;
7FAE : 001B00AE;
7FAF : 02D7041B;
7FB0 : 034E01DE;
7FB1 : 008AFFCD;
7FB2 : FFD40290;
7FB3 : 02C10452;
7FB4 : 044A03CF;
7FB5 : 04E403E6;
7FB6 : 06AA07A3;
7FB7 : 08950939;
7FB8 : 077307F9;
7FB9 : 09610A68;
7FBA : 0B3C0C34;
7FBB : 0BC00BC1;
7FBC : 0A030924;
7FBD : 08D108C5;
7FBE : 09A60858;
7FBF : 08730765;
7FC0 : 07E10828;
7FC1 : 09380A50;
7FC2 : 086D078C;
7FC3 : 06300523;
7FC4 : 03830480;
7FC5 : 03FA0125;
7FC6 : FEDCFD5A;
7FC7 : FDF4FE4B;
7FC8 : FEF1FE94;
7FC9 : FEE8FD9A;
7FCA : FCEAFC48;
7FCB : FB93FED0;
7FCC : 000DFFB2;
7FCD : FE53FBFD;
7FCE : F961FA06;
7FCF : FB84FB83;
7FD0 : FD3DFBAE;
7FD1 : F99AF7E4;
7FD2 : F5E8F5E4;
7FD3 : F752F7EA;
7FD4 : F7F2F7E3;
7FD5 : F6EAF901;
7FD6 : F98BFAA3;
7FD7 : FC4CFD26;
7FD8 : FD87FC42;
7FD9 : FE21FDE6;
7FDA : FF580150;
7FDB : 0082FE96;
7FDC : FCF2FC71;
7FDD : FB09FC44;
7FDE : FD3AFF33;
7FDF : FD78FBAC;
7FE0 : FBD1FA80;
7FE1 : FCA9FCF7;
7FE2 : FE3DFD51;
7FE3 : FC6FFDA4;
7FE4 : FD51FF41;
7FE5 : FFDDFF9A;
7FE6 : FE70FCD7;
7FE7 : FA36FA3B;
7FE8 : FA20F96B;
7FE9 : FB90FABF;
7FEA : FB90F9F6;
7FEB : FA06FC13;
7FEC : FD56FF8D;
7FED : FE27FE45;
7FEE : FBDAFB2B;
7FEF : FBDEFBC6;
7FF0 : FD1EFD47;
7FF1 : FD28FC99;
7FF2 : FBDDFB4D;
7FF3 : FDFCFD4D;
7FF4 : FE69FFAA;
7FF5 : FF9400AD;
7FF6 : FE930143;
7FF7 : 01B1020E;
7FF8 : 0231FF83;
7FF9 : FF45FEB2;
7FFA : FEB1FEB6;
7FFB : FF20FE6A;
7FFC : FCF1FA23;
7FFD : F8F4F803;
7FFE : F75CF912;
7FFF : F860F8E7;
8000 : F904FB53;
8001 : FDF4FEC6;
8002 : 00C6003C;
8003 : 00630019;
8004 : FFF8013F;
8005 : 035704B0;
8006 : 043303E5;
8007 : 0388038E;
8008 : 036E04C3;
8009 : 05AD05AE;
800A : 04AE043A;
800B : 03A0030C;
800C : 059506F2;
800D : 083E083F;
800E : 087A091B;
800F : 0A4B0CDD;
8010 : 0E2C1035;
8011 : 0F940E83;
8012 : 0DDF0D82;
8013 : 0E6E0F0C;
8014 : 0F5D0EE2;
8015 : 0CED09DE;
8016 : 0AF20BA8;
8017 : 0CFF0F2A;
8018 : 0E020D1E;
8019 : 0A7B09AE;
801A : 07DE0744;
801B : 090508D1;
801C : 08E7066C;
801D : 059C0457;
801E : 048106AE;
801F : 068F047E;
8020 : 03700361;
8021 : 0077022B;
8022 : 03300430;
8023 : 03C9013A;
8024 : 00C0FEC0;
8025 : 006E00C2;
8026 : 008EFF14;
8027 : FCBBFACB;
8028 : F8E9F88B;
8029 : F7FEF8CB;
802A : F730F785;
802B : F5D4F56D;
802C : F7C7F837;
802D : FADBFAA1;
802E : FA96F921;
802F : F837F88C;
8030 : F7B3F888;
8031 : F7F7F725;
8032 : F602F476;
8033 : F398F481;
8034 : F4D3F5DA;
8035 : F511F227;
8036 : F2E8F2A9;
8037 : F474F5CD;
8038 : F5B7F633;
8039 : F40FF468;
803A : F481F48B;
803B : F751F8F0;
803C : F940F803;
803D : F5DDF5DC;
803E : F5D8F575;
803F : F685F70B;
8040 : F73AF6E3;
8041 : F676F6A9;
8042 : F7BCF95F;
8043 : FA0EFA10;
8044 : F94AF91D;
8045 : FB06FC51;
8046 : FCC5FD5D;
8047 : FD04FCFF;
8048 : FD42FDAB;
8049 : FEAD0064;
804A : 012B0093;
804B : 013E01D5;
804C : 02C50425;
804D : 053B071F;
804E : 07190624;
804F : 0535042F;
8050 : 044B0453;
8051 : 054B04CC;
8052 : 03310257;
8053 : 00DE00B5;
8054 : 0073FFF5;
8055 : 0126010C;
8056 : FFE50137;
8057 : 01A2027F;
8058 : 03AA035E;
8059 : 040602F4;
805A : 03B003DD;
805B : 04B307C3;
805C : 07A407C4;
805D : 06F106CC;
805E : 078C0769;
805F : 08D00955;
8060 : 07AD0789;
8061 : 07830715;
8062 : 092209EA;
8063 : 0BB80C2F;
8064 : 0B760C30;
8065 : 0ADB0C7B;
8066 : 0E520E7A;
8067 : 0EDC0D59;
8068 : 0BE30C23;
8069 : 0D3D0ED9;
806A : 0EA70CC2;
806B : 0B750969;
806C : 08480826;
806D : 09460ACD;
806E : 0A4D08B4;
806F : 05A20384;
8070 : 03FD0437;
8071 : 048F04CC;
8072 : 039A0332;
8073 : 00FAFF5E;
8074 : FEF9FE5F;
8075 : FF2CFCE9;
8076 : FB66FB29;
8077 : FAE9FBBC;
8078 : FB64FB56;
8079 : FB3AFAA5;
807A : FB54FB33;
807B : F9BEFB70;
807C : FB7DF973;
807D : F86FF6A9;
807E : F6B7F6AF;
807F : F792F7A8;
8080 : F6C5F6B2;
8081 : F658F848;
8082 : F92EFACA;
8083 : FC25FC0B;
8084 : FBCEF9FF;
8085 : F9BEFBAC;
8086 : FE01FE3E;
8087 : FDADFC3C;
8088 : FB2DFAF5;
8089 : FBB2FD4A;
808A : FD89FE29;
808B : FC78FAE5;
808C : F9B3F8E6;
808D : FB00FCDB;
808E : FE32FD63;
808F : FC2AFB0B;
8090 : FAAFFC3F;
8091 : FDC6FFA3;
8092 : FFF7FF2B;
8093 : FD79FC16;
8094 : FBEAFD2C;
8095 : FE4AFD46;
8096 : FCC8FBAC;
8097 : FAE0F9EE;
8098 : FB73FE14;
8099 : FE81FF87;
809A : FF84FFAF;
809B : FEADFFDF;
809C : 020D012C;
809D : FF16FE96;
809E : FFEA0016;
809F : 01B501F6;
80A0 : 01D3FFFD;
80A1 : FE51FE13;
80A2 : FE3D0167;
80A3 : 02D20388;
80A4 : 0144FF63;
80A5 : FF70FF6A;
80A6 : 000D0050;
80A7 : 00B1FFC1;
80A8 : FF1EFDA3;
80A9 : FDFBFEC2;
80AA : FFE50085;
80AB : FDA5FB00;
80AC : F958F9F4;
80AD : FA42FBDD;
80AE : FCCEFC55;
80AF : FC94FAFA;
80B0 : FB59FCB1;
80B1 : FE95FFCB;
80B2 : FEC1FD37;
80B3 : FC75FD5F;
80B4 : FD92FD94;
80B5 : FE4AFF46;
80B6 : FF68FF8D;
80B7 : FE19FE1F;
80B8 : 014E035F;
80B9 : 04B40367;
80BA : 04560676;
80BB : 05CB0641;
80BC : 0731087A;
80BD : 08A10856;
80BE : 08EE0925;
80BF : 0A900CD4;
80C0 : 0D350C03;
80C1 : 0A780A1F;
80C2 : 0AE90ABB;
80C3 : 0B6B0B20;
80C4 : 0A350A3C;
80C5 : 08AB0868;
80C6 : 09340B19;
80C7 : 0D370AE9;
80C8 : 088B07A1;
80C9 : 075407A1;
80CA : 0833096B;
80CB : 081A0495;
80CC : 023900FC;
80CD : 00640271;
80CE : 045E051B;
80CF : 031200A5;
80D0 : 01080067;
80D1 : 00AD016A;
80D2 : 031402D2;
80D3 : 007DFF02;
80D4 : FD62FD73;
80D5 : FEA5FF62;
80D6 : FDABFB76;
80D7 : FA35FAFE;
80D8 : FB11FC71;
80D9 : FE22FD30;
80DA : FCB8FBBB;
80DB : FBA8FB49;
80DC : FCE1FF83;
80DD : FEF2FD29;
80DE : FC3CFBF5;
80DF : FBCFFA8E;
80E0 : FA31FA24;
80E1 : F8AFF912;
80E2 : F8B7F937;
80E3 : FAA6FA63;
80E4 : FA43F884;
80E5 : F7A3F933;
80E6 : FA38FB51;
80E7 : FBEAFB59;
80E8 : FA12F6D4;
80E9 : F5F5F6E9;
80EA : F71BF84C;
80EB : F84DF75D;
80EC : F562F3FB;
80ED : F504F593;
80EE : F742F989;
80EF : FA71FB46;
80F0 : FA2AF991;
80F1 : FA72FC43;
80F2 : FE88FDEA;
80F3 : FC2BFB1A;
80F4 : F9EEFA09;
80F5 : FBB4FDFD;
80F6 : FF11FD02;
80F7 : FB93FB23;
80F8 : FAACFBD5;
80F9 : FD39FF60;
80FA : FF2CFDDC;
80FB : FDD5FE16;
80FC : 001D0192;
80FD : 01900072;
80FE : FEA2FD6A;
80FF : FD61FEA8;
8100 : 004E00DB;
8101 : 008DFEC8;
8102 : FD1CFCEA;
8103 : FE17012D;
8104 : 036F0317;
8105 : 022B012C;
8106 : 016501B3;
8107 : 027A059A;
8108 : 05710452;
8109 : 0473053A;
810A : 06A50785;
810B : 094D0960;
810C : 07E50802;
810D : 083A0778;
810E : 08510961;
810F : 09BD08AA;
8110 : 076B07C7;
8111 : 08030A83;
8112 : 0D200DAB;
8113 : 0CBE0B55;
8114 : 0AED0A51;
8115 : 0A0C0BD9;
8116 : 0D510D28;
8117 : 0C080AB1;
8118 : 0A4809D1;
8119 : 0AB80BB2;
811A : 0A6808FD;
811B : 085808FB;
811C : 094208CF;
811D : 099708C0;
811E : 062603A0;
811F : 028D031D;
8120 : 03CB04A4;
8121 : 046D017D;
8122 : FF3CFDEB;
8123 : FC3BFBC3;
8124 : FC80FE66;
8125 : FD23FA87;
8126 : FA67FA41;
8127 : FB53FC85;
8128 : FC97FC1F;
8129 : FA5AF951;
812A : F8A0F7F7;
812B : F947FA5E;
812C : F9ABF817;
812D : F63FF602;
812E : F66BF7A0;
812F : F8CBF862;
8130 : F833F7BA;
8131 : F7C9F86A;
8132 : F960FB8A;
8133 : FC1FFB09;
8134 : F97BF88F;
8135 : F9F8FB60;
8136 : FCD7FDFD;
8137 : FBC6F999;
8138 : F89BF859;
8139 : F882F8A1;
813A : F94BF7CD;
813B : F5F5F5BB;
813C : F64EF7E9;
813D : F964F938;
813E : F8C1F7E6;
813F : F7F0F82D;
8140 : F8D2FB5A;
8141 : FC7BFCE5;
8142 : FBEEFAFF;
8143 : FC01FCD6;
8144 : FE96FF6C;
8145 : FF46FF5B;
8146 : FF01FF8E;
8147 : 002101DC;
8148 : 04F1050B;
8149 : 031201C4;
814A : 002C0043;
814B : 01100351;
814C : 052B038E;
814D : 01DC0021;
814E : FFED003B;
814F : 00F00298;
8150 : 02630203;
8151 : 01B400BB;
8152 : 0079016E;
8153 : 02700245;
8154 : 0078004D;
8155 : 0048FFA7;
8156 : 00D201CC;
8157 : 02A40128;
8158 : 0026FF61;
8159 : FDDAFE86;
815A : FE4DFD4F;
815B : FCA0FC0E;
815C : FC5AFD6B;
815D : FE6FFF8F;
815E : FF71FE60;
815F : FD2AFBBD;
8160 : FE25018B;
8161 : 049E05DA;
8162 : 053F0458;
8163 : 02A403DE;
8164 : 057706DA;
8165 : 084907DA;
8166 : 05FA04AC;
8167 : 04C90658;
8168 : 08690A00;
8169 : 0ABA0905;
816A : 0823082E;
816B : 08C30B00;
816C : 0CA20E46;
816D : 0D420BF6;
816E : 0B2B0A1D;
816F : 0A710AA7;
8170 : 0B000A23;
8171 : 08F1082D;
8172 : 08B2096D;
8173 : 0A1C0999;
8174 : 090E0829;
8175 : 059C04AE;
8176 : 033C0352;
8177 : 03400267;
8178 : 0138FF95;
8179 : FFCFFF29;
817A : FEA1FE7C;
817B : FE16FC5B;
817C : FB3BFAAA;
817D : FB90FDC6;
817E : FF0DFE72;
817F : FC6FFC1D;
8180 : FB0FFB3F;
8181 : FD69FECA;
8182 : FED4FE17;
8183 : FDB0FB44;
8184 : F92EFA45;
8185 : FB4CFA71;
8186 : F881F72A;
8187 : F6BDF7A5;
8188 : F8F9FA99;
8189 : FAFDFB65;
818A : FAD3F893;
818B : F999FC3B;
818C : FE55FE8B;
818D : FE63FD03;
818E : F9D5F8BC;
818F : F984FB42;
8190 : FCB3FD10;
8191 : FB43F95D;
8192 : F7DBF84B;
8193 : FA46FACF;
8194 : FBC7FBD2;
8195 : FB9AFA03;
8196 : F97FF9D7;
8197 : F966F8FF;
8198 : F844F802;
8199 : F6E1F6BF;
819A : F847F992;
819B : F99FF993;
819C : F8EDF8FF;
819D : FAB6FCDC;
819E : 001300AF;
819F : 004EFFFF;
81A0 : FE58FDE1;
81A1 : FF16019A;
81A2 : 02C40263;
81A3 : 019600BF;
81A4 : FFC5FF32;
81A5 : 008B01CC;
81A6 : 015100C2;
81A7 : 006BFF51;
81A8 : FF600002;
81A9 : 002200B3;
81AA : 000D00C9;
81AB : 0012FFCB;
81AC : 01800209;
81AD : 01DF00DF;
81AE : 005FFF69;
81AF : FE57FDDF;
81B0 : FF0EFDBA;
81B1 : FC69FB7B;
81B2 : FAA2FB42;
81B3 : FCCEFFBD;
81B4 : 005A0042;
81B5 : FFA3FF25;
81B6 : FEFC0014;
81B7 : 030404F2;
81B8 : 05550524;
81B9 : 04A10417;
81BA : 05570722;
81BB : 08E208CA;
81BC : 08730909;
81BD : 07E10832;
81BE : 09BB0B6A;
81BF : 0BCD0A42;
81C0 : 094D07A2;
81C1 : 073C08BF;
81C2 : 09CB0AAF;
81C3 : 0AC20A10;
81C4 : 09C4091F;
81C5 : 092D0A32;
81C6 : 09970A10;
81C7 : 08560611;
81C8 : 05490581;
81C9 : 07470785;
81CA : 07C407FE;
81CB : 077305F3;
81CC : 061E073C;
81CD : 06F30539;
81CE : 0501045D;
81CF : 022B01C4;
81D0 : 01CF00E4;
81D1 : FD8CFBCE;
81D2 : FB41F8ED;
81D3 : F99AFBB6;
81D4 : FC73FC3C;
81D5 : FBB9FA9A;
81D6 : F88BF87F;
81D7 : FAF9FBB5;
81D8 : FB52FB91;
81D9 : FA9EFA7E;
81DA : FA1AFA60;
81DB : FA2AF9DE;
81DC : FA20F810;
81DD : F827F994;
81DE : FB04FDA4;
81DF : FE5CFD1D;
81E0 : FCCCFC0F;
81E1 : FC09FCCE;
81E2 : FF190188;
81E3 : 0025FFFA;
81E4 : FEE5FD2C;
81E5 : FD3BFE5B;
81E6 : FF18FDFC;
81E7 : FD7EFCBF;
81E8 : FA27F8F8;
81E9 : F97AF93E;
81EA : F9D7F96D;
81EB : F955F89B;
81EC : F892FA43;
81ED : FAB0FB92;
81EE : FAACF9E6;
81EF : FAB8F98A;
81F0 : F912F951;
81F1 : F969F900;
81F2 : F80AF8D2;
81F3 : F9D7FB1D;
81F4 : FE9DFFD2;
81F5 : FF170006;
81F6 : FFAA004A;
81F7 : 001C0189;
81F8 : 01CBFFBE;
81F9 : FFABFDE2;
81FA : FD6EFED3;
81FB : 010D009C;
81FC : FE6AFCDA;
81FD : FCA1FBC0;
81FE : FBF7FD5C;
81FF : FD63FE73;
8200 : FDA6FE85;
8201 : FDF7FE7F;
8202 : 00710001;
8203 : 0018FFED;
8204 : 00E1FFF8;
8205 : FF46FFED;
8206 : FF7BFDE9;
8207 : FCCBFB1E;
8208 : FA41FB6E;
8209 : FC0AFE23;
820A : FF02FFB7;
820B : FF31FD31;
820C : FD8DFD62;
820D : FFEA01CA;
820E : 022902B8;
820F : 037C049A;
8210 : 0449053A;
8211 : 065D0714;
8212 : 064506B3;
8213 : 060206B8;
8214 : 088008D3;
8215 : 08AC079F;
8216 : 0924090B;
8217 : 0A9E0CB4;
8218 : 0D480DBD;
8219 : 0D560C21;
821A : 0A720B12;
821B : 0BC50C4E;
821C : 0C330C78;
821D : 0C170B91;
821E : 0B830A8E;
821F : 0BAF0C50;
8220 : 0C800B66;
8221 : 0A750A2E;
8222 : 08AF08C8;
8223 : 080505AB;
8224 : 03CF040B;
8225 : 0406046D;
8226 : 05910541;
8227 : 038B0113;
8228 : 001BFE39;
8229 : FD6EFC94;
822A : FC28FD29;
822B : FD2AFD92;
822C : FDD6FEC6;
822D : FFA500C0;
822E : 014700FA;
822F : FFDAFF42;
8230 : FE5BFCE5;
8231 : FC41FAEB;
8232 : F9F6F7F6;
8233 : F692F6A7;
8234 : F6A0F73E;
8235 : F737F745;
8236 : F7D1F7F4;
8237 : F7E3F81F;
8238 : F8C3F99E;
8239 : F907F858;
823A : F950F9A4;
823B : F9B3F9BA;
823C : FA09F914;
823D : F8A5F8A7;
823E : F77EF7AA;
823F : F832F889;
8240 : F891F7D3;
8241 : F7B4F857;
8242 : F745F6E1;
8243 : F7C1F870;
8244 : F7CAF637;
8245 : F60DF549;
8246 : F60DF73C;
8247 : F75CF84A;
8248 : F8FFF97A;
8249 : F9D4FA8F;
824A : FB9EFCAB;
824B : FD65FE4B;
824C : FDCAFE5C;
824D : 009A0165;
824E : 01CF00F9;
824F : 00A50077;
8250 : 013A0260;
8251 : 02420250;
8252 : 01910118;
8253 : FFA3FF0F;
8254 : FF4F001A;
8255 : 00BA0105;
8256 : 00FB0177;
8257 : 0388033B;
8258 : 036F0393;
8259 : 0442033A;
825A : 01FD025F;
825B : 028303C5;
825C : 03460200;
825D : 0032FEFF;
825E : FE30FE1A;
825F : FE05FEBB;
8260 : FFB6FED6;
8261 : FEBBFDD3;
8262 : FE03FEBC;
8263 : 007B0323;
8264 : 03C00443;
8265 : 05130653;
8266 : 06840784;
8267 : 088608EC;
8268 : 08A707AF;
8269 : 07C40807;
826A : 091B08EE;
826B : 08AA07A4;
826C : 073707F3;
826D : 08DC0B29;
826E : 0C5B0C96;
826F : 0A4708E6;
8270 : 084B07FB;
8271 : 09500AEF;
8272 : 0A700886;
8273 : 087206DB;
8274 : 058F04D2;
8275 : 056B0568;
8276 : 0548062D;
8277 : 05FE0699;
8278 : 06C806E0;
8279 : 064305FA;
827A : 054F0413;
827B : 02F20291;
827C : 022CFFBF;
827D : FDD7FBBD;
827E : FAB0F9D1;
827F : F8F9F8DE;
8280 : F97DFA6A;
8281 : F9A4F9BD;
8282 : F9EBFA29;
8283 : FAADFB35;
8284 : FB32FAD5;
8285 : FA4DF9B4;
8286 : F971F94E;
8287 : FA00F96C;
8288 : F891F7A4;
8289 : F6B6F76A;
828A : F8A7F987;
828B : F901F814;
828C : F78FF71A;
828D : F778F991;
828E : FC39FE0C;
828F : FF13FEF5;
8290 : FED8FF71;
8291 : FFF3001A;
8292 : 009D0033;
8293 : FEF4FE4A;
8294 : FE18FEBE;
8295 : FF5BFFA6;
8296 : FFD9FE96;
8297 : FD51FD03;
8298 : FCD8FE22;
8299 : FF0BFDC9;
829A : FC5AFB5D;
829B : FA45F8F1;
829C : F8F0FA40;
829D : FB3EFB8C;
829E : FC83FDC4;
829F : FDFCFE21;
82A0 : FE8AFF53;
82A1 : FF61FFDC;
82A2 : 00100125;
82A3 : 030B0401;
82A4 : 04030316;
82A5 : 02400094;
82A6 : 00DF01E8;
82A7 : 02E90313;
82A8 : 019EFFCC;
82A9 : FDD6FCA9;
82AA : FBFDFC93;
82AB : FC97FD31;
82AC : FD2CFD15;
82AD : FE03FE89;
82AE : FF5DFF0E;
82AF : FEE7FD31;
82B0 : FC2CFC9F;
82B1 : FD74FEBB;
82B2 : FFFFFFCB;
82B3 : FD85FCB2;
82B4 : FBB1FB44;
82B5 : FC58FD66;
82B6 : FC3BFA52;
82B7 : F93DF7AB;
82B8 : F759F7B9;
82B9 : F912FADC;
82BA : FC16FD84;
82BB : FED700A0;
82BC : 01E102CF;
82BD : 02C102D2;
82BE : 03560327;
82BF : 02BD02A0;
82C0 : 03B404B3;
82C1 : 05520437;
82C2 : 03D204A0;
82C3 : 0533068C;
82C4 : 07B908FB;
82C5 : 092F08B3;
82C6 : 0843090E;
82C7 : 0A810B1B;
82C8 : 0C2E0CE5;
82C9 : 0CE10CF8;
82CA : 0D9D0D55;
82CB : 0C5B0AC7;
82CC : 0980090A;
82CD : 08E80954;
82CE : 0A7B0C97;
82CF : 0D960C46;
82D0 : 0BA10BC7;
82D1 : 0AB10967;
82D2 : 087E0753;
82D3 : 053903AB;
82D4 : 01C40085;
82D5 : 002CFFB0;
82D6 : FEE3FEAF;
82D7 : FEECFE64;
82D8 : FEC3FFE4;
82D9 : 013B005D;
82DA : FEF0FDE3;
82DB : FC77FC9E;
82DC : FCEDFDE5;
82DD : FEA0FF62;
82DE : FE49FC83;
82DF : FC40FC12;
82E0 : FC41FBFC;
82E1 : FC76FB91;
82E2 : FA6DF962;
82E3 : F8B4F8D6;
82E4 : F9EFFB10;
82E5 : FABBFAEC;
82E6 : FAC9FB54;
82E7 : FBD0FC13;
82E8 : FB91F9C9;
82E9 : F94AF80E;
82EA : F7CCF8F2;
82EB : FAC8FB1D;
82EC : FB2BFB4F;
82ED : FA6BFAC0;
82EE : FB06FC6A;
82EF : FBB4FAB6;
82F0 : F9EFF80D;
82F1 : F66BF5F0;
82F2 : F6F9F705;
82F3 : F73EF708;
82F4 : F723F796;
82F5 : F815F89E;
82F6 : F8C7F9CF;
82F7 : F884F7D5;
82F8 : F836F948;
82F9 : F989FA26;
82FA : FB7EFAE2;
82FB : FAC6FB82;
82FC : FD2AFCF9;
82FD : FDD6FEC8;
82FE : FE60FE42;
82FF : FD92FCF7;
8300 : FCA6FDF6;
8301 : FE71FEA1;
8302 : FF2DFF2E;
8303 : FEE9FF30;
8304 : 01350105;
8305 : 006CFFF7;
8306 : FF4CFF0D;
8307 : 004D0271;
8308 : 031C0301;
8309 : 02D502B0;
830A : 02820344;
830B : 0384034E;
830C : 02F7012E;
830D : FFD9FF07;
830E : FF440056;
830F : 015A032D;
8310 : 040104CB;
8311 : 060907ED;
8312 : 08A409B6;
8313 : 0B7C0B4A;
8314 : 0A5B0985;
8315 : 08EF08E4;
8316 : 09E30AA9;
8317 : 0ADD0B11;
8318 : 0A760A15;
8319 : 09A409DB;
831A : 0A340A24;
831B : 0A0A0955;
831C : 088307C4;
831D : 08720883;
831E : 07E90814;
831F : 09050A12;
8320 : 0A750AB7;
8321 : 0A860969;
8322 : 06B2050C;
8323 : 04A604DA;
8324 : 061F072B;
8325 : 090A0852;
8326 : 07CA07EF;
8327 : 081F071F;
8328 : 055C0575;
8329 : 038600FA;
832A : FF09FE18;
832B : FCD0FC1D;
832C : FC29FB6A;
832D : FA7FFA7B;
832E : FB98FC1B;
832F : FD6EFD90;
8330 : FC44FA5F;
8331 : F892F831;
8332 : F7F5F9CA;
8333 : FA8EF9E7;
8334 : F8E0F889;
8335 : F774F6BD;
8336 : F7D1F812;
8337 : F84EF763;
8338 : F6CFF60A;
8339 : F630F6EC;
833A : F7BCF97C;
833B : F988F96F;
833C : F8DDF9DC;
833D : FA0AF95B;
833E : FAB2FA60;
833F : F8D7F8AD;
8340 : FA2CFA2C;
8341 : FAD7FCC4;
8342 : FD6AFC74;
8343 : FCE1FD4A;
8344 : FC6FFCA5;
8345 : FC25FB20;
8346 : F902F85F;
8347 : F869F812;
8348 : F999FA19;
8349 : FA81FB0E;
834A : FC43FC76;
834B : FCDFFEB2;
834C : FF7EFFA8;
834D : FF22FEC1;
834E : FD2EFCCF;
834F : FE40FFE0;
8350 : 01D202E4;
8351 : 03390278;
8352 : 0217027F;
8353 : 029F0203;
8354 : 00F90155;
8355 : 00E00036;
8356 : 000B00D7;
8357 : 01750197;
8358 : 01AB0171;
8359 : 00D4FFD2;
835A : 0024FFD9;
835B : FFB1FF3D;
835C : FE95FD52;
835D : FC44FD1D;
835E : FD90FF16;
835F : 00650120;
8360 : 0186010C;
8361 : 00E8FFB5;
8362 : FE8DFCA6;
8363 : FB26FA2F;
8364 : F9A4FA6D;
8365 : FAB2FBA0;
8366 : FB9CFC38;
8367 : FD0AFE8D;
8368 : 00A300F7;
8369 : 026B0295;
836A : 018600B9;
836B : 01E00284;
836C : 037C0587;
836D : 07070770;
836E : 06B606A2;
836F : 057B05B6;
8370 : 06180683;
8371 : 060605C7;
8372 : 06C805F9;
8373 : 06A007D1;
8374 : 093D0ADA;
8375 : 0C170C48;
8376 : 0A880A84;
8377 : 0A400A39;
8378 : 09F00A10;
8379 : 0A5C09D1;
837A : 09CB0A98;
837B : 0C420BCC;
837C : 0B670A09;
837D : 08D407E1;
837E : 0679065E;
837F : 05DC05BB;
8380 : 04000231;
8381 : 0101FFD7;
8382 : FFEA00BE;
8383 : 011B0098;
8384 : FFCAFE9C;
8385 : FE8AFE26;
8386 : FE71FE1B;
8387 : FD22FC61;
8388 : FB81FBD9;
8389 : FC2AFD89;
838A : FE19FDAA;
838B : FDEFFD94;
838C : FDBFFD9C;
838D : FD6BFCBD;
838E : FB32F997;
838F : F88CF8B6;
8390 : F965F9D7;
8391 : FA68FB0D;
8392 : FAF1FAC4;
8393 : FAD5FB8E;
8394 : FBF6FC86;
8395 : FD12FC37;
8396 : FBBAFC45;
8397 : FC79FD65;
8398 : FE54FF2A;
8399 : FF00FE46;
839A : FD82FC63;
839B : FAF9F95D;
839C : F774F682;
839D : F693F600;
839E : F611F76D;
839F : F984F9E2;
83A0 : FA3CFA9A;
83A1 : FA0FF9EF;
83A2 : FA0DFA7E;
83A3 : FA97FAB6;
83A4 : FA2DF95E;
83A5 : F9CAFB96;
83A6 : FE1AFF9A;
83A7 : 0075007E;
83A8 : FFCEFF7C;
83A9 : FFDD000D;
83AA : 006D00D0;
83AB : FFF4FE7C;
83AC : FDE2FEA8;
83AD : FF9E0036;
83AE : 00530045;
83AF : 0075FED1;
83B0 : FDB1FDDE;
83B1 : FED5FF5D;
83B2 : FF17FE3B;
83B3 : FD27FED2;
83B4 : 00AE02CF;
83B5 : 040A04FF;
83B6 : 04D20327;
83B7 : 01DE0143;
83B8 : 00BCFF68;
83B9 : FF0DFD55;
83BA : FC0BFC84;
83BB : FDE7FEFC;
83BC : FF14FFDA;
83BD : FF59FF76;
83BE : FF8B0070;
83BF : 016E0127;
83C0 : 01B702DA;
83C1 : 03B10462;
83C2 : 06760805;
83C3 : 09050934;
83C4 : 0997094B;
83C5 : 08C90977;
83C6 : 09C90978;
83C7 : 0801075E;
83C8 : 068F0548;
83C9 : 064C07CF;
83CA : 09060968;
83CB : 09C508FD;
83CC : 074A0728;
83CD : 07A60847;
83CE : 08A3091D;
83CF : 080705EF;
83D0 : 05810748;
83D1 : 0854080E;
83D2 : 0901093F;
83D3 : 087D07C3;
83D4 : 085207EC;
83D5 : 064E05FF;
83D6 : 0502028D;
83D7 : FFEDFF96;
83D8 : FF40FE3E;
83D9 : FDB4FD3D;
83DA : FB95F9F6;
83DB : F9D0F971;
83DC : F8DDF896;
83DD : F869F769;
83DE : F61CF647;
83DF : F6D8F7BE;
83E0 : F8D4F9DC;
83E1 : FA40FA11;
83E2 : FA91FAD1;
83E3 : FAABF98F;
83E4 : F93DF83B;
83E5 : F6F9F785;
83E6 : F947FA90;
83E7 : FA65FB88;
83E8 : FB9DFB2C;
83E9 : FBC2FD4F;
83EA : FD87FC03;
83EB : FC90FD3E;
83EC : FCDEFC61;
83ED : FE9A0044;
83EE : 018F033A;
83EF : 03B10290;
83F0 : 012101D4;
83F1 : 00A0FF92;
83F2 : FE9CFD8E;
83F3 : FB92F933;
83F4 : F970FA1E;
83F5 : FB23FBE9;
83F6 : FCAFFC66;
83F7 : FC1BFCA1;
83F8 : FCB6FC6A;
83F9 : FC4DFD74;
83FA : FD6EFD1A;
83FB : FCE6FE5E;
83FC : FFD90001;
83FD : 01C6026C;
83FE : 0284026B;
83FF : 031302B6;
8400 : 016E0201;
8401 : 01EC00C8;
8402 : FF5EFF74;
8403 : FFB10044;
8404 : 015301AD;
8405 : FFE3FE1B;
8406 : FF59FEF7;
8407 : FDACFCAC;
8408 : FC85FB49;
8409 : F9D8FB0A;
840A : FC75FE3D;
840B : FF730075;
840C : 0026FFC4;
840D : 015A02AA;
840E : 018EFFDE;
840F : FFA7FDF7;
8410 : FB8CFA2A;
8411 : FA6AFB0E;
8412 : FC1DFDBD;
8413 : FD78FCDF;
8414 : FD12FE5B;
8415 : FF23FF98;
8416 : 01E3023A;
8417 : 0095000C;
8418 : 01D803DF;
8419 : 051906A2;
841A : 07560791;
841B : 0783089E;
841C : 08920764;
841D : 060E050B;
841E : 03EA0315;
841F : 04DE0605;
8420 : 076608DC;
8421 : 09FD099F;
8422 : 094C0B14;
8423 : 0C070B57;
8424 : 0987095D;
8425 : 08AE078A;
8426 : 084909E0;
8427 : 0B560C96;
8428 : 0DEB0CA8;
8429 : 0B540B8B;
842A : 0BC60A56;
842B : 081D07B1;
842C : 06A80519;
842D : 035B0372;
842E : 0378031D;
842F : 02CE00DC;
8430 : FF92FEA0;
8431 : FEBAFD77;
8432 : FCCFFCEB;
8433 : FC06FACF;
8434 : F9E4FADE;
8435 : FBECFCFE;
8436 : FDDBFE61;
8437 : FDD8FD9F;
8438 : FE37FE72;
8439 : FEBBFDF5;
843A : FCF9FA84;
843B : F90FF8DB;
843C : F881F926;
843D : F937F96F;
843E : F83AF768;
843F : F6FDF62E;
8440 : F658F6F5;
8441 : F74FF694;
8442 : F5F8F6E4;
8443 : F89FF92C;
8444 : F8FBF8C7;
8445 : F96BFA69;
8446 : FA62FB59;
8447 : FC05FBC7;
8448 : F9B0F66B;
8449 : F4DFF401;
844A : F557F659;
844B : F665F678;
844C : F601F604;
844D : F5C7F70E;
844E : F845F894;
844F : F8A9F8BF;
8450 : F879F8C3;
8451 : F9D3FAD3;
8452 : FC41FD5E;
8453 : FF05FF70;
8454 : 00C50236;
8455 : 02D103D1;
8456 : 0395039F;
8457 : 0293024A;
8458 : 02CB0250;
8459 : 029202D6;
845A : 037D02B7;
845B : 02610294;
845C : 03170304;
845D : 024301BF;
845E : 0136012E;
845F : 004C00C2;
8460 : 00970189;
8461 : 023902CD;
8462 : 033702EE;
8463 : 04A804F3;
8464 : 04FA03D7;
8465 : 02AF0121;
8466 : FECCFDE7;
8467 : FD4AFDA5;
8468 : FDDEFE77;
8469 : FE89FEF3;
846A : FF77005A;
846B : 00E200CB;
846C : 018D0103;
846D : 01550229;
846E : 043E057C;
846F : 068507E2;
8470 : 07C00905;
8471 : 09EA0BE7;
8472 : 0D260D06;
8473 : 0BDB09BB;
8474 : 08720878;
8475 : 0915090D;
8476 : 099B0A50;
8477 : 0AC70A16;
8478 : 0A800B03;
8479 : 0B0B0A9D;
847A : 086506B6;
847B : 057F0594;
847C : 06F307E6;
847D : 08100759;
847E : 077C074F;
847F : 072E07C2;
8480 : 083F0821;
8481 : 068B03D1;
8482 : 00BEFDD6;
8483 : FD14FD6C;
8484 : FC96FC33;
8485 : FB5EFA98;
8486 : F986F8C5;
8487 : F8C3F86B;
8488 : F78FF630;
8489 : F50EF4F5;
848A : F4FDF58A;
848B : F6F7F78C;
848C : F81DF847;
848D : F91EF8D9;
848E : F856F906;
848F : F951F8F4;
8490 : F80DF81B;
8491 : F74BF787;
8492 : F8C6F8F7;
8493 : F904FA62;
8494 : FAEEFA67;
8495 : FAF3FC0B;
8496 : FD05FC7C;
8497 : FC73FBAD;
8498 : FAC6FBF9;
8499 : FD14FECA;
849A : FF88001F;
849B : FFA1FF49;
849C : 00670164;
849D : 020E011F;
849E : FFAEFCB1;
849F : FAE1FA03;
84A0 : FA61FB38;
84A1 : FBD8FB22;
84A2 : F9E8F973;
84A3 : F889FA5E;
84A4 : FD0BFEFF;
84A5 : FDFDFC45;
84A6 : FB63FA55;
84A7 : FBDCFE96;
84A8 : 004A0027;
84A9 : 002D0086;
84AA : 01120277;
84AB : 045E0537;
84AC : 04180330;
84AD : 01CA0132;
84AE : 01E202D9;
84AF : 031F0295;
84B0 : 021F010C;
84B1 : 00B7007B;
84B2 : 01420161;
84B3 : 0044FEFF;
84B4 : FCFBFC08;
84B5 : FC09FC7D;
84B6 : FD47FE01;
84B7 : FD34FCF0;
84B8 : FDE3FFD8;
84B9 : 009D005C;
84BA : FFF8FE74;
84BB : FCA0FAC4;
84BC : FA10FA4C;
84BD : FA33F958;
84BE : F889F840;
84BF : F901FA28;
84C0 : FAC6FBAD;
84C1 : FCF2FCF5;
84C2 : FC45FBE1;
84C3 : FBB6FC5F;
84C4 : FDCBFEFF;
84C5 : FFDBFFEF;
84C6 : 010602A9;
84C7 : 044E0658;
84C8 : 07B70792;
84C9 : 0644052B;
84CA : 03F70386;
84CB : 04CC06DF;
84CC : 0741071B;
84CD : 072F0750;
84CE : 07B30852;
84CF : 097C0A68;
84D0 : 0AC109F9;
84D1 : 097D08FF;
84D2 : 09520AB1;
84D3 : 0B230B07;
84D4 : 0AD50B62;
84D5 : 0D300EB8;
84D6 : 0FF71078;
84D7 : 0E7A0AFA;
84D8 : 07D905FC;
84D9 : 05D006F8;
84DA : 071F059B;
84DB : 034D0222;
84DC : 01D20216;
84DD : 02980299;
84DE : 01CAFFFB;
84DF : FE12FD7D;
84E0 : FE27FF65;
84E1 : FFFBFF1F;
84E2 : FE19FD76;
84E3 : FD45FEB7;
84E4 : 00ED0116;
84E5 : 00A2FF31;
84E6 : FD95FD1F;
84E7 : FD16FD97;
84E8 : FE37FD5D;
84E9 : FB8BFA42;
84EA : F9D0F9E8;
84EB : FA5FFB8D;
84EC : FB88FA35;
84ED : F94BF8D6;
84EE : F87CF921;
84EF : FA38FACC;
84F0 : FAC5FAB5;
84F1 : FA94FA6F;
84F2 : FB81FD43;
84F3 : FDA5FD36;
84F4 : FCF1FBC1;
84F5 : F9EEF877;
84F6 : F7FCF7AC;
84F7 : F7CBF7EE;
84F8 : F761F67F;
84F9 : F64AF68D;
84FA : F7AAF964;
84FB : F8F9F740;
84FC : F6A4F775;
84FD : F8E9FB15;
84FE : FC53FB78;
84FF : F964F899;
8500 : F980FB4D;
8501 : FDC2FF24;
8502 : FE26FD98;
8503 : FD32FC2E;
8504 : FCB8FE25;
8505 : FEE1FE87;
8506 : FE31FD62;
8507 : FD2BFD97;
8508 : FF4800CC;
8509 : 00A4FF7F;
850A : FDE6FC96;
850B : FD07FF20;
850C : 00C500BE;
850D : FE9BFCA1;
850E : FC24FE6F;
850F : 012502F0;
8510 : 03C3025E;
8511 : 01E201B6;
8512 : 010D0168;
8513 : 01940082;
8514 : FF18FE66;
8515 : FE46FF31;
8516 : 00870276;
8517 : 034902C2;
8518 : 02B1024F;
8519 : 01E502BC;
851A : 044604FC;
851B : 05B90515;
851C : 0466056D;
851D : 079009C9;
851E : 0B9F0C8A;
851F : 0C050BE8;
8520 : 0B3B0B0E;
8521 : 0B990CAC;
8522 : 0BCB0A0E;
8523 : 08D50841;
8524 : 09150984;
8525 : 0A57093C;
8526 : 078506B6;
8527 : 05860446;
8528 : 04EF06AB;
8529 : 071B06F0;
852A : 062C059B;
852B : 05D106AA;
852C : 087A09D0;
852D : 0948083C;
852E : 06D90413;
852F : 02E902EA;
8530 : 030B01D3;
8531 : FF3DFD0B;
8532 : FC21FD3F;
8533 : FEEBFFFE;
8534 : FDA8FB09;
8535 : F9A2F918;
8536 : FA26FCF3;
8537 : FE5EFC7F;
8538 : FA63F79A;
8539 : F634F6ED;
853A : F926FB05;
853B : FB80FAA6;
853C : F95BF845;
853D : F771F847;
853E : F8B9F836;
853F : F715F591;
8540 : F425F4AB;
8541 : F646F86A;
8542 : FA04F925;
8543 : F813F6FC;
8544 : F6FBF959;
8545 : FC6FFDB6;
8546 : FC58FAAC;
8547 : F968F9A8;
8548 : FBF3FE88;
8549 : FFB0FF69;
854A : FE6BFDBF;
854B : FD8DFCE7;
854C : FD01FC06;
854D : FAF0FA3F;
854E : F9E3F954;
854F : F9DBFB1B;
8550 : FB2FFBAE;
8551 : FB48FBB9;
8552 : FBE8FC93;
8553 : FDA1FE8F;
8554 : FF95FFB3;
8555 : FF91FF1B;
8556 : 00DB03B2;
8557 : 06DB081C;
8558 : 08110757;
8559 : 068A06B9;
855A : 067C076F;
855B : 074B06B7;
855C : 056B0403;
855D : 03840370;
855E : 0500052E;
855F : 03EA0220;
8560 : 0042FEED;
8561 : FDD4FEB1;
8562 : 00830137;
8563 : 0095FF4E;
8564 : FCB6FBDA;
8565 : FDD70016;
8566 : 01A501A6;
8567 : 008FFE28;
8568 : FD6AFE6D;
8569 : FF37FF39;
856A : FD86FB0D;
856B : F8F6F935;
856C : FB1BFDD0;
856D : FFFD003B;
856E : FEE7FDB6;
856F : FE75FFC8;
8570 : 01BC025C;
8571 : 0150FFF9;
8572 : FF4900AB;
8573 : 02E50572;
8574 : 071707E2;
8575 : 08B00841;
8576 : 06C60680;
8577 : 0734078D;
8578 : 06EC053D;
8579 : 040C034D;
857A : 0491074E;
857B : 094408BA;
857C : 06D40599;
857D : 05190677;
857E : 081508BC;
857F : 07E0072B;
8580 : 06E506EA;
8581 : 08320A2A;
8582 : 0C280C1C;
8583 : 0A6308C8;
8584 : 08210768;
8585 : 05C2050B;
8586 : 038A01D1;
8587 : 0120001C;
8588 : FED2FDC6;
8589 : FEA8FF6E;
858A : FF2FFE13;
858B : FD29FBEE;
858C : FAC9FBC5;
858D : FC8DFD27;
858E : FCB5FB1F;
858F : F8FBF90E;
8590 : FC04FE82;
8591 : FE79FD07;
8592 : FCA7FC91;
8593 : FDB7FE88;
8594 : FE9FFDD6;
8595 : FC56FABE;
8596 : F93BF969;
8597 : FA52FBCC;
8598 : FC38FB84;
8599 : FA4AF91E;
859A : F8E9F875;
859B : F8D5F8F9;
859C : F87CF8BE;
859D : F85DF7DF;
859E : F884FB7A;
859F : FE54FE29;
85A0 : FD45FC70;
85A1 : FB73FB2A;
85A2 : FC44FC5C;
85A3 : FA3EF7E6;
85A4 : F680F613;
85A5 : F838FBD7;
85A6 : FCDDFAB8;
85A7 : F7EEF751;
85A8 : F744F893;
85A9 : FA9FFB1A;
85AA : FA02F959;
85AB : F92CF9A2;
85AC : FB57FD5F;
85AD : FFDC0088;
85AE : 00470090;
85AF : 016D0146;
85B0 : 01880272;
85B1 : 01F300E0;
85B2 : 0060FFAB;
85B3 : FEBCFF32;
85B4 : 01940370;
85B5 : 02C1011A;
85B6 : FF7FFF58;
85B7 : FFCD0141;
85B8 : 0240018B;
85B9 : 00B6006B;
85BA : FFB40011;
85BB : 022302FD;
85BC : 02E502C5;
85BD : 035102D1;
85BE : 028B030F;
85BF : 02710172;
85C0 : 0039FEBF;
85C1 : FD86FDB3;
85C2 : FF5E011D;
85C3 : 026D029A;
85C4 : 02D702D5;
85C5 : 01CA01F1;
85C6 : 0303033E;
85C7 : 02B60220;
85C8 : 010F00AE;
85C9 : 030207BA;
85CA : 0A7F0A81;
85CB : 093A07EF;
85CC : 082F09A5;
85CD : 0B320A7A;
85CE : 08180696;
85CF : 05D105C4;
85D0 : 06B20997;
85D1 : 0BC50A55;
85D2 : 08D3074D;
85D3 : 061D05EB;
85D4 : 067C0622;
85D5 : 04790395;
85D6 : 034D039B;
85D7 : 04F90777;
85D8 : 09F80BB9;
85D9 : 0B880A15;
85DA : 08E8081F;
85DB : 08540842;
85DC : 05C20333;
85DD : 01B700AC;
85DE : 00220170;
85DF : 037A037F;
85E0 : 0238011B;
85E1 : 0057FFBC;
85E2 : 007B0034;
85E3 : FE2EFC31;
85E4 : FBEFFCF7;
85E5 : FD6FFDC2;
85E6 : FE56FE78;
85E7 : FDADFD6F;
85E8 : FD2DFC0E;
85E9 : FB7DFB7D;
85EA : FA97F8F2;
85EB : F818F789;
85EC : F706F750;
85ED : F840FA23;
85EE : FB00FA2D;
85EF : F8DDF7C1;
85F0 : F761F84E;
85F1 : FA05FA87;
85F2 : FA9FFA4F;
85F3 : FA2FF9E5;
85F4 : FA69FC21;
85F5 : FCBBFD16;
85F6 : FCADFD88;
85F7 : FE8EFFC3;
85F8 : 0090FF23;
85F9 : FDB6FC6A;
85FA : FB22F9E9;
85FB : FA72FB3E;
85FC : FC53FC2B;
85FD : FBD7FAEB;
85FE : F8F3F8F0;
85FF : F9DFFB30;
8600 : FAD9FA5E;
8601 : F973F90E;
8602 : FA40FC2F;
8603 : FDC1FEA8;
8604 : FF67FF08;
8605 : FEB4FEE4;
8606 : 002B015E;
8607 : 0090FFC9;
8608 : FF3EFEF3;
8609 : FF5F0001;
860A : 00C2FFD5;
860B : FF3CFEA6;
860C : FDFCFD95;
860D : FDD6FECD;
860E : FEF8FE67;
860F : FCD8FBDE;
8610 : FBBCFCB9;
8611 : FD7CFE78;
8612 : FEB6FDFB;
8613 : FD90FD20;
8614 : FEAD0003;
8615 : 00A600B2;
8616 : FFCBFF3A;
8617 : FE92FEF9;
8618 : FFC80103;
8619 : 01B10145;
861A : 01210181;
861B : 01D501F2;
861C : 0373034F;
861D : 025D0160;
861E : 00FB0220;
861F : 02E4041C;
8620 : 046804F1;
8621 : 052B04C6;
8622 : 050405F9;
8623 : 0732073A;
8624 : 06740508;
8625 : 049404BA;
8626 : 06440777;
8627 : 074C0761;
8628 : 069205E5;
8629 : 042B03E3;
862A : 04AD049F;
862B : 045E0399;
862C : 03BC0547;
862D : 0776087B;
862E : 099B09F5;
862F : 0A0609CF;
8630 : 09A90AB6;
8631 : 0B290B9D;
8632 : 0A48085A;
8633 : 07900665;
8634 : 05C90602;
8635 : 064C05B6;
8636 : 03BC01C2;
8637 : 008E0004;
8638 : 004B007C;
8639 : 0000FF7C;
863A : FEE7FEE6;
863B : FE5AFE52;
863C : FF20FEA0;
863D : FE30FD7F;
863E : FD9CFDA3;
863F : FDFDFEB0;
8640 : FDA5FC51;
8641 : FABFF9EE;
8642 : FA76FB98;
8643 : FBFEFC7E;
8644 : FBE6FA7D;
8645 : F9ECF986;
8646 : F9C6F9A8;
8647 : FA2CF939;
8648 : F7F7F785;
8649 : F663F5FB;
864A : F652F7A9;
864B : F809F858;
864C : F901F9BE;
864D : FA04F981;
864E : F961F84D;
864F : F769F778;
8650 : F7F9F78F;
8651 : F79CF861;
8652 : F812F82F;
8653 : F85FF898;
8654 : F7E5F839;
8655 : F92DF8E8;
8656 : F8DFF84E;
8657 : F8B7F992;
8658 : FB8CFD70;
8659 : FEDC0049;
865A : FFF8FFEE;
865B : FFB0000C;
865C : 007300A3;
865D : 0097006D;
865E : 00830081;
865F : 015F01D0;
8660 : 028A0217;
8661 : 00C8FF09;
8662 : FE14FF5A;
8663 : 002E0179;
8664 : 018C013E;
8665 : 01B801E0;
8666 : 022902C5;
8667 : 045504E7;
8668 : 04AC042C;
8669 : 03DA0403;
866A : 04BB05BB;
866B : 06100624;
866C : 058A04D4;
866D : 03F1041D;
866E : 04C4055F;
866F : 06320598;
8670 : 04CC0342;
8671 : 027E02C5;
8672 : 02DC0370;
8673 : 036602C4;
8674 : 01EA0239;
8675 : 035F0438;
8676 : 04DA0590;
8677 : 05DD0635;
8678 : 06980711;
8679 : 083C082B;
867A : 076F064B;
867B : 05AE05EC;
867C : 0669078A;
867D : 07560655;
867E : 0502035E;
867F : 02AF0236;
8680 : 02260274;
8681 : 01BB0118;
8682 : 008D004E;
8683 : 01580207;
8684 : 02E502DE;
8685 : 021601F2;
8686 : 013E01E8;
8687 : 0324039E;
8688 : 02C50109;
8689 : FFFCFEEA;
868A : FE2BFE2C;
868B : FED4FF5A;
868C : FEACFCA9;
868D : FB93FB2F;
868E : FB3FFBFC;
868F : FBEDFBDF;
8690 : FA8AF9A4;
8691 : F9C7FADF;
8692 : FD09FD92;
8693 : FD75FC91;
8694 : FC3FFC01;
8695 : FBAFFC0A;
8696 : FC1EFB42;
8697 : F971F8F8;
8698 : F8C4F9B8;
8699 : FB04FBC3;
869A : FB6CFA5C;
869B : FA22F916;
869C : F8C5F8F0;
869D : FA0EFAA3;
869E : FB14FB4A;
869F : FA7DFC6C;
86A0 : FE810019;
86A1 : FFD3FF0A;
86A2 : FF25FEA4;
86A3 : FF55FFF5;
86A4 : 01030169;
86A5 : 01140068;
86A6 : FFCDFFE8;
86A7 : 003A0071;
86A8 : FFD5FFC3;
86A9 : FE77FD53;
86AA : FCCEFD3C;
86AB : FE3AFD67;
86AC : FD85FCBC;
86AD : FC2DFC7F;
86AE : FDA60002;
86AF : 00770041;
86B0 : FF0EFE4C;
86B1 : FE3DFEE8;
86B2 : 0077020A;
86B3 : 026801A1;
86B4 : 0120FF42;
86B5 : FF7E008E;
86B6 : 01E00228;
86B7 : 00B300B5;
86B8 : FFC0FFE4;
86B9 : 002100B8;
86BA : 00FB002B;
86BB : 0019FF4F;
86BC : FF7C007D;
86BD : 022A025B;
86BE : 01AF00EB;
86BF : FFCFFFDB;
86C0 : 006801E3;
86C1 : 018500A4;
86C2 : FF82FE27;
86C3 : FE63FF2A;
86C4 : 00B100E2;
86C5 : 0029FF35;
86C6 : FF01FED9;
86C7 : FE1CFEB5;
86C8 : FF59FEF2;
86C9 : FE45FF36;
86CA : FF81FFCD;
86CB : 020A036F;
86CC : 032D0166;
86CD : 00850063;
86CE : 00F802F5;
86CF : 0492053F;
86D0 : 04A003FD;
86D1 : 030602AF;
86D2 : 038B0485;
86D3 : 04B903E4;
86D4 : 0380029B;
86D5 : 02670342;
86D6 : 04AE057D;
86D7 : 050704D8;
86D8 : 0405042F;
86D9 : 05730745;
86DA : 0918096D;
86DB : 092808A3;
86DC : 087308B0;
86DD : 09B50B00;
86DE : 0B4C0B2A;
86DF : 0AC70971;
86E0 : 08500845;
86E1 : 0780061F;
86E2 : 0531045E;
86E3 : 038002BF;
86E4 : 02BE02DC;
86E5 : 01FC00E2;
86E6 : FFE1FF44;
86E7 : FF5C0087;
86E8 : 01EA01F8;
86E9 : 01470074;
86EA : FFF1FFEE;
86EB : 00F10150;
86EC : 00D10031;
86ED : FED3FD39;
86EE : FC0BFC89;
86EF : FC72FC31;
86F0 : FC57FB89;
86F1 : FA28F8BD;
86F2 : F86CF88D;
86F3 : F92BF8B1;
86F4 : F78EF6FE;
86F5 : F6F8F7A1;
86F6 : F847F9DD;
86F7 : FA6DF96E;
86F8 : F82EF7F2;
86F9 : F8CEF951;
86FA : FABDFBBD;
86FB : FB4DFA64;
86FC : F981F8CE;
86FD : F827F836;
86FE : F813F7BC;
86FF : F74AF6B9;
8700 : F6BAF737;
8701 : F813F84F;
8702 : F806F786;
8703 : F70DF6E4;
8704 : F76CF87E;
8705 : F952F9D2;
8706 : F981F974;
8707 : F9A6FA9C;
8708 : FC2FFD33;
8709 : FDD5FD68;
870A : FCD8FC74;
870B : FD49FEC7;
870C : FF46FF0C;
870D : FE6CFD8E;
870E : FCA3FC8D;
870F : FCEDFE58;
8710 : FF44FF33;
8711 : FF53FF61;
8712 : FFC20082;
8713 : 02BF0475;
8714 : 046E0452;
8715 : 044B0427;
8716 : 048605F1;
8717 : 06F40661;
8718 : 05810554;
8719 : 04EE04EB;
871A : 059D05EC;
871B : 055D0482;
871C : 039402F3;
871D : 038B04A2;
871E : 059705C7;
871F : 05AB0553;
8720 : 04A10522;
8721 : 06660782;
8722 : 07A20693;
8723 : 05B305B6;
8724 : 06670785;
8725 : 08F60A04;
8726 : 09A508B1;
8727 : 0849079C;
8728 : 078008A9;
8729 : 08A1074C;
872A : 064A05AA;
872B : 052C0567;
872C : 06DE0731;
872D : 05F904D6;
872E : 03AA0293;
872F : 02B6041C;
8730 : 0554060A;
8731 : 05F9055B;
8732 : 0487041C;
8733 : 045C04E1;
8734 : 049D0394;
8735 : 02D301EB;
8736 : 01320101;
8737 : 02220256;
8738 : 00E7FFBE;
8739 : FE23FD1A;
873A : FCA8FD75;
873B : FE5AFD9A;
873C : FD50FDB4;
873D : FD43FCC7;
873E : FD44FD39;
873F : FC1EFB33;
8740 : FB23FAA0;
8741 : FB02FCF2;
8742 : FDB9FD1B;
8743 : FBFDFB15;
8744 : F99BF85E;
8745 : F87DF8AC;
8746 : F801F690;
8747 : F57DF5A2;
8748 : F610F6C7;
8749 : F874F92D;
874A : F8FDF8B2;
874B : F8AEF955;
874C : FA25FBC4;
874D : FCBDFCDE;
874E : FCF2FC87;
874F : FC97FD3D;
8750 : FE38FE79;
8751 : FDF4FDB7;
8752 : FD8DFCD7;
8753 : FC5DFDAE;
8754 : FE39FD37;
8755 : FCE9FCA3;
8756 : FB5CFAE5;
8757 : FC50FD7A;
8758 : FDAAFD96;
8759 : FDBEFD36;
875A : FD31FE0F;
875B : FE25FEF7;
875C : FFA8FFB4;
875D : FF8BFFA8;
875E : 0070016F;
875F : 02550270;
8760 : 023B021F;
8761 : 02DB0350;
8762 : 03B0038A;
8763 : 01A10002;
8764 : FF0EFF36;
8765 : FFBB00F0;
8766 : 02980272;
8767 : 012D006D;
8768 : 009100D4;
8769 : 020D034E;
876A : 036802F5;
876B : 024B01F1;
876C : 02300350;
876D : 03C00333;
876E : 029401CC;
876F : 011200AD;
8770 : 010800DC;
8771 : FFE6FF3D;
8772 : FE57FD39;
8773 : FC7AFD13;
8774 : FE4CFEB8;
8775 : FED8FEE3;
8776 : FEF7FFA0;
8777 : 00EE01D9;
8778 : 02010239;
8779 : 02410127;
877A : 00700179;
877B : 028502F5;
877C : 037B03D4;
877D : 03290246;
877E : 02920301;
877F : 02D20250;
8780 : 01BE015A;
8781 : 010D017D;
8782 : 02800358;
8783 : 035F027A;
8784 : 02170241;
8785 : 02EA0410;
8786 : 051E05A8;
8787 : 05740563;
8788 : 0563057D;
8789 : 061F06E6;
878A : 06EA0684;
878B : 0654064E;
878C : 070C079D;
878D : 07EA0777;
878E : 064904E0;
878F : 02A40131;
8790 : 00BE012A;
8791 : 01BD0187;
8792 : 00B0FFE3;
8793 : FFD4FFA3;
8794 : 001C005C;
8795 : FFB2FED6;
8796 : FE5DFE77;
8797 : FE38FF66;
8798 : 00F900A6;
8799 : FF52FEB3;
879A : FE43FD83;
879B : FE55FF2F;
879C : FEE8FDAF;
879D : FC50FABE;
879E : F93AFA25;
879F : FB96FC3B;
87A0 : FC56FC14;
87A1 : FB61FAF7;
87A2 : FB48FB23;
87A3 : FBD1FC9C;
87A4 : FCDDFC45;
87A5 : FBC7FC14;
87A6 : FBC4FC0F;
87A7 : FB9EFA4B;
87A8 : F9E7FAC7;
87A9 : FB8CFBAF;
87AA : FC3BFB54;
87AB : F959F81A;
87AC : F829F854;
87AD : F8E5FAA0;
87AE : FB21FA89;
87AF : F9FAF98E;
87B0 : F8D5F973;
87B1 : FB23FBAF;
87B2 : FBD6FB5F;
87B3 : FADCFA86;
87B4 : FB54FCDE;
87B5 : FD2DFD90;
87B6 : FE26FECD;
87B7 : FFBA00AC;
87B8 : 00BCFF96;
87B9 : FE51FCF8;
87BA : FBC7FB93;
87BB : FCA2FDD3;
87BC : FEDFFF85;
87BD : FF60FF5B;
87BE : FFA70047;
87BF : 011A025D;
87C0 : 0336030D;
87C1 : 038703FA;
87C2 : 03F90459;
87C3 : 053B05B0;
87C4 : 045F0355;
87C5 : 032C02D1;
87C6 : 03470450;
87C7 : 04BD03CD;
87C8 : 0269010B;
87C9 : 00390097;
87CA : 0113014C;
87CB : 0160017D;
87CC : 015601B8;
87CD : 03130481;
87CE : 05400521;
87CF : 053504CC;
87D0 : 04A404DA;
87D1 : 0517053D;
87D2 : 0423030F;
87D3 : 024202B9;
87D4 : 0417054F;
87D5 : 06720670;
87D6 : 0541036C;
87D7 : 02AE0315;
87D8 : 045B053D;
87D9 : 05920606;
87DA : 05E60638;
87DB : 066706D3;
87DC : 070506B0;
87DD : 05FA051B;
87DE : 05830606;
87DF : 06F70757;
87E0 : 06FC05EE;
87E1 : 047003C2;
87E2 : 033803C3;
87E3 : 046304A8;
87E4 : 03A20164;
87E5 : FFA6FEA1;
87E6 : FEB2FE76;
87E7 : FEE8FF72;
87E8 : FEF0FDDB;
87E9 : FD43FDF2;
87EA : FE83FF4C;
87EB : FF74FEB7;
87EC : FDD5FDB5;
87ED : FE43FE90;
87EE : FF52FF44;
87EF : FE40FCE8;
87F0 : FBFEFB9F;
87F1 : FB79FBBE;
87F2 : FB6BFA4C;
87F3 : F871F6EC;
87F4 : F668F737;
87F5 : F883F8C0;
87F6 : F8E4F8F1;
87F7 : F8B6F8C1;
87F8 : F9C1FB6A;
87F9 : FC79FCCF;
87FA : FCE6FC80;
87FB : FBD1FBEE;
87FC : FC95FCE5;
87FD : FC8CFC3A;
87FE : FBEEFBAD;
87FF : FCA7FD89;
8800 : FDC3FD96;
8801 : FC57FB32;
8802 : FAC4FB01;
8803 : FBABFBF7;
8804 : FC54FBEC;
8805 : FB4AFB75;
8806 : FB85FC7D;
8807 : FDA4FE03;
8808 : FD7FFCBD;
8809 : FD23FD6E;
880A : FDF5FEF6;
880B : FF33FE5E;
880C : FDB5FDAD;
880D : FDB1FED4;
880E : 00820177;
880F : 01810120;
8810 : 006BFFE2;
8811 : FF86FF18;
8812 : FF7BFF3A;
8813 : FEFAFF14;
8814 : FF7500E4;
8815 : 0223033B;
8816 : 03180252;
8817 : 01F30188;
8818 : 01E202B3;
8819 : 0371037D;
881A : 02C201E3;
881B : 01C10228;
881C : 028C02A9;
881D : 0230019D;
881E : 00A3FFBF;
881F : FF6EFFA1;
8820 : 0035010B;
8821 : 01240025;
8822 : 009701CE;
8823 : 02790347;
8824 : 03DF03B9;
8825 : 02FF02D3;
8826 : 032403A8;
8827 : 04170422;
8828 : 03790280;
8829 : 024B0255;
882A : 035904C8;
882B : 057505A1;
882C : 04C5037C;
882D : 023401FE;
882E : 033F0416;
882F : 044804BA;
8830 : 04F0048D;
8831 : 04CC05C4;
8832 : 069006A3;
8833 : 064B0622;
8834 : 05790510;
8835 : 05A505E8;
8836 : 05950589;
8837 : 05640506;
8838 : 052205BC;
8839 : 067D066B;
883A : 061605D8;
883B : 04A1038D;
883C : 03290309;
883D : 026A009A;
883E : FF5BFF3F;
883F : FF40FFFF;
8840 : 013301D5;
8841 : 017E0074;
8842 : FF98FE3C;
8843 : FDC5FE70;
8844 : FE20FD7E;
8845 : FCCBFCA6;
8846 : FC55FC55;
8847 : FD69FDA2;
8848 : FD71FC33;
8849 : FA5DF963;
884A : F905F998;
884B : F9D0F94D;
884C : F942F916;
884D : F8F7F9B8;
884E : FA78FBC6;
884F : FCBBFCE8;
8850 : FD1BFC37;
8851 : FB2DFAB3;
8852 : FB09FAFA;
8853 : F9FFF9C4;
8854 : F968F8DC;
8855 : F8ECF9BA;
8856 : FA20F9C5;
8857 : F99CF94D;
8858 : F865F7E5;
8859 : F846F86F;
885A : F862F8C6;
885B : F9BDF9D0;
885C : FA88FC7D;
885D : FCFCFD34;
885E : FC87FB88;
885F : FB3BFB76;
8860 : FCA6FD2A;
8861 : FD89FDBC;
8862 : FDB4FDDD;
8863 : FE42FF25;
8864 : FFD50013;
8865 : FFE6FFC1;
8866 : FFA4FFAD;
8867 : FF83FFE4;
8868 : 005BFFB4;
8869 : FF83FFE7;
886A : 00710176;
886B : 0365048E;
886C : 04B70597;
886D : 05D00555;
886E : 0573064C;
886F : 06530577;
8870 : 051A0555;
8871 : 05600542;
8872 : 05E10640;
8873 : 05D804A3;
8874 : 02F80182;
8875 : 00F7014B;
8876 : 01320155;
8877 : 01850191;
8878 : 01A1029D;
8879 : 0484053B;
887A : 053E04E3;
887B : 0466047C;
887C : 04E10562;
887D : 059F0533;
887E : 046603AF;
887F : 036903D4;
8880 : 03D903FB;
8881 : 045003F1;
8882 : 0334028E;
8883 : 029002F0;
8884 : 031902D8;
8885 : 02B702A9;
8886 : 02CA0337;
8887 : 041F0592;
8888 : 06210638;
8889 : 05BE053C;
888A : 04BD0447;
888B : 04CA04EC;
888C : 047803C5;
888D : 036B02F4;
888E : 02A8032B;
888F : 035B02DA;
8890 : 01AE011C;
8891 : 0097005D;
8892 : 0071003F;
8893 : FFCAFE5A;
8894 : FD27FC8E;
8895 : FCFEFDA2;
8896 : FE2FFE6F;
8897 : FD7FFD23;
8898 : FD04FCBE;
8899 : FCD5FDEE;
889A : FEB5FE50;
889B : FD6EFC8C;
889C : FC83FCA1;
889D : FD49FD75;
889E : FD3CFCC1;
889F : FB9DFAD8;
88A0 : F9E8FA34;
88A1 : FA92FA5D;
88A2 : F9EDF96A;
88A3 : F9E3FABD;
88A4 : FC20FCEF;
88A5 : FCB7FC33;
88A6 : FC88FD08;
88A7 : FCFEFD9F;
88A8 : FE5AFEEC;
88A9 : FDE7FCBE;
88AA : FC91FC64;
88AB : FCB8FD25;
88AC : FD36FCA5;
88AD : FCB3FCA5;
88AE : FBDCFBA3;
88AF : FBF6FBFC;
88B0 : FAFBFADE;
88B1 : FBECFD0A;
88B2 : FDE7FEAC;
88B3 : FF36FECD;
88B4 : FDEFFD15;
88B5 : FC33FBA1;
88B6 : FC7EFDA3;
88B7 : FD48FC49;
88B8 : FC30FCF6;
88B9 : FDA4FEB4;
88BA : FF61FEDE;
88BB : FE28FE51;
88BC : FE9AFE8F;
88BD : FF74009E;
88BE : 007BFF8A;
88BF : FF35FF67;
88C0 : FFD800A4;
88C1 : 01F502B5;
88C2 : 022A01F3;
88C3 : 01F50236;
88C4 : 02BB0381;
88C5 : 037F01D4;
88C6 : 0071006D;
88C7 : 0113011B;
88C8 : 0161015C;
88C9 : 0053FF60;
88CA : FED4FE4D;
88CB : FDC0FECA;
88CC : FF18FDE9;
88CD : FCF4FD12;
88CE : FE4CFF4B;
88CF : 00B8018A;
88D0 : 01A5015D;
88D1 : 01830222;
88D2 : 022202DE;
88D3 : 03530331;
88D4 : 02500193;
88D5 : 018701E1;
88D6 : 02250184;
88D7 : 0144001C;
88D8 : FF75FFBD;
88D9 : 002E015F;
88DA : 022E02B2;
88DB : 01F50171;
88DC : 023403CB;
88DD : 0574072C;
88DE : 08AA0853;
88DF : 07D4077C;
88E0 : 07B80801;
88E1 : 08800980;
88E2 : 08F0080D;
88E3 : 07860798;
88E4 : 07B607BE;
88E5 : 07CB0736;
88E6 : 06490557;
88E7 : 0506046E;
88E8 : 04740510;
88E9 : 04E70434;
88EA : 0355034C;
88EB : 03720390;
88EC : 03B00344;
88ED : 020D009D;
88EE : 00120015;
88EF : 00550067;
88F0 : FFF6FF5E;
88F1 : FEB3FE3D;
88F2 : FED1FFF1;
88F3 : 005AFFD4;
88F4 : FE73FCA0;
88F5 : FB07FA35;
88F6 : FA14FA02;
88F7 : F9A0F926;
88F8 : F8ABF8D2;
88F9 : F97DFA16;
88FA : FB0EFBAE;
88FB : FB9BFB12;
88FC : FB30FBE1;
88FD : FCCDFE42;
88FE : FE6FFDC6;
88FF : FD14FC7C;
8900 : FC0BFC3F;
8901 : FCEEFC5F;
8902 : FAECF8FF;
8903 : F7DCF752;
8904 : F756F7EE;
8905 : F7D6F7A9;
8906 : F70AF6B2;
8907 : F6DEF78B;
8908 : F853F8FE;
8909 : F96FF8D1;
890A : F88EF892;
890B : F99DFAE7;
890C : FBEDFCF8;
890D : FCD1FC9F;
890E : FC4BFCDE;
890F : FDF0FED4;
8910 : FF18FE10;
8911 : FD41FCAA;
8912 : FD73FE6F;
8913 : FE99FED2;
8914 : FEDEFE54;
8915 : FDD6FECE;
8916 : FFBC00A9;
8917 : 01450148;
8918 : 0100008F;
8919 : 014F0267;
891A : 03D904CA;
891B : 0541055C;
891C : 04B9051B;
891D : 05F906D8;
891E : 074106C9;
891F : 055F042C;
8920 : 044604B9;
8921 : 052904CA;
8922 : 0447038A;
8923 : 020F0150;
8924 : 01E90328;
8925 : 041704C7;
8926 : 044B030E;
8927 : 02F0039E;
8928 : 0474054D;
8929 : 064306BF;
892A : 06320566;
892B : 0513056E;
892C : 0627064F;
892D : 057A044A;
892E : 034E0313;
892F : 03A003F3;
8930 : 041503D5;
8931 : 032202B6;
8932 : 029003A8;
8933 : 055E0652;
8934 : 06B60693;
8935 : 062305F3;
8936 : 0672066B;
8937 : 061F05CD;
8938 : 04EB040B;
8939 : 028B01E1;
893A : 022A024D;
893B : 027601F7;
893C : 00E7001B;
893D : 0021FFFE;
893E : 0029009D;
893F : FFECFE67;
8940 : FD56FD0A;
8941 : FCEBFDC3;
8942 : FE3CFDAE;
8943 : FCE6FC52;
8944 : FC14FBCA;
8945 : FCD7FD89;
8946 : FD63FCFA;
8947 : FC18FBE3;
8948 : FB99FC4B;
8949 : FD66FD58;
894A : FC8BFB67;
894B : FAA3FA9F;
894C : FB89FC21;
894D : FBE9FAF5;
894E : F9A3F878;
894F : F83AF96D;
8950 : FAC8FBCD;
8951 : FBD8FB63;
8952 : FB21FBA7;
8953 : FCB2FD4C;
8954 : FE40FE0C;
8955 : FD40FCE7;
8956 : FCC8FDBE;
8957 : FE73FE8C;
8958 : FDBFFC60;
8959 : FB54FA81;
895A : FA27FA5F;
895B : FB3CFB7B;
895C : FADAFA47;
895D : FA51FB0A;
895E : FC93FE49;
895F : FEA8FE44;
8960 : FD92FD24;
8961 : FD6BFE4D;
8962 : FF69FFFC;
8963 : 0016FF80;
8964 : FF3AFF29;
8965 : FF8C004E;
8966 : FFC0FEDF;
8967 : FE1CFE19;
8968 : FEBDFF80;
8969 : 00EA01CC;
896A : 013F0020;
896B : FFD0FFFB;
896C : 008D01BD;
896D : 02F1033C;
896E : 02C902A8;
896F : 027702C8;
8970 : 03B7048A;
8971 : 04BF0472;
8972 : 03F003A8;
8973 : 04370461;
8974 : 048B0460;
8975 : 034D025B;
8976 : 016700E9;
8977 : 00E000EC;
8978 : 0032FECF;
8979 : FD9DFCCA;
897A : FCCEFD81;
897B : FEA9FF71;
897C : FF59FF00;
897D : FF2AFF5A;
897E : FFBF00EA;
897F : 01D20269;
8980 : 02740241;
8981 : 01F101F4;
8982 : 032703FE;
8983 : 03B802CE;
8984 : 01FC0134;
8985 : 00D40147;
8986 : 01AF01D7;
8987 : 014B0064;
8988 : 00080081;
8989 : 01F903CE;
898A : 04EA0597;
898B : 0627069D;
898C : 073D0787;
898D : 08000802;
898E : 07290672;
898F : 05CB0593;
8990 : 05AB05E7;
8991 : 060B05A8;
8992 : 04EE047D;
8993 : 045C042E;
8994 : 0482050E;
8995 : 04A10332;
8996 : 020F01B1;
8997 : 01E3022E;
8998 : 02A702B4;
8999 : 0162006B;
899A : 0016FFF9;
899B : 005B00BF;
899C : 005DFF38;
899D : FE07FD00;
899E : FCFBFD7F;
899F : FE23FEA9;
89A0 : FEA0FDE7;
89A1 : FCC0FC86;
89A2 : FCECFDB5;
89A3 : FE21FDBF;
89A4 : FC57FA97;
89A5 : FA0CF9FC;
89A6 : FA8CFB4D;
89A7 : FBB0FB4C;
89A8 : FAC6FB13;
89A9 : FBADFCBF;
89AA : FDB1FE16;
89AB : FDA9FD55;
89AC : FD14FCBB;
89AD : FC76FC36;
89AE : FC3FFB0A;
89AF : FA56FA29;
89B0 : F99BF97A;
89B1 : F952F8E3;
89B2 : F76CF63A;
89B3 : F5A5F5F5;
89B4 : F6E1F7DC;
89B5 : F892F826;
89B6 : F808F800;
89B7 : F8C9FA61;
89B8 : FB9FFBF3;
89B9 : FB61FAAC;
89BA : F9D7FA10;
89BB : FAA0FB89;
89BC : FC31FC02;
89BD : FBEBFBF5;
89BE : FCAEFD22;
89BF : FDE5FEA0;
89C0 : FE89FE44;
89C1 : FE20FE27;
89C2 : FE9A0069;
89C3 : 021B02C9;
89C4 : 0260020C;
89C5 : 024F0305;
89C6 : 04AB05A1;
89C7 : 060A05BA;
89C8 : 051E047B;
89C9 : 03DF04A2;
89CA : 058D0599;
89CB : 05180519;
89CC : 04F50484;
89CD : 049004A5;
89CE : 04B603DE;
89CF : 028C0218;
89D0 : 021A0229;
89D1 : 02CD02EA;
89D2 : 02430200;
89D3 : 022202C3;
89D4 : 035403D0;
89D5 : 0438047A;
89D6 : 04B804F1;
89D7 : 04E404CA;
89D8 : 057405E2;
89D9 : 05AC04BE;
89DA : 03B7036C;
89DB : 03C2046A;
89DC : 0488045E;
89DD : 03D30322;
89DE : 027F026B;
89DF : 03520489;
89E0 : 054E0539;
89E1 : 05A20664;
89E2 : 06C70722;
89E3 : 07E60844;
89E4 : 07CC0739;
89E5 : 062B056C;
89E6 : 053505B4;
89E7 : 05B30479;
89E8 : 02CD0122;
89E9 : 00F300FB;
89EA : 012A0165;
89EB : 013E00DD;
89EC : FFDCFF0A;
89ED : FE38FEC0;
89EE : FFD70029;
89EF : FFC9FEEC;
89F0 : FE72FE63;
89F1 : FF32FF48;
89F2 : FEB2FE2D;
89F3 : FDCEFDAB;
89F4 : FD84FE0F;
89F5 : FE3CFDA9;
89F6 : FC6DFBBA;
89F7 : FB69FB0F;
89F8 : FB6AFB72;
89F9 : FB26FA95;
89FA : FA93FA63;
89FB : FA08FA2C;
89FC : FA7BFAE5;
89FD : FA38F9A0;
89FE : F979FA63;
89FF : FC11FD3D;
8A00 : FDB6FD53;
8A01 : FD40FCE3;
8A02 : FCEDFD52;
8A03 : FE19FED4;
8A04 : FE06FD71;
8A05 : FCD7FBE0;
8A06 : FB10FB28;
8A07 : FB38FA67;
8A08 : FA14FA28;
8A09 : FA06F99A;
8A0A : FA85FB96;
8A0B : FBE4FC6A;
8A0C : FCA5FCCD;
8A0D : FD87FEE6;
8A0E : FFA9005D;
8A0F : 0040FF4D;
8A10 : FEE4FEB6;
8A11 : FEA4FE3E;
8A12 : FE72FE80;
8A13 : FEB6FED4;
8A14 : FE6EFE88;
8A15 : FE51FEA4;
8A16 : FEE5FF40;
8A17 : FFCBFFF9;
8A18 : 004000EC;
8A19 : 01BE0164;
8A1A : 015C0185;
8A1B : 01F502A2;
8A1C : 02EF036E;
8A1D : 033102D1;
8A1E : 029C02C6;
8A1F : 02BC02D5;
8A20 : 02F002A6;
8A21 : 024B0173;
8A22 : 01830169;
8A23 : 01680195;
8A24 : 0165011C;
8A25 : 00600016;
8A26 : FF7CFF23;
8A27 : FEC5FED9;
8A28 : FEEBFE8B;
8A29 : FF2CFF98;
8A2A : 006900F0;
8A2B : 015E017F;
8A2C : 015001DD;
8A2D : 0234031C;
8A2E : 03A80429;
8A2F : 045A03DF;
8A30 : 038B02F9;
8A31 : 024701D6;
8A32 : 02690236;
8A33 : 01980167;
8A34 : 01510125;
8A35 : 01180251;
8A36 : 0350040B;
8A37 : 04990536;
8A38 : 05CA0646;
8A39 : 0734076C;
8A3A : 07710728;
8A3B : 06E90694;
8A3C : 069106A9;
8A3D : 05A804FC;
8A3E : 03C10264;
8A3F : 022D028C;
8A40 : 02A60273;
8A41 : 024B01E4;
8A42 : 022A0238;
8A43 : 021E023F;
8A44 : 024802AD;
8A45 : 0281024E;
8A46 : 023C01F0;
8A47 : 01A30124;
8A48 : 007BFFAF;
8A49 : FF34FF56;
8A4A : FF91FFAF;
8A4B : 000FFFE7;
8A4C : FF8BFF74;
8A4D : FECDFE36;
8A4E : FDE6FD97;
8A4F : FD77FD67;
8A50 : FCF7FC75;
8A51 : FC2FFB7A;
8A52 : FAB7FA19;
8A53 : F9D3F9E4;
8A54 : F9D3FA71;
8A55 : FB72FC1D;
8A56 : FC99FC71;
8A57 : FBD6FB91;
8A58 : FBA8FC2C;
8A59 : FD0AFD73;
8A5A : FD9CFD87;
8A5B : FCD6FBF8;
8A5C : FAADF91C;
8A5D : F7FAF775;
8A5E : F76CF7A2;
8A5F : F7BAF76A;
8A60 : F727F757;
8A61 : F7A3F7CD;
8A62 : F802F89C;
8A63 : F941F986;
8A64 : FA78FB98;
8A65 : FC3FFD1D;
8A66 : FD9AFDC5;
8A67 : FDF5FE4D;
8A68 : FE50FE30;
8A69 : FEF1FF31;
8A6A : FE77FDF2;
8A6B : FDE9FD6E;
8A6C : FCE8FD6A;
8A6D : FE32FEB4;
8A6E : FF58005E;
8A6F : 00F40124;
8A70 : 014501A8;
8A71 : 01F101F1;
8A72 : 02F50451;
8A73 : 051904D5;
8A74 : 048C050C;
8A75 : 0539054A;
8A76 : 05990593;
8A77 : 04C00437;
8A78 : 03D20331;
8A79 : 02FA0374;
8A7A : 03F40393;
8A7B : 037D02D2;
8A7C : 01A8018D;
8A7D : 0215021E;
8A7E : 019001CC;
8A7F : 01A000F6;
8A80 : 00BD0187;
8A81 : 02BD02CF;
8A82 : 032403BF;
8A83 : 03D90437;
8A84 : 0569069F;
8A85 : 071B0717;
8A86 : 0759078A;
8A87 : 067905B0;
8A88 : 050E040C;
8A89 : 02FF01FA;
8A8A : 01F10222;
8A8B : 029303A2;
8A8C : 045203F9;
8A8D : 040A04FD;
8A8E : 056605AF;
8A8F : 066206E5;
8A90 : 065005B2;
8A91 : 05CD0580;
8A92 : 04F10514;
8A93 : 04C202D0;
8A94 : 013C0080;
8A95 : FFC8FF17;
8A96 : FED3FEF0;
8A97 : FE27FD76;
8A98 : FDAFFD72;
8A99 : FD4DFE3D;
8A9A : FECFFEBC;
8A9B : FE76FE05;
8A9C : FDFAFDCC;
8A9D : FD77FD70;
8A9E : FDBAFD5F;
8A9F : FC7FFC14;
8AA0 : FBADFBAD;
8AA1 : FC67FD92;
8AA2 : FDD0FD37;
8AA3 : FD5DFD73;
8AA4 : FD05FD24;
8AA5 : FD76FCE9;
8AA6 : FC9CFC93;
8AA7 : FC05FBB2;
8AA8 : FC26FC89;
8AA9 : FBCAFB6D;
8AAA : FB7AFB39;
8AAB : FB22FBBE;
8AAC : FCFCFD3E;
8AAD : FD44FDC2;
8AAE : FDA2FD1E;
8AAF : FD93FE70;
8AB0 : FE52FDB1;
8AB1 : FD39FD8E;
8AB2 : FDA4FCF7;
8AB3 : FC82FC6D;
8AB4 : FBB2FA4A;
8AB5 : F9CAF96D;
8AB6 : F92AF994;
8AB7 : FA6DFAAA;
8AB8 : F9F8FA4C;
8AB9 : FB53FC3F;
8ABA : FCA5FCCE;
8ABB : FD2FFD91;
8ABC : FE0AFEB7;
8ABD : FFB7007D;
8ABE : 013B00C9;
8ABF : FFCAFFBD;
8AC0 : FFB7FF51;
8AC1 : FF04FF5C;
8AC2 : FEF3FEA1;
8AC3 : FEF6FF15;
8AC4 : FF4F0016;
8AC5 : 0184021B;
8AC6 : 020F01F2;
8AC7 : 0266031B;
8AC8 : 03B9046B;
8AC9 : 04BF04F4;
8ACA : 042E02FC;
8ACB : 02030200;
8ACC : 02A50313;
8ACD : 03070216;
8ACE : 01A80179;
8ACF : 016C0160;
8AD0 : 0179016E;
8AD1 : 00AB0027;
8AD2 : FFC7FF72;
8AD3 : FF6C0059;
8AD4 : 0037FF1D;
8AD5 : FED7FE90;
8AD6 : FE75FEBB;
8AD7 : FF910010;
8AD8 : 005A0072;
8AD9 : 00510084;
8ADA : 014D02C7;
8ADB : 03450378;
8ADC : 03A903D2;
8ADD : 04080409;
8ADE : 040D037E;
8ADF : 02850150;
8AE0 : 00EE00BC;
8AE1 : 013B029B;
8AE2 : 03590378;
8AE3 : 02C702F5;
8AE4 : 03EF04FB;
8AE5 : 06570785;
8AE6 : 07AE074F;
8AE7 : 076E073C;
8AE8 : 07880809;
8AE9 : 08810851;
8AEA : 070805DB;
8AEB : 04A603E6;
8AEC : 03BA0422;
8AED : 03CF02C1;
8AEE : 01B900BC;
8AEF : 00BA0121;
8AF0 : 01C6023A;
8AF1 : 02300102;
8AF2 : FFEF000A;
8AF3 : 0013008B;
8AF4 : 00EB007B;
8AF5 : FF54FEB4;
8AF6 : FE6EFEBA;
8AF7 : FF960017;
8AF8 : 00E3009A;
8AF9 : FFEEFF85;
8AFA : FF8BFFD8;
8AFB : FFF9FFC1;
8AFC : FE78FDD3;
8AFD : FDC4FE35;
8AFE : FE84FE94;
8AFF : FDFFFC80;
8B00 : FB61FA7A;
8B01 : FA9FFAC2;
8B02 : FB85FBE9;
8B03 : FB09FA9C;
8B04 : FA9BFB05;
8B05 : FB57FC91;
8B06 : FCB9FBE1;
8B07 : FB53FB36;
8B08 : FB8AFB88;
8B09 : FC1AFB56;
8B0A : F9EDF865;
8B0B : F704F66B;
8B0C : F660F70C;
8B0D : F785F7BD;
8B0E : F6AAF5EE;
8B0F : F5BBF687;
8B10 : F861FA11;
8B11 : FB75FB24;
8B12 : FAECFAC8;
8B13 : FAF7FBF5;
8B14 : FD82FE6B;
8B15 : FDEDFD32;
8B16 : FC1FFC0C;
8B17 : FC52FD45;
8B18 : FDBBFCCA;
8B19 : FBC6FAF8;
8B1A : FAFBFBA3;
8B1B : FD83FF1E;
8B1C : 008F00DA;
8B1D : 0020002B;
8B1E : 00BD0261;
8B1F : 036703E7;
8B20 : 038F02EF;
8B21 : 02910278;
8B22 : 033C03CC;
8B23 : 041C03AF;
8B24 : 039D03AA;
8B25 : 04220556;
8B26 : 06350638;
8B27 : 053E04D0;
8B28 : 0463046C;
8B29 : 04A604B6;
8B2A : 04820324;
8B2B : 0209018C;
8B2C : 019C022D;
8B2D : 031F0345;
8B2E : 027001E9;
8B2F : 01E802B8;
8B30 : 04300658;
8B31 : 0828080A;
8B32 : 06D5065D;
8B33 : 065E06B6;
8B34 : 07D10825;
8B35 : 07050562;
8B36 : 03F002EB;
8B37 : 02A703B4;
8B38 : 050C0515;
8B39 : 046603DA;
8B3A : 038D03C6;
8B3B : 04FE0653;
8B3C : 06830616;
8B3D : 055C04CC;
8B3E : 04F805EF;
8B3F : 06F9075C;
8B40 : 06A104CC;
8B41 : 032F01FA;
8B42 : 0141014E;
8B43 : 0149001E;
8B44 : FEEDFE0E;
8B45 : FCF6FCD0;
8B46 : FDA2FE97;
8B47 : FE6BFE00;
8B48 : FDF8FE32;
8B49 : FF210030;
8B4A : 006DFF17;
8B4B : FDCEFCF8;
8B4C : FCA1FCE5;
8B4D : FDCBFECD;
8B4E : FEE3FEC7;
8B4F : FDFAFD38;
8B50 : FD03FDB9;
8B51 : FE8AFE57;
8B52 : FD6BFC13;
8B53 : FB60FABF;
8B54 : FB7CFCCD;
8B55 : FD3BFCFB;
8B56 : FC37FBF5;
8B57 : FBB5FC0E;
8B58 : FC5DFC20;
8B59 : FB36FA38;
8B5A : F9FBFA68;
8B5B : FB80FC47;
8B5C : FD1BFCF1;
8B5D : FC13FB91;
8B5E : FBD6FCF1;
8B5F : FDB0FD90;
8B60 : FC1AFAA8;
8B61 : F9A8F912;
8B62 : F8D0F92A;
8B63 : F9FBF9B7;
8B64 : F8DAF85D;
8B65 : F8EEF9D8;
8B66 : FB41FCFA;
8B67 : FD74FCAB;
8B68 : FC19FC8E;
8B69 : FDD80012;
8B6A : 01950268;
8B6B : 02840181;
8B6C : 0076FFF3;
8B6D : 0088012E;
8B6E : 00F2FFAB;
8B6F : FE5EFDB8;
8B70 : FDCCFE91;
8B71 : FFEB01B2;
8B72 : 028002E8;
8B73 : 033D0307;
8B74 : 03080400;
8B75 : 0511051D;
8B76 : 049903AA;
8B77 : 02B00233;
8B78 : 027E02C9;
8B79 : 027B0206;
8B7A : 010F0023;
8B7B : 00600166;
8B7C : 01FA019B;
8B7D : 00B0FFD5;
8B7E : FF0CFEDD;
8B7F : FFA200AB;
8B80 : 011800CB;
8B81 : 0041FF85;
8B82 : FF63FFB2;
8B83 : 0021004C;
8B84 : FF8CFED3;
8B85 : FEDDFF83;
8B86 : 00EB02EB;
8B87 : 03A90383;
8B88 : 032F02AF;
8B89 : 036B0541;
8B8A : 072B07E6;
8B8B : 07390547;
8B8C : 031901BE;
8B8D : 01530205;
8B8E : 031B03A3;
8B8F : 02C1020B;
8B90 : 02300282;
8B91 : 037B0485;
8B92 : 04E30469;
8B93 : 03E003F5;
8B94 : 04D505F1;
8B95 : 06BB06A6;
8B96 : 05E30508;
8B97 : 03F203A1;
8B98 : 03D3042E;
8B99 : 042502AF;
8B9A : 00FFFFE9;
8B9B : FEF7FEB6;
8B9C : FF78FFD4;
8B9D : FFC8FF5F;
8B9E : FF0BFF58;
8B9F : FFD60119;
8BA0 : 01FC015E;
8BA1 : 007A0029;
8BA2 : FFD6FFD2;
8BA3 : 0036003E;
8BA4 : FFB1FE5F;
8BA5 : FDA0FD6D;
8BA6 : FDB1FEEC;
8BA7 : FFE5FFED;
8BA8 : FEC2FD1B;
8BA9 : FC0FFBE7;
8BAA : FCA1FDD1;
8BAB : FE8BFECE;
8BAC : FEDCFE20;
8BAD : FD92FD6C;
8BAE : FDE9FEE5;
8BAF : FE8BFD68;
8BB0 : FC9AFBCA;
8BB1 : FB99FC72;
8BB2 : FCD7FCCC;
8BB3 : FD11FD0F;
8BB4 : FCD8FCAA;
8BB5 : FD2BFDCC;
8BB6 : FD2DFBB6;
8BB7 : FA77F97D;
8BB8 : F8ACF881;
8BB9 : F8BDF896;
8BBA : F7C9F6E1;
8BBB : F663F67E;
8BBC : F73DF88F;
8BBD : FA27FAD5;
8BBE : FADDFB0C;
8BBF : FB77FC59;
8BC0 : FD80FE33;
8BC1 : FE55FE3F;
8BC2 : FDDDFDDA;
8BC3 : FE81FF4A;
8BC4 : FF72FE80;
8BC5 : FCF8FB9F;
8BC6 : FB31FBCA;
8BC7 : FD2AFE67;
8BC8 : FEE6FEE4;
8BC9 : FEF9FFCB;
8BCA : 01370316;
8BCB : 04A3050E;
8BCC : 04280301;
8BCD : 02DE03A0;
8BCE : 04990545;
8BCF : 057404A1;
8BD0 : 037E02FB;
8BD1 : 02E1035C;
8BD2 : 043F0481;
8BD3 : 03E0034E;
8BD4 : 02E002C6;
8BD5 : 033503E5;
8BD6 : 042E0377;
8BD7 : 029A0220;
8BD8 : 01DC01CE;
8BD9 : 021D0279;
8BDA : 023D016A;
8BDB : 00D000DA;
8BDC : 014C0257;
8BDD : 0333034B;
8BDE : 03480390;
8BDF : 045E056C;
8BE0 : 06350690;
8BE1 : 062304FF;
8BE2 : 042B03EE;
8BE3 : 04080438;
8BE4 : 0419038C;
8BE5 : 028701EB;
8BE6 : 028B0386;
8BE7 : 0461054B;
8BE8 : 058F053E;
8BE9 : 04D6049C;
8BEA : 04EC05B0;
8BEB : 06460644;
8BEC : 05CB04F1;
8BED : 03F00343;
8BEE : 037603A3;
8BEF : 0321022B;
8BF0 : 00CDFF77;
8BF1 : FE76FE51;
8BF2 : FE97FEA8;
8BF3 : FE2BFD6A;
8BF4 : FCAAFC65;
8BF5 : FD03FDDF;
8BF6 : FECBFF36;
8BF7 : FF21FEB5;
8BF8 : FE7DFEA6;
8BF9 : FEF9FF80;
8BFA : FF31FEAC;
8BFB : FE3CFDC9;
8BFC : FD89FDFE;
8BFD : FE5EFE2B;
8BFE : FD92FC41;
8BFF : FBC5FBD9;
8C00 : FC13FC90;
8C01 : FCC0FC99;
8C02 : FC45FC59;
8C03 : FCCFFDCD;
8C04 : FE5CFEBE;
8C05 : FE1EFCB8;
8C06 : FC1FFC24;
8C07 : FCA7FD15;
8C08 : FD49FCC4;
8C09 : FC4BFC4A;
8C0A : FCB0FD79;
8C0B : FE29FE8C;
8C0C : FDCEFD0B;
8C0D : FC24FBE0;
8C0E : FC63FCA3;
8C0F : FC9BFC0C;
8C10 : FAF3F979;
8C11 : F8E3F8EA;
8C12 : F969FA34;
8C13 : FAF0FB57;
8C14 : FB1EFB53;
8C15 : FBC2FCCD;
8C16 : FE11FEDA;
8C17 : FEF6FED2;
8C18 : FEB6FEB8;
8C19 : FF2BFF68;
8C1A : FF9BFF31;
8C1B : FE6BFDAF;
8C1C : FCF9FCFB;
8C1D : FD59FDA8;
8C1E : FD8FFD7F;
8C1F : FDAFFE8A;
8C20 : FFF6018B;
8C21 : 02F40371;
8C22 : 03840358;
8C23 : 02F90327;
8C24 : 041104BE;
8C25 : 0463033F;
8C26 : 01D70095;
8C27 : FFCCFFEA;
8C28 : 006600B6;
8C29 : 00B10071;
8C2A : 00440064;
8C2B : 00E301B9;
8C2C : 02600261;
8C2D : 01F00173;
8C2E : 016701FE;
8C2F : 027A023C;
8C30 : 0183007F;
8C31 : FFB9FFA8;
8C32 : 007101C8;
8C33 : 02E503C0;
8C34 : 03D20395;
8C35 : 03950417;
8C36 : 04A804FB;
8C37 : 0505049F;
8C38 : 04740464;
8C39 : 049004D0;
8C3A : 04BB041F;
8C3B : 030801FF;
8C3C : 013F0193;
8C3D : 029703AD;
8C3E : 04130411;
8C3F : 03F50412;
8C40 : 04AD0590;
8C41 : 06DE07A4;
8C42 : 07CD074D;
8C43 : 06C106A9;
8C44 : 068C066E;
8C45 : 061E05B0;
8C46 : 045D02F8;
8C47 : 01C400E7;
8C48 : 00CF010C;
8C49 : 0147007B;
8C4A : FF3AFE28;
8C4B : FDC0FDE7;
8C4C : FE5EFEC8;
8C4D : FEF0FF18;
8C4E : FF03FF7D;
8C4F : 00510144;
8C50 : 01AE013F;
8C51 : 0046FF4A;
8C52 : FEE7FEC7;
8C53 : FF12FF16;
8C54 : FEECFE9E;
8C55 : FE76FE6C;
8C56 : FE13FE1B;
8C57 : FE15FDE1;
8C58 : FD30FC80;
8C59 : FCABFD46;
8C5A : FD99FDA7;
8C5B : FD6FFC8D;
8C5C : FBC2FB2F;
8C5D : FAC9FB03;
8C5E : FB97FBC1;
8C5F : FB22FA53;
8C60 : F9DAF9BC;
8C61 : F9DDFA4C;
8C62 : FA5DFA17;
8C63 : F9EAF9BF;
8C64 : FA0BFAAF;
8C65 : FB5EFB84;
8C66 : FAAEF956;
8C67 : F7F7F730;
8C68 : F72AF7AF;
8C69 : F82EF859;
8C6A : F85CF8CA;
8C6B : F9AEFA68;
8C6C : FB77FCE4;
8C6D : FDD1FE38;
8C6E : FE3CFE79;
8C6F : FF23FF9C;
8C70 : FFDCFFB8;
8C71 : FF20FEA2;
8C72 : FE3EFDB3;
8C73 : FD72FD91;
8C74 : FDC2FDBC;
8C75 : FD7FFD8A;
8C76 : FE04FED4;
8C77 : FFED00D9;
8C78 : 01290197;
8C79 : 023A02F2;
8C7A : 03C40453;
8C7B : 04AA0446;
8C7C : 037702AF;
8C7D : 024C02A0;
8C7E : 036D0406;
8C7F : 040D03EF;
8C80 : 03D903E5;
8C81 : 04180494;
8C82 : 05300547;
8C83 : 04D50443;
8C84 : 03DE03B4;
8C85 : 03BF03EB;
8C86 : 03B9027A;
8C87 : 01710134;
8C88 : 013E01BD;
8C89 : 028002E9;
8C8A : 02B40260;
8C8B : 025802D7;
8C8C : 03A80469;
8C8D : 04BC0481;
8C8E : 048A04DE;
8C8F : 051F0549;
8C90 : 054504C6;
8C91 : 03DA02D4;
8C92 : 023F0200;
8C93 : 01E20273;
8C94 : 0323036C;
8C95 : 03900416;
8C96 : 04B204FD;
8C97 : 056205A9;
8C98 : 05C60583;
8C99 : 054A0515;
8C9A : 04C10470;
8C9B : 041A0360;
8C9C : 01B8002C;
8C9D : FF56FEC2;
8C9E : FE2AFDEA;
8C9F : FDBAFD05;
8CA0 : FC11FB1C;
8CA1 : FAB1FADB;
8CA2 : FBA3FC19;
8CA3 : FC0DFBD6;
8CA4 : FBECFC6E;
8CA5 : FD29FE11;
8CA6 : FE81FEEE;
8CA7 : FF1BFEFC;
8CA8 : FEE0FEE6;
8CA9 : FF4DFF56;
8CAA : FF00FE8E;
8CAB : FE91FEA7;
8CAC : FEB7FED0;
8CAD : FE94FE45;
8CAE : FDEFFD87;
8CAF : FD31FD3E;
8CB0 : FDC5FE97;
8CB1 : FEDEFE69;
8CB2 : FE12FDCF;
8CB3 : FDC9FDB0;
8CB4 : FDAAFD76;
8CB5 : FD0CFCD3;
8CB6 : FCEDFD36;
8CB7 : FD87FE1F;
8CB8 : FE81FE75;
8CB9 : FE1FFE1D;
8CBA : FE98FECE;
8CBB : FED2FE6B;
8CBC : FD8FFC62;
8CBD : FB7BFAF4;
8CBE : FAE3FB05;
8CBF : FB3BFBA0;
8CC0 : FB5CFB2B;
8CC1 : FBB7FCB2;
8CC2 : FDB8FE8B;
8CC3 : FEF4FEFB;
8CC4 : FF07FF61;
8CC5 : 00020043;
8CC6 : 0097010A;
8CC7 : 01170122;
8CC8 : 00F3007C;
8CC9 : FFF9FF6F;
8CCA : FF05FE4F;
8CCB : FD68FCF5;
8CCC : FD17FD73;
8CCD : FE1EFF23;
8CCE : FFF00065;
8CCF : 008300A6;
8CD0 : 015B026F;
8CD1 : 03630399;
8CD2 : 02EF0255;
8CD3 : 019D00F7;
8CD4 : 00BF0074;
8CD5 : 0025FFD1;
8CD6 : FFF900AF;
8CD7 : 015501B2;
8CD8 : 01A20193;
8CD9 : 01140042;
8CDA : FFBBFFE8;
8CDB : 007600EF;
8CDC : 014E00F7;
8CDD : 0060FFD8;
8CDE : FF3FFF65;
8CDF : 002000C2;
8CE0 : 00F80102;
8CE1 : 00B40059;
8CE2 : 008400FD;
8CE3 : 01CD026A;
8CE4 : 02D3036A;
8CE5 : 04030482;
8CE6 : 04A9045F;
8CE7 : 03C502FF;
8CE8 : 024A01CE;
8CE9 : 017601E0;
8CEA : 02B203B1;
8CEB : 04320489;
8CEC : 053405B1;
8CED : 0607060E;
8CEE : 060C05D4;
8CEF : 059205E3;
8CF0 : 06390652;
8CF1 : 06270649;
8CF2 : 064805E8;
8CF3 : 057B052F;
8CF4 : 04C503FF;
8CF5 : 03170225;
8CF6 : 01540097;
8CF7 : FFF9FF8C;
8CF8 : FF84FFF1;
8CF9 : FFF8FFEE;
8CFA : FFCAFFB9;
8CFB : 001B00AF;
8CFC : 00FA00C0;
8CFD : 0057FFFD;
8CFE : FFEAFFD0;
8CFF : FFC8FFC3;
8D00 : FF81FF96;
8D01 : FF83FF39;
8D02 : FED6FEEB;
8D03 : FED5FE9D;
8D04 : FE64FDFA;
8D05 : FD65FC99;
8D06 : FC5BFCF2;
8D07 : FDEBFEB1;
8D08 : FF10FF14;
8D09 : FEC7FE71;
8D0A : FE57FE5F;
8D0B : FDC8FD58;
8D0C : FCD8FC5C;
8D0D : FC0FFBAB;
8D0E : FB8DFB49;
8D0F : FB51FB48;
8D10 : FB43FB45;
8D11 : FB0FFB2B;
8D12 : FAD5FA80;
8D13 : F9DAF8F7;
8D14 : F814F78D;
8D15 : F77EF768;
8D16 : F79BF7CA;
8D17 : F821F8DE;
8D18 : F9FBFAF2;
8D19 : FB88FBDE;
8D1A : FBC7FBEB;
8D1B : FC55FD7C;
8D1C : FE80FF1E;
8D1D : FF28FEDF;
8D1E : FE67FDEC;
8D1F : FDC2FDD9;
8D20 : FE28FDAB;
8D21 : FD2AFC72;
8D22 : FBD2FBED;
8D23 : FC5CFDB8;
8D24 : FEBFFF74;
8D25 : FFE00067;
8D26 : 00EB017B;
8D27 : 02A4030D;
8D28 : 03420316;
8D29 : 028B024F;
8D2A : 02A30381;
8D2B : 03F60463;
8D2C : 04C004B5;
8D2D : 046204EA;
8D2E : 05570536;
8D2F : 04F70464;
8D30 : 03C002F8;
8D31 : 02CA0318;
8D32 : 03AF0427;
8D33 : 04C70568;
8D34 : 055A059A;
8D35 : 0598056B;
8D36 : 04E104A0;
8D37 : 049D0495;
8D38 : 04B404C4;
8D39 : 051D04F6;
8D3A : 052A0539;
8D3B : 051C0525;
8D3C : 052C057E;
8D3D : 053B04B3;
8D3E : 03C302DE;
8D3F : 020C017D;
8D40 : 01A90223;
8D41 : 02E30385;
8D42 : 03FB041C;
8D43 : 048E0518;
8D44 : 0538050B;
8D45 : 045003A6;
8D46 : 02F102F6;
8D47 : 032F0357;
8D48 : 039F03E5;
8D49 : 03EF039F;
8D4A : 038302D7;
8D4B : 01E100BD;
8D4C : FF98FE78;
8D4D : FD42FC7C;
8D4E : FBCCFB75;
8D4F : FB8DFC32;
8D50 : FCB6FD15;
8D51 : FD62FD97;
8D52 : FE03FDEE;
8D53 : FDB7FD88;
8D54 : FD75FD4C;
8D55 : FD6DFDE8;
8D56 : FE07FDEC;
8D57 : FD92FD76;
8D58 : FD0EFCFF;
8D59 : FD84FD93;
8D5A : FD34FC84;
8D5B : FC11FB57;
8D5C : FAFAFB72;
8D5D : FBE5FC86;
8D5E : FD09FD3B;
8D5F : FD08FD2D;
8D60 : FD8FFD9C;
8D61 : FD7CFD13;
8D62 : FC6CFC25;
8D63 : FC39FC28;
8D64 : FC82FD11;
8D65 : FDB3FDE8;
8D66 : FD98FD7F;
8D67 : FD7BFDB5;
8D68 : FDE9FE0D;
8D69 : FDB2FCFA;
8D6A : FC19FB3E;
8D6B : FAF0FAE7;
8D6C : FB19FB7B;
8D6D : FC1FFC46;
8D6E : FC6EFCEA;
8D6F : FD08FD51;
8D70 : FD90FD8C;
8D71 : FD79FDF6;
8D72 : FECFFFB7;
8D73 : 00F10194;
8D74 : 01CF01DE;
8D75 : 01B801E0;
8D76 : 01CB01A5;
8D77 : 00F6FFE9;
8D78 : FF66FF25;
8D79 : FF1AFF8D;
8D7A : 0015009D;
8D7B : 00D700B1;
8D7C : 010701A3;
8D7D : 028A032B;
8D7E : 034502D8;
8D7F : 02000159;
8D80 : 011E0198;
8D81 : 0232029E;
8D82 : 02D00296;
8D83 : 02510249;
8D84 : 028B02B7;
8D85 : 0274019C;
8D86 : 007EFF81;
8D87 : FEEBFEDC;
8D88 : FF3A000A;
8D89 : 007E00DE;
8D8A : 012C0153;
8D8B : 01E5027D;
8D8C : 02B9023B;
8D8D : 01A80128;
8D8E : 00E80178;
8D8F : 023D02AA;
8D90 : 02C202CA;
8D91 : 02CA02EB;
8D92 : 03780449;
8D93 : 04BE04B9;
8D94 : 03BE024B;
8D95 : 01C30176;
8D96 : 017F020D;
8D97 : 02470203;
8D98 : 01BD01EE;
8D99 : 026002F2;
8D9A : 038803F6;
8D9B : 03BD02E1;
8D9C : 021C01DC;
8D9D : 021A02D7;
8D9E : 03B10466;
8D9F : 04C10475;
8DA0 : 03FD039C;
8DA1 : 035402E3;
8DA2 : 0235015C;
8DA3 : 003FFF64;
8DA4 : FF3FFF39;
8DA5 : FF39FF36;
8DA6 : FF14FEFF;
8DA7 : FEE8FF3E;
8DA8 : FFB90064;
8DA9 : 00AB0065;
8DAA : 000BFFA5;
8DAB : FF76FF9B;
8DAC : FFF5001A;
8DAD : 00230023;
8DAE : 0017FFE4;
8DAF : FFD2FFCB;
8DB0 : FF56FE7B;
8DB1 : FD66FCE0;
8DB2 : FCE8FD66;
8DB3 : FE77FF42;
8DB4 : FF53FEE9;
8DB5 : FE90FE51;
8DB6 : FE94FF5C;
8DB7 : FFF3000F;
8DB8 : FF43FE25;
8DB9 : FD5DFD23;
8DBA : FD39FD94;
8DBB : FDD6FDC0;
8DBC : FD13FC57;
8DBD : FC42FC98;
8DBE : FD39FCFB;
8DBF : FC3EFB6E;
8DC0 : FA75FA11;
8DC1 : FA09FA0B;
8DC2 : F9F1F967;
8DC3 : F8CFF8E4;
8DC4 : F908F96D;
8DC5 : FA3AFAD8;
8DC6 : FAFBFAD6;
8DC7 : FA93FA7E;
8DC8 : FB26FC01;
8DC9 : FCBBFD59;
8DCA : FDEAFE5B;
8DCB : FE97FF31;
8DCC : FFC6FFF9;
8DCD : 0014FFC2;
8DCE : FF22FECF;
8DCF : FE91FE9C;
8DD0 : FEBCFE8B;
8DD1 : FE50FE37;
8DD2 : FE93FF29;
8DD3 : FFEF00F8;
8DD4 : 01C70203;
8DD5 : 01D70185;
8DD6 : 016001DD;
8DD7 : 02AA02F0;
8DD8 : 02B10277;
8DD9 : 022C023F;
8DDA : 02AE02F7;
8DDB : 02D10249;
8DDC : 01AF0119;
8DDD : 00B80105;
8DDE : 0196022C;
8DDF : 0262020D;
8DE0 : 01D5022D;
8DE1 : 02DD03AE;
8DE2 : 045C046A;
8DE3 : 03F90375;
8DE4 : 031C02D1;
8DE5 : 02F6033A;
8DE6 : 031F0312;
8DE7 : 03170351;
8DE8 : 03C30467;
8DE9 : 04F304DF;
8DEA : 045303EF;
8DEB : 03A7039C;
8DEC : 03BC03D3;
8DED : 03FF0404;
8DEE : 03880340;
8DEF : 03B2043C;
8DF0 : 04B404F6;
8DF1 : 04E80496;
8DF2 : 03D6035D;
8DF3 : 03720385;
8DF4 : 0396039D;
8DF5 : 039D03A1;
8DF6 : 03B40412;
8DF7 : 04B70509;
8DF8 : 047F0374;
8DF9 : 02440103;
8DFA : FFDAFF6F;
8DFB : FF31FEAB;
8DFC : FE23FD71;
8DFD : FCCBFCC7;
8DFE : FD67FE24;
8DFF : FEA4FE9B;
8E00 : FE13FD98;
8E01 : FD7CFDB2;
8E02 : FDAAFDAF;
8E03 : FDB9FD55;
8E04 : FD18FD2A;
8E05 : FD6AFDF0;
8E06 : FE3BFD8A;
8E07 : FCD4FC2B;
8E08 : FBB0FBE5;
8E09 : FC3CFC79;
8E0A : FC90FCB5;
8E0B : FCF0FD66;
8E0C : FE3CFF24;
8E0D : FF9DFFA9;
8E0E : FF5BFEB0;
8E0F : FE01FDE7;
8E10 : FDF8FDEF;
8E11 : FD9CFD34;
8E12 : FCCEFC4A;
8E13 : FC24FCB6;
8E14 : FD2FFD2C;
8E15 : FD0DFC95;
8E16 : FBF0FBC4;
8E17 : FC12FC1B;
8E18 : FC17FC0D;
8E19 : FBB5FB5D;
8E1A : FB3DFB85;
8E1B : FBEEFBED;
8E1C : FBB9FBB7;
8E1D : FBC1FC09;
8E1E : FC9DFD27;
8E1F : FD39FD34;
8E20 : FD6AFDBF;
8E21 : FDFAFE79;
8E22 : FF5CFFC0;
8E23 : FFF5003D;
8E24 : FFF6FF69;
8E25 : FF1CFF01;
8E26 : FF01FEDA;
8E27 : FEDBFEC3;
8E28 : FE65FE98;
8E29 : FF700052;
8E2A : 00EC0163;
8E2B : 0186015E;
8E2C : 013D01EE;
8E2D : 02BD034A;
8E2E : 035B02FD;
8E2F : 02B80232;
8E30 : 02500283;
8E31 : 0260024F;
8E32 : 01DF014D;
8E33 : 00FD0159;
8E34 : 01D801B5;
8E35 : 014E013F;
8E36 : 01410176;
8E37 : 023702EE;
8E38 : 035F0378;
8E39 : 038E032C;
8E3A : 02A40259;
8E3B : 02B2030E;
8E3C : 0308034A;
8E3D : 033802FF;
8E3E : 030E0398;
8E3F : 03F903F0;
8E40 : 03C203AE;
8E41 : 038803B4;
8E42 : 042A0423;
8E43 : 03B0031E;
8E44 : 02A5023F;
8E45 : 025202B8;
8E46 : 02CD02C1;
8E47 : 02A702C5;
8E48 : 02990286;
8E49 : 02DC031A;
8E4A : 030502AB;
8E4B : 0247021F;
8E4C : 024702A5;
8E4D : 033B03BE;
8E4E : 03EB0368;
8E4F : 02890200;
8E50 : 01E2019D;
8E51 : 00EB0015;
8E52 : FF52FEB8;
8E53 : FE6BFE54;
8E54 : FE55FEA0;
8E55 : FED2FEF4;
8E56 : FEF6FEEB;
8E57 : FF11FF61;
8E58 : FFC7FF97;
8E59 : FF4AFEF3;
8E5A : FEA6FE38;
8E5B : FE17FE54;
8E5C : FE4DFE45;
8E5D : FDD2FD17;
8E5E : FCD6FCEB;
8E5F : FCEBFD18;
8E60 : FD3EFD36;
8E61 : FD59FD95;
8E62 : FE06FE64;
8E63 : FEC4FECE;
8E64 : FE74FE59;
8E65 : FE6EFE55;
8E66 : FDF7FD3C;
8E67 : FC2EFBB1;
8E68 : FB48FB06;
8E69 : FB62FBF8;
8E6A : FC2FFBD2;
8E6B : FB50FAAB;
8E6C : FA32FA8D;
8E6D : FB4CFBCB;
8E6E : FBDFFBA0;
8E6F : FAE9FA14;
8E70 : F9E3FA7F;
8E71 : FAF6FAFE;
8E72 : FAE9FAD1;
8E73 : FAEEFB60;
8E74 : FC0BFC5E;
8E75 : FCAEFD2C;
8E76 : FD4EFD56;
8E77 : FDF0FF26;
8E78 : 001000B7;
8E79 : 012D0163;
8E7A : 011F00CD;
8E7B : 00AA009A;
8E7C : 00A80073;
8E7D : 0065FFAE;
8E7E : FF53FF8A;
8E7F : FFD50056;
8E80 : 00E3014C;
8E81 : 012A013B;
8E82 : 01EB02F1;
8E83 : 038803BE;
8E84 : 03AF031F;
8E85 : 02840245;
8E86 : 022F0215;
8E87 : 01E201FB;
8E88 : 020C01E0;
8E89 : 023302C5;
8E8A : 02D8028C;
8E8B : 023001A7;
8E8C : 012A019A;
8E8D : 02960377;
8E8E : 03FF0445;
8E8F : 04290388;
8E90 : 033D033A;
8E91 : 035F0360;
8E92 : 030B02B0;
8E93 : 0214016C;
8E94 : 016C01B6;
8E95 : 01EE0261;
8E96 : 02A10248;
8E97 : 01E10272;
8E98 : 03460398;
8E99 : 03A8039C;
8E9A : 033E02B3;
8E9B : 02A102DB;
8E9C : 031802FC;
8E9D : 028B01FC;
8E9E : 016F017B;
8E9F : 0215028B;
8EA0 : 025C021E;
8EA1 : 0180009D;
8EA2 : 005900B2;
8EA3 : 01160157;
8EA4 : 01BE0196;
8EA5 : 00DE008F;
8EA6 : 00A300BD;
8EA7 : 0058FFA2;
8EA8 : FEEAFE1E;
8EA9 : FD75FD30;
8EAA : FCF6FCD6;
8EAB : FCCEFCB2;
8EAC : FCAAFCCE;
8EAD : FDA0FE89;
8EAE : FEB9FE90;
8EAF : FE84FE3D;
8EB0 : FE32FE62;
8EB1 : FE93FEA2;
8EB2 : FE02FD51;
8EB3 : FCB8FC54;
8EB4 : FC7FFD49;
8EB5 : FDD4FDED;
8EB6 : FDF2FDC6;
8EB7 : FDCAFE18;
8EB8 : FEF0FFDA;
8EB9 : 008E010E;
8EBA : 00FE00AA;
8EBB : 005B0080;
8EBC : 006E0021;
8EBD : FF83FEB3;
8EBE : FE04FD8A;
8EBF : FDB9FE1D;
8EC0 : FE5BFE65;
8EC1 : FE4EFE02;
8EC2 : FDE4FE1F;
8EC3 : FE73FE4D;
8EC4 : FDD1FD4B;
8EC5 : FC92FC36;
8EC6 : FC2FFC93;
8EC7 : FCDEFC9E;
8EC8 : FC32FBE1;
8EC9 : FBB4FC25;
8ECA : FCDCFD66;
8ECB : FDA7FD71;
8ECC : FD34FD58;
8ECD : FDAEFE3C;
8ECE : FF40FFB9;
8ECF : 00080042;
8ED0 : 00450083;
8ED1 : 00E10177;
8ED2 : 0171010F;
8ED3 : 0070FFE1;
8ED4 : FF9BFF85;
8ED5 : FFE80069;
8ED6 : 00C800B6;
8ED7 : 00570076;
8ED8 : 00BA0154;
8ED9 : 02180229;
8EDA : 01E00179;
8EDB : 010000AA;
8EDC : 00A0007A;
8EDD : 00500013;
8EDE : FFE1FFDD;
8EDF : FFFF0084;
8EE0 : 00A10091;
8EE1 : 0035FFBE;
8EE2 : FF71FF8E;
8EE3 : 001E0076;
8EE4 : 00C900FE;
8EE5 : 016801E4;
8EE6 : 025502EF;
8EE7 : 03850383;
8EE8 : 032902BA;
8EE9 : 01EF019B;
8EEA : 01FD028A;
8EEB : 02CB02AB;
8EEC : 02A402C3;
8EED : 02EF0399;
8EEE : 046F04E4;
8EEF : 04FF051B;
8EF0 : 04D90489;
8EF1 : 0492050E;
8EF2 : 055A0565;
8EF3 : 056F052C;
8EF4 : 049303D3;
8EF5 : 03AC0384;
8EF6 : 03360310;
8EF7 : 030202A3;
8EF8 : 028202DD;
8EF9 : 03090317;
8EFA : 034903F6;
8EFB : 0445043B;
8EFC : 04480416;
8EFD : 02FC01E8;
8EFE : 011B001C;
8EFF : FF86FF89;
8F00 : FFE1FF92;
8F01 : FF11FEE3;
8F02 : FE90FE3C;
8F03 : FE6FFF39;
8F04 : FF94FF58;
8F05 : FF34FED3;
8F06 : FE3DFE71;
8F07 : FF3CFF8B;
8F08 : FEFEFE55;
8F09 : FDDBFD28;
8F0A : FCEEFD58;
8F0B : FD27FCC2;
8F0C : FC80FC75;
8F0D : FC8BFCC3;
8F0E : FDB6FEA7;
8F0F : FF03FF2A;
8F10 : FF7EFF75;
8F11 : FF4FFF73;
8F12 : FF7CFEE8;
8F13 : FE20FD8F;
8F14 : FCABFBE0;
8F15 : FBAEFBC5;
8F16 : FB8DFB59;
8F17 : FB1FFADA;
8F18 : FA87FA75;
8F19 : FAE8FAB6;
8F1A : FA1AF9CF;
8F1B : F96FF8FE;
8F1C : F916F992;
8F1D : F9B5F9B1;
8F1E : F9B2F9B7;
8F1F : F9C1F9FC;
8F20 : FAA8FB06;
8F21 : FABDFA8E;
8F22 : FAA4FA72;
8F23 : FAA2FB82;
8F24 : FC5EFCEE;
8F25 : FD5EFDD7;
8F26 : FE29FEBF;
8F27 : FFA0004C;
8F28 : 0076005C;
8F29 : 0023FFF9;
8F2A : 002600B0;
8F2B : 016A01A9;
8F2C : 01950168;
8F2D : 014C019D;
8F2E : 020E02A0;
8F2F : 032C0395;
8F30 : 03950383;
8F31 : 038203B3;
8F32 : 0414047B;
8F33 : 04B3046B;
8F34 : 040A0380;
8F35 : 031802EA;
8F36 : 02E702F3;
8F37 : 031002A2;
8F38 : 021D01F1;
8F39 : 01F60260;
8F3A : 02A9030E;
8F3B : 0387041A;
8F3C : 04CB0550;
8F3D : 05420521;
8F3E : 04EF0495;
8F3F : 0406039F;
8F40 : 039F0380;
8F41 : 032102AD;
8F42 : 028F0277;
8F43 : 02D70396;
8F44 : 04360435;
8F45 : 03CE035E;
8F46 : 02F202ED;
8F47 : 033D037A;
8F48 : 03400323;
8F49 : 02EB029B;
8F4A : 024B024A;
8F4B : 02940288;
8F4C : 023F01BB;
8F4D : 01310096;
8F4E : 0032004F;
8F4F : 0058001C;
8F50 : FFB8FF54;
8F51 : FF44FFAF;
8F52 : 003F00AC;
8F53 : 0073FFAF;
8F54 : FEC4FDDA;
8F55 : FD1FFCCF;
8F56 : FCBDFC9A;
8F57 : FC4BFC64;
8F58 : FCC0FD08;
8F59 : FD5AFDC2;
8F5A : FE06FDDD;
8F5B : FE04FE48;
8F5C : FE33FDAB;
8F5D : FD98FD75;
8F5E : FCF1FCCC;
8F5F : FCFDFD40;
8F60 : FD74FDFB;
8F61 : FDDEFD46;
8F62 : FCD3FCFA;
8F63 : FD24FD82;
8F64 : FE50FE9D;
8F65 : FE5AFDEB;
8F66 : FE17FEC2;
8F67 : FF8F0076;
8F68 : 00F600BD;
8F69 : 0014FF56;
8F6A : FE8BFDD8;
8F6B : FD70FD6B;
8F6C : FD70FD12;
8F6D : FCF7FCF5;
8F6E : FD05FD7D;
8F6F : FE30FE41;
8F70 : FDCBFD7C;
8F71 : FD09FCA6;
8F72 : FC7DFD0C;
8F73 : FD7EFD45;
8F74 : FCE8FCAE;
8F75 : FCD9FD62;
8F76 : FE1BFE6A;
8F77 : FDF7FD89;
8F78 : FD5BFD3B;
8F79 : FD58FE10;
8F7A : FE6AFE1F;
8F7B : FE0EFEAF;
8F7C : FF810012;
8F7D : 00EE0198;
8F7E : 01B4018D;
8F7F : 01880120;
8F80 : 00AA0121;
8F81 : 01B901B8;
8F82 : 01410111;
8F83 : 00F3011C;
8F84 : 021402DA;
8F85 : 02D70276;
8F86 : 0256022B;
8F87 : 02020251;
8F88 : 02EA032F;
8F89 : 02A301F1;
8F8A : 013700B5;
8F8B : 008300DB;
8F8C : 00FE0062;
8F8D : FFE2FF80;
8F8E : FF4AFF24;
8F8F : FF7BFF9A;
8F90 : FF13FECE;
8F91 : FEFAFF64;
8F92 : FFD800AA;
8F93 : 014D017E;
8F94 : 01870194;
8F95 : 016300F6;
8F96 : 01150144;
8F97 : 01140073;
8F98 : FFD8FFEB;
8F99 : 0098019F;
8F9A : 0247027E;
8F9B : 020F0184;
8F9C : 017A021F;
8F9D : 033803FF;
8F9E : 043E0369;
8F9F : 0280027A;
8FA0 : 02E4035A;
8FA1 : 03E30469;
8FA2 : 04100350;
8FA3 : 02B00273;
8FA4 : 026302BD;
8FA5 : 0307025B;
8FA6 : 016A00BB;
8FA7 : 00B30118;
8FA8 : 01D60269;
8FA9 : 02480200;
8FAA : 01A60175;
8FAB : 01230149;
8FAC : 01850126;
8FAD : 004DFF46;
8FAE : FEE8FF04;
8FAF : FFBE0067;
8FB0 : 007B0006;
8FB1 : FFC7002E;
8FB2 : 009900EF;
8FB3 : 00E1007E;
8FB4 : FFB7FF5C;
8FB5 : FF6EFF4E;
8FB6 : FF58FF9F;
8FB7 : FFE5FF96;
8FB8 : FF00FEBF;
8FB9 : FEF7FF9D;
8FBA : 0003FFF0;
8FBB : FF0BFDDB;
8FBC : FD3BFD5B;
8FBD : FDE6FEB7;
8FBE : FFB2FFE3;
8FBF : FF48FE78;
8FC0 : FE07FD90;
8FC1 : FD3FFD65;
8FC2 : FCF9FC27;
8FC3 : FB32FAC9;
8FC4 : FAC1FB58;
8FC5 : FC24FC17;
8FC6 : FB9DFB2D;
8FC7 : FB64FB9B;
8FC8 : FBC6FBC1;
8FC9 : FB80FB85;
8FCA : FB46FAC1;
8FCB : FA6CFB0A;
8FCC : FBEAFC5E;
8FCD : FC4AFC32;
8FCE : FC2AFBE1;
8FCF : FBDCFC06;
8FD0 : FC54FC4F;
8FD1 : FBADFB4C;
8FD2 : FBAAFCAD;
8FD3 : FDD5FEC8;
8FD4 : FF3BFF76;
8FD5 : FFC00007;
8FD6 : 008A010D;
8FD7 : 016E0127;
8FD8 : 009C0096;
8FD9 : 00D3014D;
8FDA : 01D80258;
8FDB : 022F01DF;
8FDC : 01BC01FD;
8FDD : 02930326;
8FDE : 03B403BD;
8FDF : 037B0313;
8FE0 : 02C40270;
8FE1 : 02250274;
8FE2 : 02D202ED;
8FE3 : 026201DB;
8FE4 : 01CF0221;
8FE5 : 02550204;
8FE6 : 01A60183;
8FE7 : 018401C5;
8FE8 : 025902F1;
8FE9 : 0385041A;
8FEA : 04460460;
8FEB : 049D04BB;
8FEC : 04710417;
8FED : 03B8031A;
8FEE : 0265021C;
8FEF : 027302BD;
8FF0 : 02DE02F5;
8FF1 : 02EB032A;
8FF2 : 035D03A5;
8FF3 : 04020448;
8FF4 : 04890489;
8FF5 : 044103CB;
8FF6 : 03C1044B;
8FF7 : 04A60447;
8FF8 : 03A40329;
8FF9 : 029A020D;
8FFA : 01E70225;
8FFB : 020D0156;
8FFC : 0058FF95;
8FFD : FF73FFA0;
8FFE : FFCCFFF6;
8FFF : FFD9FFAB;
9000 : FF8DFF6C;
9001 : FF7EFF9B;
9002 : FF68FEA7;
9003 : FDBAFD1E;
9004 : FC9BFC8E;
9005 : FCF8FDA4;
9006 : FDFEFDFE;
9007 : FDAFFD40;
9008 : FD3EFDAD;
9009 : FE5BFE87;
900A : FE22FDB3;
900B : FD36FCE2;
900C : FCE3FCFD;
900D : FD19FCFE;
900E : FCB4FCC8;
900F : FD60FDEA;
9010 : FDFDFDFB;
9011 : FDD3FD9D;
9012 : FD64FD5A;
9013 : FDC8FE91;
9014 : FF3FFF52;
9015 : FF44FF62;
9016 : FF60FF56;
9017 : FF2DFEF8;
9018 : FEA8FE4A;
9019 : FDE3FD62;
901A : FD5EFD76;
901B : FD5DFD53;
901C : FCFFFC79;
901D : FC35FC7C;
901E : FCA7FCAB;
901F : FC65FC42;
9020 : FC48FCA2;
9021 : FD47FDED;
9022 : FE7AFE65;
9023 : FE74FECD;
9024 : FEFFFF08;
9025 : FF4EFFB2;
9026 : FF8AFEE0;
9027 : FE47FE0F;
9028 : FE34FEB0;
9029 : FF3BFFD5;
902A : 002D003A;
902B : 00470064;
902C : 00BA012F;
902D : 013F00FB;
902E : 009200BE;
902F : 00FE0180;
9030 : 021A0270;
9031 : 025B01B5;
9032 : 014F00DB;
9033 : 00B400DF;
9034 : 0119013F;
9035 : 0143013C;
9036 : 01240157;
9037 : 01AF023E;
9038 : 02BA02DA;
9039 : 02900263;
903A : 027D027F;
903B : 025601E8;
903C : 017D013D;
903D : 00EB00E9;
903E : 013C01B6;
903F : 020F0296;
9040 : 02E302F1;
9041 : 036E03E0;
9042 : 03F803D8;
9043 : 03830301;
9044 : 023801D8;
9045 : 01B3019E;
9046 : 016E013A;
9047 : 00FF00CB;
9048 : 00E8013D;
9049 : 0150012D;
904A : 01450139;
904B : 017D01E0;
904C : 0265032F;
904D : 038E0395;
904E : 037D032E;
904F : 02EE029E;
9050 : 028E02AE;
9051 : 027B0243;
9052 : 01E001D3;
9053 : 01C201D7;
9054 : 0227023A;
9055 : 0242022F;
9056 : 01DF01DC;
9057 : 022701E4;
9058 : 01410064;
9059 : FF7BFEF9;
905A : FECAFEC1;
905B : FEC2FEDF;
905C : FEFDFEE4;
905D : FEC5FEC5;
905E : FEE0FF04;
905F : FF2CFF1E;
9060 : FF20FF47;
9061 : FF48FF5A;
9062 : FF7AFFBA;
9063 : FF88FF4D;
9064 : FF1EFECD;
9065 : FEDEFEFE;
9066 : FEFEFEBA;
9067 : FE6CFE42;
9068 : FDF2FD8A;
9069 : FD70FD9B;
906A : FD89FDBF;
906B : FDC9FDC0;
906C : FDCCFDEF;
906D : FE13FD9F;
906E : FD39FCAB;
906F : FC29FBCB;
9070 : FB9EFBDD;
9071 : FC0AFC24;
9072 : FC20FBDD;
9073 : FB44FAF6;
9074 : FB2BFB1D;
9075 : FAFCFAD5;
9076 : FAC6FAFB;
9077 : FB55FBCC;
9078 : FC16FC55;
9079 : FC80FCA8;
907A : FCCAFD2A;
907B : FD75FDE3;
907C : FE1DFE03;
907D : FDEAFDA3;
907E : FD7FFD65;
907F : FDCFFE62;
9080 : FEE7FF51;
9081 : FF870009;
9082 : 006D00C5;
9083 : 00F100E5;
9084 : 00D300DD;
9085 : 00A7007F;
9086 : 00D000EB;
9087 : 010C0147;
9088 : 0142013B;
9089 : 010900EB;
908A : 00FA0135;
908B : 016601A3;
908C : 02130271;
908D : 03030376;
908E : 03B20380;
908F : 0333033F;
9090 : 03340341;
9091 : 031B02D9;
9092 : 026B0208;
9093 : 01A00199;
9094 : 01C901DF;
9095 : 01F50205;
9096 : 026E02DA;
9097 : 02F20325;
9098 : 039403BC;
9099 : 03970378;
909A : 033002FA;
909B : 02D902A7;
909C : 0297027A;
909D : 022A01DE;
909E : 019F01AA;
909F : 020E0240;
90A0 : 02150224;
90A1 : 02340240;
90A2 : 0265029E;
90A3 : 02F60325;
90A4 : 0337030F;
90A5 : 025B0197;
90A6 : 012C00EE;
90A7 : 0098004A;
90A8 : 0014FFE0;
90A9 : FFB7FFE1;
90AA : 00250074;
90AB : 00BB00BE;
90AC : 00DC0106;
90AD : 017D01D2;
90AE : 01A2013D;
90AF : 00C40016;
90B0 : FF42FECC;
90B1 : FED0FEC4;
90B2 : FEC4FEF1;
90B3 : FF00FECB;
90B4 : FE71FE49;
90B5 : FE56FE71;
90B6 : FE85FEA0;
90B7 : FEBFFECA;
90B8 : FEC6FEC0;
90B9 : FEA5FE9F;
90BA : FE8EFE2E;
90BB : FDFAFDF4;
90BC : FDFDFE02;
90BD : FDEAFDE0;
90BE : FDBBFDBE;
90BF : FDAAFDD0;
90C0 : FD93FD41;
90C1 : FDBFFE00;
90C2 : FE12FE4D;
90C3 : FEBFFF0B;
90C4 : FEC6FE8D;
90C5 : FE63FE19;
90C6 : FE11FE2A;
90C7 : FE42FE57;
90C8 : FE58FE1F;
90C9 : FD8BFD6A;
90CA : FD7DFD80;
90CB : FD87FD77;
90CC : FD1CFCE8;
90CD : FD21FD92;
90CE : FDD6FE17;
90CF : FE5FFE77;
90D0 : FE4BFE22;
90D1 : FE4EFE7F;
90D2 : FEC0FEE2;
90D3 : FECFFEBA;
90D4 : FEA5FEC5;
90D5 : FEE0FEDD;
90D6 : FED7FF47;
90D7 : FFB3FFD8;
90D8 : 003000B5;
90D9 : 01180163;
90DA : 019B015A;
90DB : 011000BF;
90DC : 008D00A7;
90DD : 00BE0100;
90DE : 00F100BB;
90DF : 00A70050;
90E0 : 001CFFEB;
90E1 : FFB5FFB6;
90E2 : FFC5001B;
90E3 : 004B0088;
90E4 : 00EC012B;
90E5 : 012300E9;
90E6 : 00AE00B8;
90E7 : 01160109;
90E8 : 00CE00CB;
90E9 : 009E002F;
90EA : FFD7FFB4;
90EB : FFC8FFE8;
90EC : 001A0080;
90ED : 00E1016C;
90EE : 0225029B;
90EF : 02C602A8;
90F0 : 026D0237;
90F1 : 02130215;
90F2 : 020C01EF;
90F3 : 01E00200;
90F4 : 01FB01D6;
90F5 : 01D301D7;
90F6 : 01BD01B9;
90F7 : 0192017B;
90F8 : 01A001E9;
90F9 : 025702A2;
90FA : 02F10346;
90FB : 030F02E3;
90FC : 02E702FF;
90FD : 02FC02BD;
90FE : 0281020C;
90FF : 01820116;
9100 : 00E100F5;
9101 : 00F40111;
9102 : 013F016B;
9103 : 01A501F2;
9104 : 02230219;
9105 : 025C0253;
9106 : 01D0017B;
9107 : 00F30054;
9108 : FFE6FFBF;
9109 : FFE5FFCD;
910A : FFB6FFC1;
910B : FF6FFF2C;
910C : FECEFE88;
910D : FE68FE87;
910E : FEC9FEC1;
910F : FED7FEEF;
9110 : FEDDFEBB;
9111 : FE7FFE53;
9112 : FE3AFDF9;
9113 : FDBBFD83;
9114 : FD54FD1A;
9115 : FD0DFD36;
9116 : FD50FD55;
9117 : FD39FD12;
9118 : FD33FD8D;
9119 : FDE4FE2E;
911A : FE47FE50;
911B : FDD8FD35;
911C : FD00FD03;
911D : FD3FFD59;
911E : FD71FD4D;
911F : FD02FCD3;
9120 : FC99FC94;
9121 : FC9FFCAF;
9122 : FCBCFC90;
9123 : FC6CFC73;
9124 : FC9AFCDF;
9125 : FD22FD83;
9126 : FD9EFD94;
9127 : FDBFFDA7;
9128 : FD87FDD4;
9129 : FDE7FDCD;
912A : FDCEFDCF;
912B : FDD3FDAD;
912C : FDBDFE04;
912D : FE50FEB5;
912E : FF3CFFBC;
912F : 003300B2;
9130 : 00D200CC;
9131 : 00D700E7;
9132 : 00F8010D;
9133 : 01210124;
9134 : 010F010D;
9135 : 015B01E9;
9136 : 0267028F;
9137 : 023701F1;
9138 : 01CE01DB;
9139 : 0208025F;
913A : 02BE02ED;
913B : 032B0315;
913C : 02C30297;
913D : 026E0291;
913E : 02BF02C9;
913F : 02AF0261;
9140 : 0226020A;
9141 : 020801EA;
9142 : 01D701D4;
9143 : 01D9021D;
9144 : 02550296;
9145 : 02F8032E;
9146 : 031602EB;
9147 : 02A90292;
9148 : 02B602AA;
9149 : 028402A2;
914A : 02BF02AF;
914B : 026A0215;
914C : 01F301DD;
914D : 01A00184;
914E : 015D014C;
914F : 016F0142;
9150 : 013C0157;
9151 : 01230119;
9152 : 0153014A;
9153 : 010D00D1;
9154 : 004DFF9D;
9155 : FF29FEEF;
9156 : FEE9FEF9;
9157 : FEF9FEF8;
9158 : FEDDFED8;
9159 : FEEBFF03;
915A : FF38FF7D;
915B : FF94FF82;
915C : FF74FF80;
915D : FF6EFF1F;
915E : FEFEFEDD;
915F : FEBFFE9F;
9160 : FE72FE81;
9161 : FE95FE63;
9162 : FE0BFD91;
9163 : FD2BFD10;
9164 : FD46FD92;
9165 : FDDFFE20;
9166 : FE33FE4B;
9167 : FE6EFE9A;
9168 : FEAEFEAD;
9169 : FE68FE03;
916A : FD93FD52;
916B : FD89FDC3;
916C : FDC7FDCC;
916D : FDC0FDB4;
916E : FDC4FDE8;
916F : FE29FE9A;
9170 : FEDDFEBA;
9171 : FE8BFE5B;
9172 : FE65FEB3;
9173 : FF24FF77;
9174 : FF70FF44;
9175 : FEF8FED7;
9176 : FEF0FF13;
9177 : FF2AFF43;
9178 : FF04FEB9;
9179 : FE92FE97;
917A : FECCFF00;
917B : FF34FF6F;
917C : FF83FFB7;
917D : FFEA000E;
917E : 001FFFFC;
917F : FFACFF30;
9180 : FF0BFF0A;
9181 : FEFBFF1C;
9182 : FF39FF4A;
9183 : FF61FF75;
9184 : FFBB0017;
9185 : 002A0059;
9186 : 0063004A;
9187 : 00390056;
9188 : 009300C5;
9189 : 00F50110;
918A : 00D000A1;
918B : 00E40161;
918C : 01AD01B8;
918D : 017900CA;
918E : 0038FFFD;
918F : 0016007F;
9190 : 00DD0111;
9191 : 011A0117;
9192 : 015201A8;
9193 : 02020235;
9194 : 025C0233;
9195 : 01C50184;
9196 : 018A01BA;
9197 : 01CB01C8;
9198 : 01AD017B;
9199 : 01340140;
919A : 015C0185;
919B : 01B60193;
919C : 01560108;
919D : 00DA00EE;
919E : 0135016D;
919F : 017F0162;
91A0 : 015B0174;
91A1 : 01B101CB;
91A2 : 01A9018A;
91A3 : 0161010C;
91A4 : 00D200E8;
91A5 : 0127014F;
91A6 : 0145014B;
91A7 : 017801D9;
91A8 : 026802E8;
91A9 : 02EF02C7;
91AA : 025C0193;
91AB : 0117013C;
91AC : 018701A5;
91AD : 01BA018F;
91AE : 012200D4;
91AF : 00C000D7;
91B0 : 00F2011F;
91B1 : 010F00BD;
91B2 : 00730066;
91B3 : 00A200D4;
91B4 : 00B90091;
91B5 : 004F001C;
91B6 : 004F009E;
91B7 : 00AC0079;
91B8 : 0010FF76;
91B9 : FEC7FE86;
91BA : FE9FFEF7;
91BB : FF3FFF8F;
91BC : FFA0FF65;
91BD : FF63FFA9;
91BE : FFD6FFB4;
91BF : FFA9FF59;
91C0 : FEE7FE91;
91C1 : FE81FE8C;
91C2 : FE70FE49;
91C3 : FE0EFDCF;
91C4 : FD8CFD8A;
91C5 : FDB5FDBD;
91C6 : FDA5FD43;
91C7 : FCCEFC80;
91C8 : FC93FD21;
91C9 : FD5AFD87;
91CA : FD97FD4E;
91CB : FD09FCFF;
91CC : FD56FDB3;
91CD : FDD2FDC4;
91CE : FD9BFD25;
91CF : FCECFD35;
91D0 : FD6BFDA9;
91D1 : FDDEFDE0;
91D2 : FDD9FDEA;
91D3 : FE36FE9C;
91D4 : FECEFEFB;
91D5 : FEEDFE70;
91D6 : FE37FE64;
91D7 : FEA6FEBF;
91D8 : FEAEFE8A;
91D9 : FE57FE48;
91DA : FE5BFE88;
91DB : FEDEFF37;
91DC : FF55FF84;
91DD : FFA00013;
91DE : 007B00B4;
91DF : 00FD010B;
91E0 : 01180111;
91E1 : 013F017D;
91E2 : 01A601B3;
91E3 : 0194015D;
91E4 : 00E40099;
91E5 : 00C9012E;
91E6 : 015E01A6;
91E7 : 01BD01FB;
91E8 : 026D02CF;
91E9 : 0326033F;
91EA : 03900387;
91EB : 032F02FF;
91EC : 0300031C;
91ED : 030702EA;
91EE : 028B0200;
91EF : 01E201FD;
91F0 : 021C0237;
91F1 : 02520241;
91F2 : 01EA01BF;
91F3 : 01E90219;
91F4 : 02520265;
91F5 : 024101F5;
91F6 : 01BC01DA;
91F7 : 020A022C;
91F8 : 02340223;
91F9 : 01DC0186;
91FA : 015E0177;
91FB : 01A201C2;
91FC : 01C40187;
91FD : 013A0152;
91FE : 018001B3;
91FF : 01C801C0;
9200 : 017300E0;
9201 : 007D0055;
9202 : 005D005F;
9203 : 0057002C;
9204 : FFC4FF80;
9205 : FF6CFFA0;
9206 : FFBFFFCA;
9207 : FFBEFF6A;
9208 : FF31FF32;
9209 : FF61FF72;
920A : FF65FF5F;
920B : FF43FF19;
920C : FF06FF29;
920D : FF34FF39;
920E : FF2DFEE2;
920F : FE99FE5A;
9210 : FE35FE22;
9211 : FE06FDFB;
9212 : FDE9FDF8;
9213 : FE0EFE4E;
9214 : FEA3FEC2;
9215 : FED3FEE9;
9216 : FED1FEC7;
9217 : FEE1FEDD;
9218 : FEC3FEA0;
9219 : FE8CFE78;
921A : FE59FE57;
921B : FE49FE2F;
921C : FE17FE09;
921D : FE02FE1C;
921E : FE2DFE3D;
921F : FE72FE72;
9220 : FE65FE80;
9221 : FEBFFF06;
9222 : FF47FF67;
9223 : FF27FEE2;
9224 : FEA2FE99;
9225 : FEB3FECD;
9226 : FEF7FF01;
9227 : FEECFEC3;
9228 : FEAAFEC9;
9229 : FF1BFF91;
922A : FFCCFFD5;
922B : FFF5FFEF;
922C : FFBDFFE0;
922D : FFE80008;
922E : 001AFFE6;
922F : FFA7FF81;
9230 : FF9BFFA4;
9231 : FFBBFFC0;
9232 : FF86FF5F;
9233 : FF7CFFC0;
9234 : FFFD0036;
9235 : 005C0080;
9236 : 0087007E;
9237 : 008F00AE;
9238 : 009C0085;
9239 : 00740037;
923A : FFF9FFD3;
923B : FFCBFFD4;
923C : FFFF000C;
923D : 00130043;
923E : 007500C7;
923F : 011A0159;
9240 : 01820186;
9241 : 016C017E;
9242 : 019C01B4;
9243 : 01960154;
9244 : 013E013B;
9245 : 010D00EC;
9246 : 00E700C9;
9247 : 00AE00BA;
9248 : 00BF00E0;
9249 : 01210162;
924A : 018E019A;
924B : 0190016C;
924C : 01400154;
924D : 016B0153;
924E : 014C014F;
924F : 014E013D;
9250 : 01320155;
9251 : 0165014C;
9252 : 012F0122;
9253 : 011C0117;
9254 : 012D0178;
9255 : 01AD01E0;
9256 : 01F401C2;
9257 : 01C401E3;
9258 : 01E001D3;
9259 : 01CA01C8;
925A : 01A1017D;
925B : 017C0172;
925C : 013100FF;
925D : 00C3006F;
925E : 00560076;
925F : 009D00C0;
9260 : 00F300E4;
9261 : 00C20082;
9262 : 005A006F;
9263 : 004C002E;
9264 : 0015FFD8;
9265 : FFAFFFA9;
9266 : FFAEFF91;
9267 : FF46FEEE;
9268 : FE97FE6E;
9269 : FE88FEA0;
926A : FEAFFEBD;
926B : FEBEFEAE;
926C : FE7DFE71;
926D : FE89FE82;
926E : FE72FE61;
926F : FE63FE69;
9270 : FE3CFE30;
9271 : FE2EFDF6;
9272 : FDCFFDB6;
9273 : FD81FD8F;
9274 : FDADFDC7;
9275 : FDE8FDFE;
9276 : FDEBFDCE;
9277 : FDC1FDDA;
9278 : FDF9FDFD;
9279 : FE00FDEB;
927A : FDA9FD9B;
927B : FDBAFDD2;
927C : FDD9FDC5;
927D : FDC5FDCA;
927E : FDDDFE1A;
927F : FE30FE2C;
9280 : FE38FE43;
9281 : FE3AFE4C;
9282 : FE85FED0;
9283 : FF10FF00;
9284 : FEDEFECA;
9285 : FEB8FEB8;
9286 : FEC6FEE7;
9287 : FEFBFEF0;
9288 : FEFBFF24;
9289 : FF5EFFAD;
928A : 0018005B;
928B : 008D00C8;
928C : 00CF00CA;
928D : 00FA0143;
928E : 0142013B;
928F : 01440126;
9290 : 011E0136;
9291 : 01420151;
9292 : 015F0152;
9293 : 01460142;
9294 : 015C0194;
9295 : 01C901D2;
9296 : 01E30216;
9297 : 0258029E;
9298 : 02AE0296;
9299 : 02850290;
929A : 02710243;
929B : 02500240;
929C : 022001FA;
929D : 01C10194;
929E : 018801AC;
929F : 01C001C2;
92A0 : 01D101D8;
92A1 : 01E90224;
92A2 : 02450253;
92A3 : 023701F6;
92A4 : 01AB0169;
92A5 : 01390133;
92A6 : 01490144;
92A7 : 01290100;
92A8 : 00BA0090;
92A9 : 00750072;
92AA : 007C0058;
92AB : 00580062;
92AC : 0054005C;
92AD : 007000A0;
92AE : 009E006B;
92AF : 0008FFAA;
92B0 : FF8DFFA2;
92B1 : FFC7FFB6;
92B2 : FF74FF3A;
92B3 : FEF2FEBE;
92B4 : FEC2FEEC;
92B5 : FF3FFF3A;
92B6 : FF26FF43;
92B7 : FF48FF51;
92B8 : FF83FF9C;
92B9 : FF63FF16;
92BA : FED7FEA9;
92BB : FEA2FECF;
92BC : FED8FEAF;
92BD : FE89FE5C;
92BE : FE4BFE46;
92BF : FE53FE53;
92C0 : FE34FE21;
92C1 : FE32FE4C;
92C2 : FE6CFEB1;
92C3 : FEE8FF09;
92C4 : FF02FED7;
92C5 : FEA6FE99;
92C6 : FE9EFEC3;
92C7 : FEF7FEE0;
92C8 : FEABFE9E;
92C9 : FE95FE9A;
92CA : FED8FEFB;
92CB : FEEAFEDA;
92CC : FEC0FEB1;
92CD : FEB8FEFF;
92CE : FF4CFF50;
92CF : FF1EFEF3;
92D0 : FEC8FEB2;
92D1 : FEDEFF2C;
92D2 : FF46FF44;
92D3 : FF4FFF52;
92D4 : FF75FF7E;
92D5 : FF81FF8E;
92D6 : FF67FF4B;
92D7 : FF65FF87;
92D8 : FFB0FFEE;
92D9 : 00210011;
92DA : FFDFFFC5;
92DB : FFACFFAA;
92DC : FFD7FFEC;
92DD : FFC9FF9D;
92DE : FF71FF63;
92DF : FF6AFF7C;
92E0 : FFB3FFD1;
92E1 : FFE60016;
92E2 : 005A0073;
92E3 : 008700A8;
92E4 : 00AB0095;
92E5 : 00770067;
92E6 : 006D0080;
92E7 : 00B800C2;
92E8 : 00AD00A0;
92E9 : 0073003A;
92EA : 0028004D;
92EB : 00480027;
92EC : 00260028;
92ED : 00440069;
92EE : 00A500F6;
92EF : 00F900D1;
92F0 : 00C800DC;
92F1 : 00EF00FF;
92F2 : 00F900B7;
92F3 : 00890076;
92F4 : 00640078;
92F5 : 00B000EA;
92F6 : 011E012A;
92F7 : 010C0101;
92F8 : 01210171;
92F9 : 018F016D;
92FA : 014A0120;
92FB : 01130108;
92FC : 010E0135;
92FD : 01310122;
92FE : 00EC00D4;
92FF : 00D100D7;
9300 : 00EA00F9;
9301 : 00E800ED;
9302 : 00E20101;
9303 : 017901D6;
9304 : 01F60200;
9305 : 01E20183;
9306 : 01360126;
9307 : 010C0105;
9308 : 00EB00B3;
9309 : 00840052;
930A : 00410045;
930B : 00550073;
930C : 007E009C;
930D : 00C700EF;
930E : 00ED00E3;
930F : 00C900A1;
9310 : 005D0027;
9311 : 002F0030;
9312 : 0045004E;
9313 : 001CFFDA;
9314 : FFBAFF87;
9315 : FF68FF83;
9316 : FF6CFF41;
9317 : FF17FEE3;
9318 : FECDFEE1;
9319 : FEFAFEFD;
931A : FF05FF0F;
931B : FEF5FECB;
931C : FEB4FEAA;
931D : FE98FE7E;
931E : FE63FE56;
931F : FE48FE60;
9320 : FE6EFE62;
9321 : FE55FE4C;
9322 : FE3CFE18;
9323 : FE02FE05;
9324 : FE38FE5B;
9325 : FE3AFE20;
9326 : FDF6FDD4;
9327 : FDBAFDB6;
9328 : FDD9FDFB;
9329 : FE0EFDE6;
932A : FDC6FDBD;
932B : FDCCFDED;
932C : FDFEFE02;
932D : FE0FFE3C;
932E : FE7BFEBF;
932F : FEE8FEFB;
9330 : FF05FF09;
9331 : FEE1FECA;
9332 : FEE4FEFD;
9333 : FEF8FEE1;
9334 : FED2FEE3;
9335 : FF0DFF46;
9336 : FF76FFA7;
9337 : FFD80007;
9338 : 003B005B;
9339 : 008C00DC;
933A : 0113010E;
933B : 011C0146;
933C : 01630192;
933D : 01B001D8;
933E : 01E601D5;
933F : 01A90191;
9340 : 01AA01BB;
9341 : 018E015F;
9342 : 01500146;
9343 : 014E016D;
9344 : 01B601E0;
9345 : 01C401D1;
9346 : 01E601E8;
9347 : 01F20201;
9348 : 020101EE;
9349 : 01DB01DA;
934A : 01DE01EA;
934B : 01E701DC;
934C : 01D901D2;
934D : 01BB019D;
934E : 018D01B0;
934F : 01CF01C0;
9350 : 01BB01B9;
9351 : 01AE0194;
9352 : 0163013C;
9353 : 0138011E;
9354 : 00F800F3;
9355 : 00D100B6;
9356 : 00B00091;
9357 : 0072007C;
9358 : 008400A2;
9359 : 00BA00CB;
935A : 00E000DC;
935B : 00E000DB;
935C : 00AC0086;
935D : 00710051;
935E : 0014FFF9;
935F : FFF2FFDE;
9360 : FFB2FF93;
9361 : FF67FF35;
9362 : FF26FF46;
9363 : FF59FF54;
9364 : FF5DFF6A;
9365 : FF56FF35;
9366 : FF29FF08;
9367 : FEE3FEF4;
9368 : FF18FF1E;
9369 : FF20FF1B;
936A : FF05FEF3;
936B : FEF7FEF0;
936C : FECCFEA6;
936D : FE95FE7D;
936E : FE62FE80;
936F : FEB0FED1;
9370 : FED9FEF4;
9371 : FF03FEF9;
9372 : FEFEFEEA;
9373 : FEE2FF06;
9374 : FF19FF17;
9375 : FF12FF1C;
9376 : FF34FF39;
9377 : FF28FF31;
9378 : FF28FF27;
9379 : FF37FF59;
937A : FF68FF71;
937B : FF6AFF72;
937C : FF7AFF68;
937D : FF59FF5C;
937E : FF4EFF3A;
937F : FF3DFF47;
9380 : FF39FF23;
9381 : FF24FF10;
9382 : FF04FF14;
9383 : FF23FF4A;
9384 : FF77FFB1;
9385 : FFC1FFDD;
9386 : 00110018;
9387 : FFFDFFF0;
9388 : FFE0FFDC;
9389 : FFFB0017;
938A : 00150015;
938B : 0010FFFB;
938C : FFF3FFE1;
938D : FFE9000C;
938E : 001E0028;
938F : 002A0037;
9390 : 005B0079;
9391 : 00650062;
9392 : 00720079;
9393 : 0081008E;
9394 : 00AD00C2;
9395 : 00C000AC;
9396 : 009C0099;
9397 : 00940097;
9398 : 009D009A;
9399 : 008D0087;
939A : 008B00A5;
939B : 00B500C3;
939C : 00DF00DD;
939D : 00BB0098;
939E : 00890094;
939F : 00A100A6;
93A0 : 00A500B7;
93A1 : 00C000C8;
93A2 : 00C100BE;
93A3 : 00C000B2;
93A4 : 009D0088;
93A5 : 009800B0;
93A6 : 00B800D2;
93A7 : 00E000D7;
93A8 : 00D500B4;
93A9 : 0091008C;
93AA : 008E0093;
93AB : 009600A7;
93AC : 00880065;
93AD : 005D0070;
93AE : 0080008A;
93AF : 00A700BB;
93B0 : 00D500EE;
93B1 : 00ED00EA;
93B2 : 00EC00D4;
93B3 : 00B500AF;
93B4 : 00B900C0;
93B5 : 00A10091;
93B6 : 008A0081;
93B7 : 006C0043;
93B8 : 00320037;
93B9 : 002C0030;
93BA : 0043004B;
93BB : 0038002C;
93BC : 0032002F;
93BD : 002E0033;
93BE : 0028000D;
93BF : 0001FFEF;
93C0 : FFF0FFF4;
93C1 : FFF1FFDF;
93C2 : FFB7FF99;
93C3 : FF62FF35;
93C4 : FF2CFF38;
93C5 : FF35FF1B;
93C6 : FF11FF28;
93C7 : FF38FF26;
93C8 : FF0FFF00;
93C9 : FEFCFEF7;
93CA : FEECFEED;
93CB : FEE8FEE3;
93CC : FEDAFED2;
93CD : FEC2FEBC;
93CE : FEB3FEA6;
93CF : FE9AFE90;
93D0 : FEA1FEBC;
93D1 : FECAFEE1;
93D2 : FED8FECE;
93D3 : FEBBFEA2;
93D4 : FE91FE9E;
93D5 : FEAAFEA4;
93D6 : FEA9FEA1;
93D7 : FE98FE88;
93D8 : FE7BFE89;
93D9 : FE96FEB3;
93DA : FEB8FEBC;
93DB : FED4FEF5;
93DC : FF08FF1D;
93DD : FF34FF48;
93DE : FF63FF5F;
93DF : FF61FF7B;
93E0 : FF87FF99;
93E1 : FFABFFBC;
93E2 : FFC3FFD6;
93E3 : FFD6FFD7;
93E4 : FFDBFFF2;
93E5 : 0020002D;
93E6 : 0044006A;
93E7 : 009800A8;
93E8 : 009C00A8;
93E9 : 00C000D4;
93EA : 00E40105;
93EB : 011F0130;
93EC : 0140013B;
93ED : 0117011A;
93EE : 0125011E;
93EF : 010B010E;
93F0 : 011E0123;
93F1 : 013F014D;
93F2 : 01530160;
93F3 : 01620157;
93F4 : 014C0135;
93F5 : 01260130;
93F6 : 0127012D;
93F7 : 012E0125;
93F8 : 01140101;
93F9 : 00FC0107;
93FA : 00FC00F8;
93FB : 00F600ED;
93FC : 00EF00FD;
93FD : 01200135;
93FE : 013E013B;
93FF : 011A00FC;
9400 : 00EF00DF;
9401 : 00CA00CB;
9402 : 00D100CC;
9403 : 009B0076;
9404 : 00620059;
9405 : 005F0061;
9406 : 005C005D;
9407 : 0076007C;
9408 : 00700075;
9409 : 0071006D;
940A : 00530048;
940B : 002C0010;
940C : 0004FFE5;
940D : FFD0FFC2;
940E : FFADFF9A;
940F : FF9AFFA7;
9410 : FF9EFF86;
9411 : FF74FF83;
9412 : FF88FF7E;
9413 : FF72FF67;
9414 : FF5FFF69;
9415 : FF62FF53;
9416 : FF51FF6A;
9417 : FF7FFF62;
9418 : FF55FF5A;
9419 : FF48FF35;
941A : FF33FF36;
941B : FF41FF43;
941C : FF3DFF21;
941D : FF21FF54;
941E : FF5DFF60;
941F : FF5BFF38;
9420 : FF27FF31;
9421 : FF2CFF25;
9422 : FF2AFF31;
9423 : FF29FF22;
9424 : FF1DFF1C;
9425 : FF28FF27;
9426 : FF33FF3F;
9427 : FF42FF45;
9428 : FF49FF58;
9429 : FF63FF7C;
942A : FF77FF6C;
942B : FF6EFF64;
942C : FF4EFF59;
942D : FF6CFF69;
942E : FF5EFF59;
942F : FF4FFF4C;
9430 : FF40FF37;
9431 : FF2DFF4B;
9432 : FF6FFF6E;
9433 : FF77FF8B;
9434 : FF92FF95;
9435 : FFA1FFB1;
9436 : FFA7FFAA;
9437 : FFA6FFA5;
9438 : FFA5FFA8;
9439 : FFB4FFB4;
943A : FFADFFC2;
943B : FFCDFFD5;
943C : FFD8FFE1;
943D : FFF8000C;
943E : 0011001E;
943F : 0031004A;
9440 : 00540052;
9441 : 0058006A;
9442 : 0075007A;
9443 : 0073006B;
9444 : 0067005E;
9445 : 0045004F;
9446 : 005B0047;
9447 : 0035002B;
9448 : 003C004A;
9449 : 00590080;
944A : 008C008C;
944B : 00820069;
944C : 0055004D;
944D : 005C007D;
944E : 00870091;
944F : 009B0089;
9450 : 008F0097;
9451 : 0079006A;
9452 : 00720092;
9453 : 008D008D;
9454 : 00A800C5;
9455 : 00C100BD;
9456 : 00C000A0;
9457 : 00A400C0;
9458 : 00C000B5;
9459 : 00AD00A7;
945A : 0094007A;
945B : 00760068;
945C : 005D0071;
945D : 00710077;
945E : 0092009D;
945F : 00A200B9;
9460 : 00B7009A;
9461 : 007C0068;
9462 : 00530048;
9463 : 00460042;
9464 : 0033002B;
9465 : 0023001F;
9466 : 0020001A;
9467 : 0006FFE8;
9468 : FFE6FFF1;
9469 : FFE3FFE5;
946A : FFE7FFD9;
946B : FFE1FFDD;
946C : FFD4FFDA;
946D : FFE9FFE7;
946E : FFE1FFCE;
946F : FFBDFFA0;
9470 : FF7BFF5F;
9471 : FF5CFF5C;
9472 : FF4FFF47;
9473 : FF2CFF1F;
9474 : FF2EFF37;
9475 : FF27FF1F;
9476 : FF00FEEC;
9477 : FEECFEE9;
9478 : FEECFEF8;
9479 : FF0CFF0B;
947A : FEF9FF03;
947B : FF05FF07;
947C : FF00FEFF;
947D : FEF2FEED;
947E : FEF4FEED;
947F : FEFCFF0A;
9480 : FF06FEFA;
9481 : FEFFFEF7;
9482 : FEE6FEEB;
9483 : FEFCFF09;
9484 : FF05FEF9;
9485 : FEF4FEEB;
9486 : FEE3FEE9;
9487 : FEF0FEF9;
9488 : FF0FFF17;
9489 : FF1AFF44;
948A : FF56FF6B;
948B : FF81FF7E;
948C : FF8AFF88;
948D : FF92FFB8;
948E : FFCCFFDC;
948F : FFD3FFCA;
9490 : FFD5FFD5;
9491 : FFEF000B;
9492 : 000A0014;
9493 : 001C0018;
9494 : 0021003F;
9495 : 0060008C;
9496 : 00A400AE;
9497 : 00BA00C8;
9498 : 00E7010B;
9499 : 011B0114;
949A : 00F600E5;
949B : 00DB00E1;
949C : 00EA00EB;
949D : 00E700F7;
949E : 00EC00ED;
949F : 01150126;
94A0 : 01370138;
94A1 : 0123010B;
94A2 : 00FC00F2;
94A3 : 00F900F9;
94A4 : 00F200F9;
94A5 : 00FC00DF;
94A6 : 00CD00D5;
94A7 : 00DE00CE;
94A8 : 00BD00B8;
94A9 : 00B200A0;
94AA : 009800A3;
94AB : 00B400BE;
94AC : 00AE00A0;
94AD : 00AC00AD;
94AE : 00A10098;
94AF : 007D0071;
94B0 : 00540047;
94B1 : 00430042;
94B2 : 003C003A;
94B3 : 003E0038;
94B4 : 002F003F;
94B5 : 005F006E;
94B6 : 00670051;
94B7 : 003A0029;
94B8 : 0013000D;
94B9 : 00150014;
94BA : 0000FFD5;
94BB : FFBCFFBE;
94BC : FFB5FFB5;
94BD : FFA6FF8D;
94BE : FF76FF69;
94BF : FF61FF5C;
94C0 : FF6EFF78;
94C1 : FF83FF92;
94C2 : FF98FF9F;
94C3 : FFBDFFCF;
94C4 : FFBCFFC1;
94C5 : FFBFFFB7;
94C6 : FFB4FFAF;
94C7 : FFB5FFB5;
94C8 : FFA5FF9B;
94C9 : FFA8FFB2;
94CA : FFB3FFB9;
94CB : FFBEFFDB;
94CC : FFE0FFD2;
94CD : FFCBFFD3;
94CE : FFCCFFCA;
94CF : FFCFFFDA;
94D0 : FFCCFFC3;
94D1 : FFC8FFCA;
94D2 : FFD2FFCA;
94D3 : FFBDFFBA;
94D4 : FF9DFFA7;
94D5 : FFBBFFC1;
94D6 : FFCAFFC4;
94D7 : FFB9FFBE;
94D8 : FFC6FFD5;
94D9 : FFE3FFE5;
94DA : FFD6FFC0;
94DB : FFACFF9D;
94DC : FFA7FFB0;
94DD : FFB6FFB6;
94DE : FFACFFAA;
94DF : FFA6FFB4;
94E0 : FFD8FFF8;
94E1 : FFFE000E;
94E2 : 00180005;
94E3 : FFFA0005;
94E4 : 000C0003;
94E5 : FFF9FFED;
94E6 : FFD7FFDA;
94E7 : FFCEFFD2;
94E8 : FFE2FFF0;
94E9 : FFE3FFD6;
94EA : FFE1FFF1;
94EB : FFF9FFFC;
94EC : 00050018;
94ED : 00280046;
94EE : 00530069;
94EF : 007E0080;
94F0 : 007B0071;
94F1 : 006B0068;
94F2 : 00650057;
94F3 : 00420034;
94F4 : 00300048;
94F5 : 004C004C;
94F6 : 00650072;
94F7 : 00620052;
94F8 : 005E0065;
94F9 : 005E0059;
94FA : 0050004D;
94FB : 004B0052;
94FC : 005C006C;
94FD : 007D0079;
94FE : 00690066;
94FF : 00600065;
9500 : 00670069;
9501 : 00660055;
9502 : 005E0060;
9503 : 00620073;
9504 : 0077007D;
9505 : 00800078;
9506 : 006B0073;
9507 : 006E0068;
9508 : 0061004C;
9509 : 003D004D;
950A : 0058006A;
950B : 0089009A;
950C : 00940083;
950D : 0070006F;
950E : 006F006E;
950F : 00650049;
9510 : 003D0039;
9511 : 00270019;
9512 : 002F0037;
9513 : 001F0018;
9514 : 0005FFED;
9515 : FFE0FFE8;
9516 : FFECFFDC;
9517 : FFD2FFC4;
9518 : FFCDFFD5;
9519 : FFE5FFFE;
951A : 000B001F;
951B : 00170007;
951C : FFFBFFED;
951D : FFE2FFDA;
951E : FFC5FFAD;
951F : FF88FF81;
9520 : FF85FF82;
9521 : FF7CFF89;
9522 : FF93FF85;
9523 : FF80FF7E;
9524 : FF7CFF71;
9525 : FF69FF5D;
9526 : FF5DFF6A;
9527 : FF69FF61;
9528 : FF5CFF63;
9529 : FF62FF62;
952A : FF4BFF3B;
952B : FF44FF40;
952C : FF39FF3E;
952D : FF3DFF37;
952E : FF32FF35;
952F : FF4DFF58;
9530 : FF5FFF66;
9531 : FF56FF4B;
9532 : FF48FF41;
9533 : FF49FF4E;
9534 : FF4DFF5B;
9535 : FF65FF6B;
9536 : FF79FF94;
9537 : FFA8FFB7;
9538 : FFC0FFC5;
9539 : FFC7FFD6;
953A : FFEAFFEC;
953B : FFEFFFEF;
953C : FFFDFFFF;
953D : 00000015;
953E : 001B0025;
953F : 002C003A;
9540 : 00410046;
9541 : 0048004E;
9542 : 004F0054;
9543 : 0065007F;
9544 : 00A200B9;
9545 : 00C000C1;
9546 : 00CD00CD;
9547 : 00CA00CF;
9548 : 00BC00BC;
9549 : 00C300B4;
954A : 00AE00AB;
954B : 00B800BB;
954C : 00C100C3;
954D : 00BE00C4;
954E : 00C300BB;
954F : 00B900B1;
9550 : 00A8009E;
9551 : 008E008A;
9552 : 009200A2;
9553 : 00AA00AD;
9554 : 00A5009E;
9555 : 0097008A;
9556 : 0086007E;
9557 : 00820080;
9558 : 006D0062;
9559 : 00530058;
955A : 00550053;
955B : 005A0056;
955C : 00510053;
955D : 004D0042;
955E : 00390030;
955F : 0022000C;
9560 : 0002FFFC;
9561 : 00070018;
9562 : 0033003F;
9563 : 00390023;
9564 : 000BFFFD;
9565 : FFF8FFF7;
9566 : FFEDFFE8;
9567 : FFD1FFBC;
9568 : FFB5FFB1;
9569 : FFAFFFA3;
956A : FF9FFF91;
956B : FF7EFF70;
956C : FF61FF5E;
956D : FF59FF54;
956E : FF5DFF63;
956F : FF6DFF7E;
9570 : FF99FFA7;
9571 : FFA2FF9F;
9572 : FFA6FFA9;
9573 : FFABFFA6;
9574 : FF99FF96;
9575 : FF87FF75;
9576 : FF6BFF7C;
9577 : FF8DFF8F;
9578 : FF95FF9D;
9579 : FFA7FFAB;
957A : FFA9FFB1;
957B : FFACFFAB;
957C : FFAAFFA4;
957D : FF9EFFA0;
957E : FFB2FFBF;
957F : FFBBFFBC;
9580 : FFB0FF9B;
9581 : FF93FF97;
9582 : FF9BFF9F;
9583 : FFA4FFA1;
9584 : FFA9FFA9;
9585 : FFAEFFBA;
9586 : FFC7FFCE;
9587 : FFCBFFBC;
9588 : FFBAFFBA;
9589 : FFA9FFB0;
958A : FFA8FFA7;
958B : FFA7FFAA;
958C : FFB8FFC5;
958D : FFDAFFF3;
958E : 0004000F;
958F : 0016001D;
9590 : 001F001E;
9591 : 0016001B;
9592 : 00150015;
9593 : 00130011;
9594 : 00100014;
9595 : 00190016;
9596 : 00150017;
9597 : 001B001E;
9598 : 00100005;
9599 : 00090013;
959A : 001A002C;
959B : 003D0056;
959C : 005E0061;
959D : 005B0054;
959E : 004C0042;
959F : 003A0033;
95A0 : 002D0028;
95A1 : 00220020;
95A2 : 0021001F;
95A3 : 0028002A;
95A4 : 002D0025;
95A5 : 001D001E;
95A6 : 00190014;
95A7 : 000D000D;
95A8 : 000F001E;
95A9 : 0027002F;
95AA : 0037003D;
95AB : 00410036;
95AC : 002B0022;
95AD : 0015001C;
95AE : 001E0022;
95AF : 0029002F;
95B0 : 00290021;
95B1 : 001F001A;
95B2 : 0021002B;
95B3 : 002E0035;
95B4 : 002C0024;
95B5 : 00180014;
95B6 : 00110012;
95B7 : 00130017;
95B8 : 00200023;
95B9 : 00270027;
95BA : 00290030;
95BB : 00290024;
95BC : 001F001D;
95BD : 001B0017;
95BE : 0012000F;
95BF : 000C000D;
95C0 : 00000000;
95C1 : FFF8FFEA;
95C2 : FFD0FFBA;
95C3 : FFB5FFBF;
95C4 : FFC3FFC0;
95C5 : FFC0FFC4;
95C6 : FFCFFFD2;
95C7 : FFDBFFEA;
95C8 : FFE8FFE9;
95C9 : FFE3FFD9;
95CA : FFC7FFC6;
95CB : FFC1FFB9;
95CC : FFB2FFB0;
95CD : FFA3FFA4;
95CE : FFA6FFA3;
95CF : FFA4FFAB;
95D0 : FFB4FFB4;
95D1 : FFACFFA5;
95D2 : FF98FF98;
95D3 : FF9CFFA1;
95D4 : FF9DFF95;
95D5 : FF93FF94;
95D6 : FF87FF7A;
95D7 : FF6CFF68;
95D8 : FF61FF59;
95D9 : FF50FF56;
95DA : FF5DFF5F;
95DB : FF5FFF6B;
95DC : FF67FF6C;
95DD : FF71FF68;
95DE : FF5CFF5D;
95DF : FF57FF58;
95E0 : FF5AFF5C;
95E1 : FF5CFF66;
95E2 : FF69FF68;
95E3 : FF7CFF8C;
95E4 : FF94FFA5;
95E5 : FFADFFAE;
95E6 : FFB3FFB9;
95E7 : FFBBFFC6;
95E8 : FFCAFFCD;
95E9 : FFCBFFCF;
95EA : FFCCFFC9;
95EB : FFCFFFD4;
95EC : FFDAFFE6;
95ED : FFE5FFE4;
95EE : FFEFFFF0;
95EF : FFE4FFF0;
95F0 : FFFE0006;
95F1 : 000E0019;
95F2 : 0022002F;
95F3 : 00390043;
95F4 : 00430047;
95F5 : 00440044;
95F6 : 003E0039;
95F7 : 00430042;
95F8 : 00490048;
95F9 : 004B004A;
95FA : 00490051;
95FB : 004B0041;
95FC : 00370037;
95FD : 002C003A;
95FE : 00380033;
95FF : 00420049;
9600 : 004B0054;
9601 : 00500054;
9602 : 00480040;
9603 : 0034002F;
9604 : 00370038;
9605 : 0036003B;
9606 : 003E0042;
9607 : 003B003D;
9608 : 003D0041;
9609 : 0043003E;
960A : 00330033;
960B : 00330026;
960C : 001C001B;
960D : 0019001D;
960E : 00160015;
960F : 001D0019;
9610 : 0010001C;
9611 : 001B000B;
9612 : 0004FFF5;
9613 : FFF6FFF4;
9614 : FFF0FFF1;
9615 : FFE9FFEF;
9616 : FFEEFFEC;
9617 : FFEBFFE1;
9618 : FFD4FFCF;
9619 : FFC4FFC0;
961A : FFB9FFB9;
961B : FFC2FFC4;
961C : FFCDFFD6;
961D : FFD8FFE0;
961E : FFE4FFE5;
961F : FFD9FFCE;
9620 : FFD0FFD8;
9621 : FFD5FFDE;
9622 : FFD7FFD5;
9623 : FFD3FFD0;
9624 : FFDAFFD9;
9625 : FFDFFFE0;
9626 : FFDCFFDD;
9627 : FFE2FFE7;
9628 : FFEAFFE9;
9629 : FFE6FFE3;
962A : FFDDFFE3;
962B : FFE3FFEB;
962C : FFF5FFF6;
962D : FFEEFFE7;
962E : FFEBFFED;
962F : FFE7FFE6;
9630 : FFEFFFF8;
9631 : FFF7FFFB;
9632 : FFFEFFFF;
9633 : FFFDFFFF;
9634 : 0001FFF9;
9635 : FFFBFFF4;
9636 : FFF3FFEB;
9637 : FFE3FFE4;
9638 : FFF0FFF6;
9639 : 0002000D;
963A : 00120018;
963B : 00200027;
963C : 0027002B;
963D : 002B0028;
963E : 002A0033;
963F : 0029002E;
9640 : 003A0039;
9641 : 00380041;
9642 : 00470046;
9643 : 00420046;
9644 : 004C004E;
9645 : 004B0046;
9646 : 00470047;
9647 : 00420043;
9648 : 0043004C;
9649 : 0057005A;
964A : 0056004E;
964B : 004B004B;
964C : 00450045;
964D : 004E0052;
964E : 0049004E;
964F : 0050004E;
9650 : 00500050;
9651 : 00450047;
9652 : 003A0031;
9653 : 00310037;
9654 : 00340033;
9655 : 002E0032;
9656 : 00350039;
9657 : 003B0043;
9658 : 0046003A;
9659 : 0039003D;
965A : 00390039;
965B : 00330039;
965C : 00380031;
965D : 00330039;
965E : 00410044;
965F : 003F003A;
9660 : 003D003D;
9661 : 003F003E;
9662 : 0043003F;
9663 : 00390034;
9664 : 002C002E;
9665 : 002F0031;
9666 : 002D0024;
9667 : 00210023;
9668 : 00210023;
9669 : 001C001A;
966A : 001A0015;
966B : 00090010;
966C : 0007000D;
966D : 0013000A;
966E : 0005FFFE;
966F : FFFCFFF0;
9670 : FFECFFF0;
9671 : FFE9FFED;
9672 : FFE7FFE6;
9673 : FFECFFF3;
9674 : FFF4FFFB;
9675 : FFF5FFF8;
9676 : FFF7FFF9;
9677 : FFF4FFF5;
9678 : FFF1FFF1;
9679 : FFF4FFF1;
967A : FFF5FFF0;
967B : FFF9FFFE;
967C : FFFEFFFE;
967D : 00000003;
967E : 0001FFFF;
967F : FFFC0004;
9680 : FFF8FFFB;
9681 : FFF9FFF0;
9682 : FFF4FFF4;
9683 : FFF9FFFA;
9684 : FFF1FFF0;
9685 : FFE9FFEE;
9686 : FFEBFFE3;
9687 : FFE9FFEA;
9688 : FFDEFFDE;
9689 : FFE6FFE8;
968A : FFE5FFE9;
968B : FFEBFFE7;
968C : FFE7FFE7;
968D : FFDFFFE4;
968E : FFEBFFEA;
968F : FFE9FFF3;
9690 : FFF4FFF6;
9691 : FFF5FFFE;
9692 : FFFAFFFB;
9693 : 00030005;
9694 : 0009000F;
9695 : 000F0017;
9696 : 00190018;
9697 : 00180022;
9698 : 002A002E;
9699 : 002C002A;
969A : 00300034;
969B : 00340031;
969C : 0031002C;
969D : 002E002B;
969E : 002D0031;
969F : 002F002C;
96A0 : 00310035;
96A1 : 002E0034;
96A2 : 0030002F;
96A3 : 00330034;
96A4 : 00350034;
96A5 : 00320036;
96A6 : 0032002F;
96A7 : 0031002D;
96A8 : 00260025;
96A9 : 00210020;
96AA : 001E001E;
96AB : 00220022;
96AC : 00200020;
96AD : 0017001D;
96AE : 00230024;
96AF : 00240022;
96B0 : 0025001B;
96B1 : 001F001D;
96B2 : 00130018;
96B3 : 001C001D;
96B4 : 001C0017;
96B5 : 000E0014;
96B6 : 00170017;
96B7 : 00160017;
96B8 : 000C0010;
96B9 : 0010000A;
96BA : 000C0011;
96BB : 000D000C;
96BC : 000A0010;
96BD : 00080007;
96BE : 00030003;
96BF : 00070005;
96C0 : 0005FFFD;
96C1 : FFFBFFFB;
96C2 : FFFAFFFB;
96C3 : FFFB0003;
96C4 : FFF5FFF1;
96C5 : FFEFFFEB;
96C6 : FFE2FFDC;
96C7 : FFDFFFD8;
96C8 : FFD8FFD4;
96C9 : FFDDFFD9;
96CA : FFDFFFDF;
96CB : FFDCFFE4;
96CC : FFE1FFDE;
96CD : FFE1FFE4;
96CE : FFE6FFE3;
96CF : FFE2FFE6;
96D0 : FFE9FFE8;
96D1 : FFECFFE8;
96D2 : FFE3FFE8;
96D3 : FFECFFE5;
96D4 : FFEAFFEB;
96D5 : FFE9FFEE;
96D6 : FFE7FFE6;
96D7 : FFE5FFE5;
96D8 : FFEAFFEF;
96D9 : FFF3FFEE;
96DA : FFEFFFF3;
96DB : FFEAFFF1;
96DC : FFE9FFEA;
96DD : FFEBFFE7;
96DE : FFF1FFF0;
96DF : FFF3FFEC;
96E0 : FFEFFFF2;
96E1 : FFE7FFEB;
96E2 : FFEBFFEA;
96E3 : FFE7FFE7;
96E4 : FFEAFFEA;
96E5 : FFE4FFE2;
96E6 : FFE5FFE8;
96E7 : FFEAFFF2;
96E8 : FFF7FFF8;
96E9 : FFF3FFF4;
96EA : FFF8FFFB;
96EB : FFF7FFFC;
96EC : FFFD0009;
96ED : 00050003;
96EE : 00040001;
96EF : 00050006;
96F0 : 0008000F;
96F1 : 00070005;
96F2 : 000A0009;
96F3 : 00080003;
96F4 : 00040006;
96F5 : 00050005;
96F6 : 00070005;
96F7 : 00020006;
96F8 : 00020009;
96F9 : 0007FFFE;
96FA : 0001FFFF;
96FB : FFFDFFFC;
96FC : FFFCFFF5;
96FD : FFF8FFF4;
96FE : FFF4FFF8;
96FF : FFF2FFF9;
9700 : FFF8FFF9;
9701 : FFF6FFF9;
9702 : FFF2FFF8;
9703 : 00000001;
9704 : 00060006;
9705 : 00080005;
9706 : 000C0007;
9707 : 0002FFFD;
9708 : FFFF0001;
9709 : FFFE0002;
970A : FFFCFFFF;
970B : 00030001;
970C : 00060006;
970D : 00040001;
970E : 00020002;
970F : FFFFFFF8;
9710 : FFFDFFF9;
9711 : FFFCFFFA;
9712 : FFFBFFFA;
9713 : FFFAFFFC;
9714 : FFF5FFF8;
9715 : FFFCFFFA;
9716 : FFF0FFF8;
9717 : FFEFFFF1;
9718 : FFF1FFF2;
9719 : FFF3FFF0;
971A : FFEDFFEA;
971B : FFEEFFEC;
971C : FFEFFFE8;
971D : FFE4FFE7;
971E : FFE3FFDF;
971F : FFDEFFE2;
9720 : FFE2FFE2;
9721 : FFE2FFE4;
9722 : FFE4FFE1;
9723 : FFE3FFE4;
9724 : FFE4FFE7;
9725 : FFE7FFE7;
9726 : FFE3FFE4;
9727 : FFE7FFEA;
9728 : FFE9FFEB;
9729 : FFF2FFED;
972A : FFEEFFF1;
972B : FFF0FFF2;
972C : FFEBFFEE;
972D : FFF0FFF0;
972E : FFF1FFF0;
972F : FFF5FFF6;
9730 : FFF7FFF9;
9731 : FFFAFFF4;
9732 : FFF8FFF2;
9733 : FFF1FFF1;
9734 : FFEBFFEC;
9735 : FFE7FFEB;
9736 : FFEFFFEB;
9737 : FFECFFED;
9738 : FFECFFEA;
9739 : FFECFFEA;
973A : FFEBFFEE;
973B : FFEBFFF5;
973C : FFEFFFF4;
973D : FFF4FFF3;
973E : FFFAFFF6;
973F : FFF4FFF4;
9740 : FFF8FFFF;
9741 : FFFBFFFB;
9742 : FFF8FFFE;
9743 : 0002FFF9;
9744 : FFFFFFFD;
9745 : FFFE0003;
9746 : 00060006;
9747 : 00020002;
9748 : 0002FFFF;
9749 : 00000001;
974A : 00010006;
974B : 00050004;
974C : 00050005;
974D : 0002000B;
974E : 00050001;
974F : 00040003;
9750 : 0002FFFF;
9751 : FFFCFFFF;
9752 : 0001FFFE;
9753 : 0000FFFC;
9754 : 00000000;
9755 : FFFDFFF6;
9756 : FFF8FFF7;
9757 : FFEFFFEF;
9758 : FFF7FFF5;
9759 : FFF2FFF3;
975A : FFEEFFEC;
975B : FFEDFFE9;
975C : FFEAFFE7;
975D : FFEAFFE6;
975E : FFE4FFE4;
975F : FFDAFFDB;
9760 : FFE0FFDF;
9761 : FFDEFFDE;
9762 : FFDEFFDE;
9763 : FFDDFFDC;
9764 : FFDCFFD6;
9765 : FFD7FFD1;
9766 : FFCEFFD3;
9767 : FFCFFFCD;
9768 : FFCBFFCE;
9769 : FFCBFFCD;
976A : FFCCFFCB;
976B : FFCBFFC6;
976C : FFC9FFCC;
976D : FFCBFFD1;
976E : FFC5FFD2;
976F : FFD3FFD0;
9770 : FFCFFFD1;
9771 : FFD6FFD3;
9772 : FFD7FFD8;
9773 : FFD9FFDF;
9774 : FFDDFFE3;
9775 : FFE0FFE2;
9776 : FFE1FFE8;
9777 : FFEAFFE3;
9778 : FFE2FFE6;
9779 : FFE3FFEA;
977A : FFE5FFDF;
977B : FFE2FFE7;
977C : FFE4FFDE;
977D : FFE2FFEB;
977E : FFE9FFEC;
977F : FFEAFFEB;
9780 : FFF2FFF6;
9781 : FFF4FFFD;
9782 : FFFDFFF8;
9783 : FFFBFFFD;
9784 : FFFCFFFF;
9785 : 00000004;
9786 : 00000002;
9787 : 00040002;
9788 : 00010004;
9789 : 00010001;
978A : 0002FFFE;
978B : 00020003;
978C : FFFE0002;
978D : 00000000;
978E : FFFCFFFD;
978F : FFFDFFF9;
9790 : FFFDFFFC;
9791 : 0001FFFA;
9792 : FFF7FFF8;
9793 : FFFA0000;
9794 : FFF7FFFC;
9795 : FFFCFFFF;
9796 : FFFE0004;
9797 : 00020004;
9798 : FFFE0008;
9799 : 00040004;
979A : 00120010;
979B : 000E000C;
979C : 000C0007;
979D : 000C0011;
979E : 000B000E;
979F : 000E000D;
97A0 : 000B000E;
97A1 : 00110015;
97A2 : 00130019;
97A3 : 00190014;
97A4 : 00120015;
97A5 : 00140016;
97A6 : 00190015;
97A7 : 00130017;
97A8 : 00120010;
97A9 : 00100013;
97AA : 00120012;
97AB : 00150012;
97AC : 00150011;
97AD : 00160016;
97AE : 00160016;
97AF : 00190019;
97B0 : 001F001A;
97B1 : 001E0025;
97B2 : 00230020;
97B3 : 00200025;
97B4 : 001F0024;
97B5 : 00210022;
97B6 : 001B001D;
97B7 : 00200023;
97B8 : 00240021;
97B9 : 00200021;
97BA : 001D001F;
97BB : 001C001A;
97BC : 0021001B;
97BD : 0018001A;
97BE : 001B001A;
97BF : 001C0022;
97C0 : 001F001F;
97C1 : 001D001E;
97C2 : 00210021;
97C3 : 00220024;
97C4 : 00200025;
97C5 : 00250022;
97C6 : 00260024;
97C7 : 00230026;
97C8 : 00270027;
97C9 : 00220024;
97CA : 00230024;
97CB : 0020001E;
97CC : 001E0023;
97CD : 0020001C;
97CE : 0020001C;
97CF : 001D001A;
97D0 : 001A0019;
97D1 : 0016001C;
97D2 : 00160012;
97D3 : 00170018;
97D4 : 00170019;
97D5 : 00130019;
97D6 : 0013000E;
97D7 : 0014000F;
97D8 : 0012000C;
97D9 : 000B000E;
97DA : 000E000D;
97DB : 000A000A;
97DC : 000B000A;
97DD : 0009000C;
97DE : 000D0008;
97DF : 00020006;
97E0 : 00030007;
97E1 : 00090007;
97E2 : 00070003;
97E3 : 00010000;
97E4 : 00010000;
97E5 : FFFF0001;
97E6 : 0004FFFF;
97E7 : 00010004;
97E8 : FFFE0003;
97E9 : 00000002;
97EA : 00050004;
97EB : 00090006;
97EC : 0005000B;
97ED : 0008000D;
97EE : 0009000E;
97EF : 000F0017;
97F0 : 00160015;
97F1 : 0016001A;
97F2 : 001C0013;
97F3 : 001F0022;
97F4 : 001C001D;
97F5 : 0019001E;
97F6 : 001E001B;
97F7 : 0021001E;
97F8 : 0020001C;
97F9 : 001A001E;
97FA : 0020001A;
97FB : 001C001E;
97FC : 001E001B;
97FD : 00190019;
97FE : 001B0017;
97FF : 00120016;
9800 : 001B0017;
9801 : 00150013;
9802 : 00140013;
9803 : 00160013;
9804 : 0017001B;
9805 : 00140012;
9806 : 00110016;
9807 : 000C0011;
9808 : 0011000C;
9809 : 0010000F;
980A : 0015000E;
980B : 000F000C;
980C : 00110011;
980D : 00110011;
980E : 000D000F;
980F : 000E0011;
9810 : 000A0010;
9811 : 0012000F;
9812 : 00100012;
9813 : 00150015;
9814 : 000E0013;
9815 : 00140014;
9816 : 00130011;
9817 : 00110010;
9818 : 00100010;
9819 : 00100011;
981A : 00110012;
981B : 00110012;
981C : 00120014;
981D : 000D0010;
981E : 000C000C;
981F : 000C0008;
9820 : 000E000D;
9821 : 000C000D;
9822 : 000B000A;
9823 : 00090008;
9824 : 00090009;
9825 : 00010001;
9826 : 00020000;
9827 : FFFEFFFE;
9828 : FFFB0001;
9829 : FFFDFFFD;
982A : FFFCFFF9;
982B : FFF9FFF6;
982C : FFF5FFF3;
982D : FFF2FFF7;
982E : FFF3FFEF;
982F : FFF1FFF3;
9830 : FFEFFFED;
9831 : FFEDFFEE;
9832 : FFEEFFEF;
9833 : FFE9FFE7;
9834 : FFE6FFEB;
9835 : FFECFFEC;
9836 : FFEFFFED;
9837 : FFF3FFF4;
9838 : FFF2FFF5;
9839 : FFF5FFF3;
983A : FFF5FFF6;
983B : FFFAFFF7;
983C : FFF5FFF8;
983D : FFFAFFF9;
983E : FFF7FFF8;
983F : FFF8FFFB;
9840 : FFF4FFF7;
9841 : FFF9FFF7;
9842 : FFF8FFF3;
9843 : FFF3FFF6;
9844 : FFF8FFF5;
9845 : FFF4FFF6;
9846 : FFFAFFF6;
9847 : FFFAFFFC;
9848 : FFFAFFF8;
9849 : FFF8FFFD;
984A : FFFFFFFE;
984B : FFFC0002;
984C : FFFF0005;
984D : 00070006;
984E : 00060005;
984F : 0007000B;
9850 : 00090008;
9851 : 0008000F;
9852 : 00080007;
9853 : 000C0006;
9854 : 00080007;
9855 : 0007000D;
9856 : 00070008;
9857 : 0007000A;
9858 : 0008000B;
9859 : 000E000D;
985A : 000F000D;
985B : 000E000C;
985C : 000B000D;
985D : 000E000C;
985E : 000A000B;
985F : 0010000C;
9860 : 0009000C;
9861 : 000C000C;
9862 : 0010000B;
9863 : 0007000A;
9864 : 00090008;
9865 : 0009000B;
9866 : 000C0007;
9867 : 00020003;
9868 : 00000003;
9869 : 00010005;
986A : 0000FFFD;
986B : FFFEFFFB;
986C : FFFAFFFB;
986D : FFF5FFFA;
986E : FFF9FFF4;
986F : FFF6FFFA;
9870 : FFF4FFF4;
9871 : FFF0FFF4;
9872 : FFF5FFF4;
9873 : FFF9FFFA;
9874 : FFF5FFF3;
9875 : FFFAFFF6;
9876 : FFF3FFF6;
9877 : FFF5FFF8;
9878 : FFFAFFFD;
9879 : FFF6FFF6;
987A : FFFBFFFE;
987B : 0000FFFC;
987C : 00000003;
987D : 00000000;
987E : FFFD0000;
987F : 00020000;
9880 : 00010002;
9881 : 00030004;
9882 : 00000004;
9883 : 00020002;
9884 : 00000003;
9885 : 00010004;
9886 : 00020003;
9887 : 00060006;
9888 : 00020003;
9889 : 00010004;
988A : 00060007;
988B : 00060006;
988C : 00070007;
988D : 00030008;
988E : 00030005;
988F : 00040009;
9890 : 00070009;
9891 : 00070003;
9892 : 00020004;
9893 : 0000FFFF;
9894 : 00020001;
9895 : 0000FFFC;
9896 : FFF5FFFF;
9897 : FFF6FFFD;
9898 : FFFCFFFC;
9899 : FFFDFFF4;
989A : FFF2FFF3;
989B : FFF7FFF3;
989C : FFECFFEF;
989D : FFEDFFEE;
989E : FFEBFFEA;
989F : FFECFFED;
98A0 : FFE8FFE4;
98A1 : FFE9FFE4;
98A2 : FFE4FFE6;
98A3 : FFE5FFE7;
98A4 : FFE5FFE7;
98A5 : FFE4FFE7;
98A6 : FFE2FFE2;
98A7 : FFE3FFE5;
98A8 : FFE5FFE0;
98A9 : FFE2FFE5;
98AA : FFE6FFE6;
98AB : FFE6FFE1;
98AC : FFDDFFE2;
98AD : FFDFFFDD;
98AE : FFDBFFDE;
98AF : FFDBFFD9;
98B0 : FFDBFFDF;
98B1 : FFD7FFDD;
98B2 : FFDCFFDA;
98B3 : FFDAFFDE;
98B4 : FFE1FFE2;
98B5 : FFDFFFE1;
98B6 : FFE2FFE4;
98B7 : FFE4FFE4;
98B8 : FFE7FFE3;
98B9 : FFE3FFE8;
98BA : FFE5FFEA;
98BB : FFEAFFE9;
98BC : FFE7FFE8;
98BD : FFE4FFE9;
98BE : FFEBFFEA;
98BF : FFE6FFEB;
98C0 : FFE6FFE9;
98C1 : FFEBFFEA;
98C2 : FFE7FFE6;
98C3 : FFE7FFE2;
98C4 : FFE3FFE6;
98C5 : FFE7FFE8;
98C6 : FFE7FFE5;
98C7 : FFE5FFE9;
98C8 : FFE9FFE7;
98C9 : FFE3FFE3;
98CA : FFE6FFE6;
98CB : FFE6FFE0;
98CC : FFE3FFE0;
98CD : FFE3FFE4;
98CE : FFE0FFE5;
98CF : FFEAFFE5;
98D0 : FFE5FFED;
98D1 : FFE8FFEC;
98D2 : FFE8FFEA;
98D3 : FFEBFFEB;
98D4 : FFEEFFED;
98D5 : FFEDFFEE;
98D6 : FFECFFEC;
98D7 : FFEDFFF3;
98D8 : FFEEFFF3;
98D9 : FFF4FFF8;
98DA : FFF7FFF8;
98DB : FFF8FFFB;
98DC : FFFAFFFE;
98DD : FFF9FFFA;
98DE : 00040000;
98DF : 00020002;
98E0 : 00020004;
98E1 : FFFA0000;
98E2 : 00000000;
98E3 : 00050001;
98E4 : 00000002;
98E5 : 00010005;
98E6 : 00020003;
98E7 : 00000002;
98E8 : 00010004;
98E9 : 00000003;
98EA : FFFE0001;
98EB : 0000FFFA;
98EC : FFFDFFFC;
98ED : FFFBFFFB;
98EE : FFF8FFFD;
98EF : FFF8FFF8;
98F0 : FFF8FFFA;
98F1 : FFF6FFF6;
98F2 : FFF5FFF7;
98F3 : FFF2FFEF;
98F4 : FFECFFEB;
98F5 : FFEDFFED;
98F6 : FFEBFFEF;
98F7 : FFEBFFE2;
98F8 : FFE2FFE3;
98F9 : FFE2FFE4;
98FA : FFDFFFE2;
98FB : FFE2FFE1;
98FC : FFDEFFE3;
98FD : FFE0FFE3;
98FE : FFDEFFDF;
98FF : FFDBFFDD;
9900 : FFD9FFE2;
9901 : FFDFFFDF;
9902 : FFDDFFDE;
9903 : FFE1FFDB;
9904 : FFDEFFDF;
9905 : FFE1FFDF;
9906 : FFE1FFDE;
9907 : FFDDFFDF;
9908 : FFDDFFE3;
9909 : FFDDFFDA;
990A : FFDDFFDD;
990B : FFDBFFDE;
990C : FFDBFFDF;
990D : FFDCFFE1;
990E : FFE0FFDE;
990F : FFE5FFE7;
9910 : FFE4FFE5;
9911 : FFE6FFE3;
9912 : FFE5FFE8;
9913 : FFE9FFEB;
9914 : FFE5FFE9;
9915 : FFEBFFEF;
9916 : FFEDFFF0;
9917 : FFEEFFEE;
9918 : FFF2FFF1;
9919 : FFF3FFF0;
991A : FFF5FFF1;
991B : FFF5FFF3;
991C : FFF8FFF5;
991D : FFF5FFF8;
991E : FFF2FFF7;
991F : FFF7FFFE;
9920 : FFF6FFF6;
9921 : FFF7FFFA;
9922 : FFFAFFF9;
9923 : FFF9FFF6;
9924 : FFF8FFFF;
9925 : FFFAFFFF;
9926 : FFFBFFFF;
9927 : FFFDFFF9;
9928 : FFFCFFFD;
9929 : FFFC0001;
992A : 0000FFF9;
992B : FFFAFFFB;
992C : FFFEFFFE;
992D : FFFB0002;
992E : FFFAFFFE;
992F : FFFBFFFC;
9930 : FFFA0002;
9931 : FFFFFFFC;
9932 : FFFEFFFB;
9933 : FFFAFFFB;
9934 : FFFFFFFA;
9935 : FFFE0000;
9936 : FFFBFFFA;
9937 : FFFCFFFE;
9938 : FFFCFFFE;
9939 : 0001FFFF;
993A : FFFEFFFD;
993B : FFFFFFFB;
993C : FFFD0001;
993D : 00000008;
993E : 00010000;
993F : 00040002;
9940 : 00030009;
9941 : 0008000C;
9942 : 000E000D;
9943 : 0010000F;
9944 : 00130012;
9945 : 000F0015;
9946 : 00100012;
9947 : 00140019;
9948 : 00170019;
9949 : 00170017;
994A : 001A001A;
994B : 001C001D;
994C : 001C001B;
994D : 0019001B;
994E : 001E001B;
994F : 00230025;
9950 : 00240026;
9951 : 00230025;
9952 : 00240027;
9953 : 00250028;
9954 : 0025002A;
9955 : 002A002D;
9956 : 002B002C;
9957 : 002C0030;
9958 : 002B002B;
9959 : 002C002B;
995A : 002C002C;
995B : 002B0030;
995C : 00310031;
995D : 002E002E;
995E : 00310033;
995F : 002F002E;
9960 : 002F002A;
9961 : 002E002D;
9962 : 00280027;
9963 : 002A002C;
9964 : 002C002B;
9965 : 00290028;
9966 : 00250024;
9967 : 00230023;
9968 : 001E0024;
9969 : 001C001D;
996A : 00210019;
996B : 001B001D;
996C : 00170016;
996D : 00150016;
996E : 00120013;
996F : 00100010;
9970 : 000F000F;
9971 : 000E000E;
9972 : 000D0009;
9973 : 000B0007;
9974 : 00080005;
9975 : 00040005;
9976 : FFFF0006;
9977 : 00020002;
9978 : 00000003;
9979 : FFFFFFFE;
997A : 0000FFFE;
997B : FFFCFFFE;
997C : 0004FFFF;
997D : 00020006;
997E : 00030005;
997F : 00040003;
9980 : 00060007;
9981 : 00060006;
9982 : 0007000B;
9983 : 000A000E;
9984 : 000B000F;
9985 : 000C0010;
9986 : 000D000B;
9987 : 000B000A;
9988 : 000A0010;
9989 : 000E0009;
998A : 000C0009;
998B : 0010000B;
998C : 00080013;
998D : 0007000B;
998E : 000B0009;
998F : 0009000B;
9990 : 0008000C;
9991 : 00060006;
9992 : 000C0008;
9993 : 00090008;
9994 : 000E000B;
9995 : 000C000D;
9996 : 000C000F;
9997 : 000E0015;
9998 : 00120015;
9999 : 00140016;
999A : 00190016;
999B : 0017001A;
999C : 00190019;
999D : 0015001A;
999E : 0017001D;
999F : 00210018;
99A0 : 001C0020;
99A1 : 001E0023;
99A2 : 001D0020;
99A3 : 001D001D;
99A4 : 001F001F;
99A5 : 001A001D;
99A6 : 001E001B;
99A7 : 001C001B;
99A8 : 001A0019;
99A9 : 00130017;
99AA : 00160013;
99AB : 000A0012;
99AC : 000C0011;
99AD : 000E000D;
99AE : 000E000A;
99AF : 000B0009;
99B0 : 000C000A;
99B1 : 0009000A;
99B2 : 00090004;
99B3 : 00000005;
99B4 : 00050003;
99B5 : 0000FFFD;
99B6 : FFFDFFFA;
99B7 : FFF9FFFE;
99B8 : FFF1FFF5;
99B9 : FFF9FFF1;
99BA : FFF4FFF3;
99BB : FFF3FFF2;
99BC : FFECFFEE;
99BD : FFF2FFF5;
99BE : FFEFFFEA;
99BF : FFEAFFEB;
99C0 : FFEAFFF1;
99C1 : FFE8FFEC;
99C2 : FFEEFFED;
99C3 : FFECFFEF;
99C4 : FFEBFFED;
99C5 : FFEEFFF0;
99C6 : FFEEFFEC;
99C7 : FFEDFFED;
99C8 : FFECFFEF;
99C9 : FFECFFEC;
99CA : FFF3FFF5;
99CB : FFEDFFEE;
99CC : FFF3FFF5;
99CD : FFF0FFF4;
99CE : FFEFFFF0;
99CF : FFF2FFEF;
99D0 : FFF1FFF4;
99D1 : FFF2FFF3;
99D2 : FFF0FFF3;
99D3 : FFF4FFF4;
99D4 : FFF7FFF3;
99D5 : FFF3FFF4;
99D6 : FFF5FFF4;
99D7 : FFF7FFF7;
99D8 : FFF8FFFA;
99D9 : FFFAFFFB;
99DA : FFF9FFF7;
99DB : FFFFFFFD;
99DC : FFFB0001;
99DD : FFFBFFFF;
99DE : 00000000;
99DF : FFFE0000;
99E0 : 00000001;
99E1 : FFFDFFFE;
99E2 : FFFD0000;
99E3 : 0000FFFD;
99E4 : FFFEFFFE;
99E5 : FFFDFFFA;
99E6 : FFF6FFF7;
99E7 : FFF8FFF5;
99E8 : FFFAFFF4;
99E9 : FFF5FFF5;
99EA : FFF0FFF3;
99EB : FFEFFFF9;
99EC : FFF1FFF1;
99ED : FFF4FFF6;
99EE : FFF6FFF9;
99EF : FFF4FFF2;
99F0 : FFF4FFF7;
99F1 : FFF8FFF7;
99F2 : FFF5FFF0;
99F3 : FFF8FFF6;
99F4 : FFF6FFF5;
99F5 : FFF5FFF9;
99F6 : FFF3FFF9;
99F7 : FFF8FFF8;
99F8 : FFF5FFF9;
99F9 : FFF7FFFF;
99FA : FFFCFFF9;
99FB : FFFAFFF9;
99FC : FFFBFFFC;
99FD : FFF7FFF8;
99FE : FFF9FFF4;
99FF : FFF2FFF3;
9A00 : FFF1FFEF;
9A01 : FFF0FFF1;
9A02 : FFF2FFF2;
9A03 : FFEFFFF0;
9A04 : FFEDFFF2;
9A05 : FFECFFED;
9A06 : FFEEFFEC;
9A07 : FFEFFFED;
9A08 : FFEEFFEB;
9A09 : FFEDFFEF;
9A0A : FFEFFFEE;
9A0B : FFF0FFF3;
9A0C : FFF1FFF5;
9A0D : FFF2FFF3;
9A0E : FFF4FFF5;
9A0F : FFF5FFF5;
9A10 : FFF5FFF6;
9A11 : FFF9FFF2;
9A12 : FFF7FFF7;
9A13 : FFFB0000;
9A14 : FFFCFFFC;
9A15 : FFF90007;
9A16 : 00040002;
9A17 : 00000003;
9A18 : 00050009;
9A19 : 000F000D;
9A1A : 00100011;
9A1B : 000B0010;
9A1C : 00120015;
9A1D : 00120016;
9A1E : 00150013;
9A1F : 00130015;
9A20 : 0014001C;
9A21 : 001C0018;
9A22 : 0019001B;
9A23 : 001D0016;
9A24 : 0018001E;
9A25 : 001A001A;
9A26 : 0014001B;
9A27 : 00180018;
9A28 : 00150016;
9A29 : 00170014;
9A2A : 0014000D;
9A2B : 000F000D;
9A2C : 000B000B;
9A2D : 00090007;
9A2E : 00040008;
9A2F : 00090008;
9A30 : 00010005;
9A31 : 00010004;
9A32 : 00020005;
9A33 : 0005FFFE;
9A34 : FFFFFFFE;
9A35 : FFFCFFFC;
9A36 : FFF9FFFB;
9A37 : FFF7FFFC;
9A38 : FFF3FFF8;
9A39 : FFFBFFF6;
9A3A : FFF5FFF4;
9A3B : FFF5FFF1;
9A3C : FFEEFFF0;
9A3D : FFEDFFEE;
9A3E : FFEAFFE8;
9A3F : FFE9FFE9;
9A40 : FFE7FFE6;
9A41 : FFE6FFE4;
9A42 : FFE2FFE1;
9A43 : FFE6FFE7;
9A44 : FFE6FFE6;
9A45 : FFE5FFE2;
9A46 : FFE1FFE6;
9A47 : FFE2FFE3;
9A48 : FFE2FFE5;
9A49 : FFE7FFE8;
9A4A : FFE7FFE9;
9A4B : FFEDFFEA;
9A4C : FFEAFFEA;
9A4D : FFE8FFEC;
9A4E : FFEBFFEF;
9A4F : FFE7FFEC;
9A50 : FFF2FFF0;
9A51 : FFEDFFEC;
9A52 : FFEBFFEC;
9A53 : FFE9FFE7;
9A54 : FFEAFFEB;
9A55 : FFE3FFEA;
9A56 : FFE8FFE6;
9A57 : FFEAFFE5;
9A58 : FFE8FFEC;
9A59 : FFE3FFE5;
9A5A : FFE4FFE4;
9A5B : FFDCFFE2;
9A5C : FFE2FFE2;
9A5D : FFDDFFDF;
9A5E : FFDBFFDE;
9A5F : FFD9FFDE;
9A60 : FFDEFFE0;
9A61 : FFDDFFDA;
9A62 : FFD9FFD9;
9A63 : FFDAFFDA;
9A64 : FFDBFFDC;
9A65 : FFD9FFDA;
9A66 : FFDDFFDE;
9A67 : FFDCFFDF;
9A68 : FFDBFFE1;
9A69 : FFE0FFDB;
9A6A : FFE2FFE4;
9A6B : FFE5FFE5;
9A6C : FFE6FFE6;
9A6D : FFE2FFE6;
9A6E : FFE8FFE6;
9A6F : FFE3FFE4;
9A70 : FFE4FFE6;
9A71 : FFE5FFE6;
9A72 : FFE9FFE6;
9A73 : FFE6FFE9;
9A74 : FFE7FFE6;
9A75 : FFE5FFE7;
9A76 : FFE4FFE9;
9A77 : FFE6FFEB;
9A78 : FFEAFFE9;
9A79 : FFEBFFE9;
9A7A : FFE5FFE4;
9A7B : FFEAFFEC;
9A7C : FFE8FFED;
9A7D : FFE6FFE5;
9A7E : FFEAFFE5;
9A7F : FFE9FFE5;
9A80 : FFE3FFE5;
9A81 : FFE5FFE7;
9A82 : FFE7FFE8;
9A83 : FFE8FFE9;
9A84 : FFE8FFE7;
9A85 : FFE6FFE9;
9A86 : FFE9FFEB;
9A87 : FFE9FFE8;
9A88 : FFECFFED;
9A89 : FFEAFFEE;
9A8A : FFEDFFEE;
9A8B : FFEEFFF0;
9A8C : FFEFFFF1;
9A8D : FFF0FFF1;
9A8E : FFF4FFF5;
9A8F : FFF5FFF4;
9A90 : FFF6FFF8;
9A91 : FFF7FFF9;
9A92 : FFFEFFFB;
9A93 : FFFB0000;
9A94 : FFFDFFFD;
9A95 : 00000002;
9A96 : 00030007;
9A97 : 00030001;
9A98 : 00020000;
9A99 : 00010006;
9A9A : 000C0006;
9A9B : 00050004;
9A9C : 0006000A;
9A9D : 00040007;
9A9E : 00070006;
9A9F : 00090006;
9AA0 : 00080006;
9AA1 : 000A0009;
9AA2 : 0007000B;
9AA3 : 000D000F;
9AA4 : 000C000D;
9AA5 : 000C000D;
9AA6 : 000A000E;
9AA7 : 000F000E;
9AA8 : 000D000F;
9AA9 : 000F000C;
9AAA : 000E0012;
9AAB : 000C000F;
9AAC : 0010000C;
9AAD : 0007000B;
9AAE : 000C0006;
9AAF : 000B000B;
9AB0 : 00080009;
9AB1 : 000A000C;
9AB2 : 000A0008;
9AB3 : 00010003;
9AB4 : FFFF0004;
9AB5 : 00060004;
9AB6 : 00010008;
9AB7 : 00020004;
9AB8 : 00010001;
9AB9 : 0001FFFE;
9ABA : 0000FFFE;
9ABB : FFFCFFFF;
9ABC : FFFBFFFB;
9ABD : FFFAFFFE;
9ABE : 0000FFFF;
9ABF : FFFCFFFB;
9AC0 : FFFCFFFD;
9AC1 : FFFBFFFE;
9AC2 : FFFFFFFF;
9AC3 : 0000FFFE;
9AC4 : FFFBFFFF;
9AC5 : FFFEFFFD;
9AC6 : FFFBFFFC;
9AC7 : FFFBFFFA;
9AC8 : FFFAFFFB;
9AC9 : FFFCFFF9;
9ACA : FFF9FFFE;
9ACB : FFFC0000;
9ACC : FFFAFFF9;
9ACD : FFFAFFFF;
9ACE : FFFD0002;
9ACF : FFFDFFFC;
9AD0 : FFFEFFFC;
9AD1 : 00020001;
9AD2 : 00010004;
9AD3 : 00020000;
9AD4 : 00050006;
9AD5 : 00090006;
9AD6 : 00030009;
9AD7 : 00080007;
9AD8 : 00070004;
9AD9 : 00050006;
9ADA : 00070004;
9ADB : 0008000A;
9ADC : 000B000B;
9ADD : 00080005;
9ADE : 00080009;
9ADF : 00080010;
9AE0 : 000D000D;
9AE1 : 00120010;
9AE2 : 000D000F;
9AE3 : 00110015;
9AE4 : 00190011;
9AE5 : 00170018;
9AE6 : 001A001B;
9AE7 : 001C0020;
9AE8 : 001C001F;
9AE9 : 00200023;
9AEA : 001C0023;
9AEB : 00230022;
9AEC : 0025001E;
9AED : 00220024;
9AEE : 00260029;
9AEF : 00220024;
9AF0 : 00200022;
9AF1 : 00210023;
9AF2 : 0025001F;
9AF3 : 001F0020;
9AF4 : 001B0020;
9AF5 : 001C001D;
9AF6 : 001E001E;
9AF7 : 0019001C;
9AF8 : 0017001A;
9AF9 : 001A0015;
9AFA : 00190012;
9AFB : 00140019;
9AFC : 00160016;
9AFD : 00140018;
9AFE : 00150014;
9AFF : 00160015;
9B00 : 00150018;
9B01 : 00150012;
9B02 : 00100016;
9B03 : 00170014;
9B04 : 000F0014;
9B05 : 00120014;
9B06 : 00110012;
9B07 : 000E0010;
9B08 : 000F000D;
9B09 : 00130011;
9B0A : 00160013;
9B0B : 000D0012;
9B0C : 000E000F;
9B0D : 000F0012;
9B0E : 00120014;
9B0F : 00100013;
9B10 : 00120014;
9B11 : 00140012;
9B12 : 0015000F;
9B13 : 000F0015;
9B14 : 00150017;
9B15 : 00140012;
9B16 : 00160014;
9B17 : 00140012;
9B18 : 000F000E;
9B19 : 000C0010;
9B1A : 00110010;
9B1B : 0010000C;
9B1C : 000C000D;
9B1D : 00060009;
9B1E : 000C0008;
9B1F : 000B000C;
9B20 : 000A000D;
9B21 : 000D000C;
9B22 : 000C000A;
9B23 : 00070009;
9B24 : 00060005;
9B25 : 0005000A;
9B26 : 000C0009;
9B27 : 000C0008;
9B28 : 0009000B;
9B29 : 000A000A;
9B2A : 0008000B;
9B2B : 000D000D;
9B2C : 000B0010;
9B2D : 0008000D;
9B2E : 000B0012;
9B2F : 000E000C;
9B30 : 000F000C;
9B31 : 0009000C;
9B32 : 000C000E;
9B33 : 00150012;
9B34 : 000D000B;
9B35 : 000C0012;
9B36 : 000D000D;
9B37 : 000A000E;
9B38 : 0009000C;
9B39 : 000D000B;
9B3A : 000F000C;
9B3B : 000F0011;
9B3C : 000B0008;
9B3D : 000B0010;
9B3E : 000A000D;
9B3F : 000D000B;
9B40 : 000C000B;
9B41 : 000B000F;
9B42 : 0009000E;
9B43 : 000A000B;
9B44 : 0009000F;
9B45 : 000D000D;
9B46 : 000D000D;
9B47 : 000A000D;
9B48 : 000E0009;
9B49 : 000B000C;
9B4A : 000A000B;
9B4B : 0007000A;
9B4C : 0006000C;
9B4D : 00050004;
9B4E : FFFF0000;
9B4F : 0000FFFB;
9B50 : FFFCFFFF;
9B51 : 0000FFFA;
9B52 : FFFF0000;
9B53 : FFFC0003;
9B54 : FFFAFFFC;
9B55 : FFFDFFFE;
9B56 : FFFDFFFD;
9B57 : FFF7FFFB;
9B58 : FFFFFFFD;
9B59 : FFFEFFFD;
9B5A : FFF90001;
9B5B : FFFEFFF9;
9B5C : FFFEFFFD;
9B5D : FFFB0002;
9B5E : FFFF0001;
9B5F : FFFF0007;
9B60 : 00010002;
9B61 : 00050007;
9B62 : 00060005;
9B63 : 00020009;
9B64 : 00070009;
9B65 : 000A0005;
9B66 : 000A000A;
9B67 : 000B000E;
9B68 : 000E0008;
9B69 : 000A000F;
9B6A : 0011000E;
9B6B : 00100011;
9B6C : 000C0010;
9B6D : 00140011;
9B6E : 00140017;
9B6F : 00140016;
9B70 : 00160019;
9B71 : 001A0017;
9B72 : 00140018;
9B73 : 001A001C;
9B74 : 00190012;
9B75 : 0011001A;
9B76 : 001A0014;
9B77 : 0011000E;
9B78 : 000E0012;
9B79 : 00080011;
9B7A : 000E000B;
9B7B : 000E000A;
9B7C : 00080007;
9B7D : 000D000C;
9B7E : 000B000B;
9B7F : 000A000D;
9B80 : 000D0009;
9B81 : 0009000C;
9B82 : 0007000B;
9B83 : 000E000B;
9B84 : 0006000A;
9B85 : 0007000B;
9B86 : 000F000E;
9B87 : 000C000F;
9B88 : 000D000E;
9B89 : 000B000C;
9B8A : 0009000B;
9B8B : 000A0007;
9B8C : 0009000B;
9B8D : 000F000E;
9B8E : 000B000A;
9B8F : 0008000D;
9B90 : 0005000E;
9B91 : 000B000B;
9B92 : 000B000D;
9B93 : 00070005;
9B94 : 00070002;
9B95 : 00040006;
9B96 : 00080008;
9B97 : 00050005;
9B98 : 0006000B;
9B99 : 00030004;
9B9A : 00040004;
9B9B : 00030004;
9B9C : 00050003;
9B9D : 00010005;
9B9E : 00050002;
9B9F : 00020003;
9BA0 : 00020001;
9BA1 : 0002FFFF;
9BA2 : 0000FFFF;
9BA3 : FFFFFFFD;
9BA4 : FFFD0003;
9BA5 : FFFDFFFF;
9BA6 : FFFFFFFE;
9BA7 : 0003FFFF;
9BA8 : 00050003;
9BA9 : 00070008;
9BAA : 0003000B;
9BAB : 0007000B;
9BAC : 000C000B;
9BAD : 00080006;
9BAE : 00080007;
9BAF : 00070006;
9BB0 : 0009000B;
9BB1 : 000C000D;
9BB2 : 0008000D;
9BB3 : 000D0009;
9BB4 : 0008000A;
9BB5 : 00070004;
9BB6 : 00040006;
9BB7 : 00020008;
9BB8 : 00040003;
9BB9 : 00010002;
9BBA : 0000FFFB;
9BBB : FFFCFFFE;
9BBC : FFFDFFFB;
9BBD : FFFAFFF8;
9BBE : FFF8FFF5;
9BBF : FFF6FFF6;
9BC0 : FFF2FFF5;
9BC1 : FFF2FFF4;
9BC2 : FFF2FFF0;
9BC3 : FFF2FFEF;
9BC4 : FFEEFFED;
9BC5 : FFEFFFEE;
9BC6 : FFEBFFEB;
9BC7 : FFEAFFEE;
9BC8 : FFECFFEF;
9BC9 : FFECFFEB;
9BCA : FFEAFFEB;
9BCB : FFE7FFE9;
9BCC : FFE5FFE1;
9BCD : FFE4FFE4;
9BCE : FFE5FFE3;
9BCF : FFE1FFDF;
9BD0 : FFDDFFDD;
9BD1 : FFDFFFDF;
9BD2 : FFDFFFE0;
9BD3 : FFDCFFDD;
9BD4 : FFDBFFDD;
9BD5 : FFDCFFDA;
9BD6 : FFD6FFD8;
9BD7 : FFD9FFDF;
9BD8 : FFE3FFE4;
9BD9 : FFDFFFE1;
9BDA : FFDFFFDF;
9BDB : FFDCFFDC;
9BDC : FFD7FFDC;
9BDD : FFE0FFDE;
9BDE : FFDEFFDE;
9BDF : FFDCFFE1;
9BE0 : FFDBFFDE;
9BE1 : FFE0FFD9;
9BE2 : FFDAFFD6;
9BE3 : FFDCFFDE;
9BE4 : FFDBFFD9;
9BE5 : FFD5FFD6;
9BE6 : FFD5FFDA;
9BE7 : FFD6FFD8;
9BE8 : FFD9FFD9;
9BE9 : FFDBFFDB;
9BEA : FFD9FFD9;
9BEB : FFD9FFDE;
9BEC : FFDFFFE2;
9BED : FFE1FFDE;
9BEE : FFDFFFE1;
9BEF : FFE0FFE2;
9BF0 : FFE0FFE2;
9BF1 : FFE1FFE2;
9BF2 : FFE6FFE8;
9BF3 : FFEBFFE7;
9BF4 : FFE8FFEC;
9BF5 : FFECFFEC;
9BF6 : FFEBFFEC;
9BF7 : FFE9FFF1;
9BF8 : FFF1FFF0;
9BF9 : FFF1FFF3;
9BFA : FFF3FFF4;
9BFB : FFF0FFF3;
9BFC : FFF2FFF4;
9BFD : FFF4FFF3;
9BFE : FFF4FFF4;
9BFF : FFF5FFF3;
9C00 : FFF3FFF3;
9C01 : FFF2FFF2;
9C02 : FFF2FFF6;
9C03 : FFF3FFF3;
9C04 : FFF5FFFA;
9C05 : FFF8FFF3;
9C06 : FFF5FFF5;
9C07 : FFEFFFF0;
9C08 : FFEFFFF7;
9C09 : FFF7FFF4;
9C0A : FFFBFFF7;
9C0B : FFF8FFF6;
9C0C : FFF5FFF5;
9C0D : FFF5FFF9;
9C0E : FFF6FFF5;
9C0F : FFF1FFF5;
9C10 : FFF0FFF0;
9C11 : FFF4FFF0;
9C12 : FFF1FFEF;
9C13 : FFEFFFF1;
9C14 : FFEFFFF0;
9C15 : FFEAFFED;
9C16 : FFEEFFEA;
9C17 : FFEDFFE9;
9C18 : FFE7FFEB;
9C19 : FFEBFFED;
9C1A : FFE8FFE6;
9C1B : FFE9FFE5;
9C1C : FFE6FFEC;
9C1D : FFE8FFE8;
9C1E : FFE8FFEA;
9C1F : FFE7FFED;
9C20 : FFE8FFEA;
9C21 : FFEEFFF0;
9C22 : FFEBFFF0;
9C23 : FFF0FFF1;
9C24 : FFF3FFEC;
9C25 : FFEFFFF1;
9C26 : FFF0FFF2;
9C27 : FFEFFFEF;
9C28 : FFF1FFF3;
9C29 : FFF3FFF2;
9C2A : FFF4FFF5;
9C2B : FFF5FFF0;
9C2C : FFF4FFF0;
9C2D : FFF4FFF7;
9C2E : FFF3FFF7;
9C2F : FFF5FFF8;
9C30 : FFF2FFFB;
9C31 : FFF7FFF8;
9C32 : FFFBFFFA;
9C33 : FFF9FFF8;
9C34 : FFF7FFFD;
9C35 : FFF90000;
9C36 : FFFAFFFF;
9C37 : FFFDFFF8;
9C38 : FFF5FFFB;
9C39 : FFF8FFF9;
9C3A : FFFAFFFD;
9C3B : FFF9FFF9;
9C3C : FFF9FFF8;
9C3D : FFF8FFF3;
9C3E : FFF1FFF0;
9C3F : FFF2FFF2;
9C40 : FFEDFFEE;
9C41 : FFF4FFEF;
9C42 : FFF2FFF4;
9C43 : FFF0FFF2;
9C44 : FFF0FFEE;
9C45 : FFECFFF4;
9C46 : FFE9FFEF;
9C47 : FFF1FFEF;
9C48 : FFEFFFF0;
9C49 : FFEEFFF2;
9C4A : FFF0FFF4;
9C4B : FFEEFFF3;
9C4C : FFF1FFF3;
9C4D : FFF0FFEF;
9C4E : FFF0FFF1;
9C4F : FFF2FFF1;
9C50 : FFF2FFF2;
9C51 : FFF1FFF3;
9C52 : FFF1FFF5;
9C53 : FFF2FFF7;
9C54 : FFF4FFF1;
9C55 : FFF2FFF2;
9C56 : FFF3FFEF;
9C57 : FFF0FFEE;
9C58 : FFE9FFF0;
9C59 : FFEFFFEE;
9C5A : FFEAFFF3;
9C5B : FFEDFFEF;
9C5C : FFF1FFEE;
9C5D : FFEDFFF1;
9C5E : FFF1FFF2;
9C5F : FFF5FFF3;
9C60 : FFF1FFF1;
9C61 : FFF8FFF7;
9C62 : FFF9FFFC;
9C63 : FFF8FFF9;
9C64 : FFFDFFFC;
9C65 : FFFE0001;
9C66 : FFFE0002;
9C67 : 00040002;
9C68 : 00030005;
9C69 : 00020009;
9C6A : 00070009;
9C6B : 000D000B;
9C6C : 000B0009;
9C6D : 0009000E;
9C6E : 000C0010;
9C6F : 00100011;
9C70 : 000E0010;
9C71 : 00140012;
9C72 : 00130011;
9C73 : 00130018;
9C74 : 00160019;
9C75 : 001A001A;
9C76 : 0018001C;
9C77 : 001E0023;
9C78 : 001D001F;
9C79 : 001E001F;
9C7A : 0021001F;
9C7B : 00210023;
9C7C : 00200022;
9C7D : 00260024;
9C7E : 00220020;
9C7F : 001E0020;
9C80 : 001E001E;
9C81 : 001B0020;
9C82 : 00230022;
9C83 : 001E001E;
9C84 : 001F001B;
9C85 : 001D0018;
9C86 : 00180018;
9C87 : 001B001B;
9C88 : 00190019;
9C89 : 00170018;
9C8A : 00190017;
9C8B : 0018001C;
9C8C : 00180018;
9C8D : 0016001C;
9C8E : 00190019;
9C8F : 00190017;
9C90 : 00140019;
9C91 : 00140013;
9C92 : 00160014;
9C93 : 00110010;
9C94 : 000E000C;
9C95 : 000D000B;
9C96 : 000C000D;
9C97 : 000C000C;
9C98 : 00080006;
9C99 : 00050008;
9C9A : 00060003;
9C9B : 00000002;
9C9C : 00060004;
9C9D : FFFFFFFB;
9C9E : FFFC0002;
9C9F : FFFBFFFC;
9CA0 : FFFFFFFC;
9CA1 : FFFDFFFB;
9CA2 : FFFF0000;
9CA3 : FFFBFFFB;
9CA4 : FFFBFFFE;
9CA5 : 0001FFFA;
9CA6 : FFFEFFFE;
9CA7 : FFFCFFFF;
9CA8 : FFFBFFFC;
9CA9 : FFFCFFF8;
9CAA : FFFCFFFD;
9CAB : FFFDFFFF;
9CAC : FFFAFFFC;
9CAD : FFF7FFF7;
9CAE : FFF5FFF4;
9CAF : FFF5FFF6;
9CB0 : FFF3FFF9;
9CB1 : FFF6FFF7;
9CB2 : FFF9FFFA;
9CB3 : FFF9FFF9;
9CB4 : FFF7FFF7;
9CB5 : FFF8FFFB;
9CB6 : FFFAFFFC;
9CB7 : FFFA0001;
9CB8 : FFFBFFFC;
9CB9 : FFFF0000;
9CBA : 00040001;
9CBB : 00010002;
9CBC : 00010005;
9CBD : 00050006;
9CBE : 00060005;
9CBF : 0007000A;
9CC0 : 00060008;
9CC1 : 00050009;
9CC2 : 00080008;
9CC3 : 0008000A;
9CC4 : 00090006;
9CC5 : 00090009;
9CC6 : 0008000D;
9CC7 : 0009000D;
9CC8 : 000B0008;
9CC9 : 000A0007;
9CCA : 000D000B;
9CCB : 000C0006;
9CCC : 0004000B;
9CCD : 0008000E;
9CCE : 000E000F;
9CCF : 000C0012;
9CD0 : 0009000B;
9CD1 : 000F000D;
9CD2 : 000A000C;
9CD3 : 000B000C;
9CD4 : 00090009;
9CD5 : 00070006;
9CD6 : 00080006;
9CD7 : 00040005;
9CD8 : 00020006;
9CD9 : 00020002;
9CDA : 0001FFFE;
9CDB : FFFE0000;
9CDC : FFFBFFFE;
9CDD : FFFBFFFE;
9CDE : FFFBFFFC;
9CDF : FFF9FFF9;
9CE0 : FFFCFFF8;
9CE1 : FFF9FFFC;
9CE2 : FFF7FFF6;
9CE3 : FFF3FFF6;
9CE4 : FFF3FFF2;
9CE5 : FFF5FFF6;
9CE6 : FFF2FFF7;
9CE7 : FFF6FFF8;
9CE8 : FFF6FFF4;
9CE9 : FFF7FFF6;
9CEA : FFF2FFF7;
9CEB : FFF6FFFA;
9CEC : FFF6FFF7;
9CED : FFF7FFF8;
9CEE : FFF3FFF4;
9CEF : FFF7FFF3;
9CF0 : FFF3FFF5;
9CF1 : FFF3FFF4;
9CF2 : FFF9FFF5;
9CF3 : FFF6FFF8;
9CF4 : FFF8FFF5;
9CF5 : FFF3FFF9;
9CF6 : FFF4FFF3;
9CF7 : FFEEFFF2;
9CF8 : FFF4FFF2;
9CF9 : FFF3FFF6;
9CFA : FFFAFFF2;
9CFB : FFF1FFF6;
9CFC : FFF6FFF5;
9CFD : FFF4FFF8;
9CFE : FFF8FFF5;
9CFF : FFF5FFF0;
9D00 : FFF3FFF4;
9D01 : FFF3FFF1;
9D02 : FFEEFFF7;
9D03 : FFEFFFEE;
9D04 : FFF0FFF3;
9D05 : FFEAFFEB;
9D06 : FFEBFFEE;
9D07 : FFE8FFEF;
9D08 : FFECFFEF;
9D09 : FFEEFFED;
9D0A : FFEDFFED;
9D0B : FFECFFED;
9D0C : FFF0FFED;
9D0D : FFEFFFF5;
9D0E : FFEFFFF5;
9D0F : FFF2FFF9;
9D10 : FFF7FFF2;
9D11 : FFF2FFF7;
9D12 : FFF3FFF4;
9D13 : FFF8FFF6;
9D14 : FFF0FFF3;
9D15 : FFF8FFF3;
9D16 : FFF6FFF4;
9D17 : FFF8FFF9;
9D18 : FFFAFFF6;
9D19 : FFF6FFF9;
9D1A : FFF8FFF2;
9D1B : FFF6FFF8;
9D1C : FFF6FFF8;
9D1D : FFF4FFF8;
9D1E : FFF8FFF6;
9D1F : FFF6FFF6;
9D20 : FFF7FFF9;
9D21 : FFF4FFF1;
9D22 : FFF6FFF2;
9D23 : FFF4FFF6;
9D24 : FFF6FFF8;
9D25 : FFF6FFF3;
9D26 : FFF6FFF7;
9D27 : FFFCFFF3;
9D28 : FFF2FFF7;
9D29 : FFEFFFF8;
9D2A : FFF8FFFA;
9D2B : FFFDFFFA;
9D2C : FFFCFFF7;
9D2D : FFF5FFF4;
9D2E : FFF5FFF7;
9D2F : FFF7FFF9;
9D30 : FFFBFFFC;
9D31 : FFF9FFFD;
9D32 : FFFAFFFC;
9D33 : FFFDFFFE;
9D34 : 0000FFFB;
9D35 : 0000FFFE;
9D36 : 00000003;
9D37 : FFFE0000;
9D38 : 00040005;
9D39 : 00010008;
9D3A : 000A0008;
9D3B : 00060009;
9D3C : 00060008;
9D3D : 0008000B;
9D3E : 000C000C;
9D3F : 000E0011;
9D40 : 000F0011;
9D41 : 00120012;
9D42 : 00110011;
9D43 : 0013000F;
9D44 : 00150013;
9D45 : 00110016;
9D46 : 00170018;
9D47 : 00170014;
9D48 : 00120012;
9D49 : 00190013;
9D4A : 00120015;
9D4B : 00150013;
9D4C : 00100011;
9D4D : 000B0011;
9D4E : 000E000E;
9D4F : 000B0010;
9D50 : 00080008;
9D51 : 000F000D;
9D52 : 000C000B;
9D53 : 000F000A;
9D54 : 000A000E;
9D55 : 000B000A;
9D56 : 000A0009;
9D57 : 000A000C;
9D58 : 00080006;
9D59 : 0009000D;
9D5A : 0008000C;
9D5B : 00080008;
9D5C : 00080006;
9D5D : 00080004;
9D5E : 00090005;
9D5F : 0005000A;
9D60 : 00080004;
9D61 : 00060006;
9D62 : 00010002;
9D63 : 00000002;
9D64 : 00020002;
9D65 : 0001FFFF;
9D66 : 00060001;
9D67 : FFFE0003;
9D68 : 00000000;
9D69 : 00020005;
9D6A : 00000005;
9D6B : 00040002;
9D6C : 00020004;
9D6D : 00010002;
9D6E : 00040001;
9D6F : FFFF0003;
9D70 : FFFFFFFE;
9D71 : 00020003;
9D72 : FFFEFFFB;
9D73 : FFFDFFFA;
9D74 : FFF9FFFA;
9D75 : FFFEFFFE;
9D76 : FFF9FFF7;
9D77 : FFF6FFF6;
9D78 : FFF6FFFA;
9D79 : FFF7FFF6;
9D7A : FFF7FFF2;
9D7B : FFFBFFF9;
9D7C : FFF9FFF8;
9D7D : FFF5FFF9;
9D7E : FFF6FFFB;
9D7F : FFFCFFFA;
9D80 : FFFDFFFC;
9D81 : FFFBFFF9;
9D82 : FFF7FFFA;
9D83 : FFFFFFFD;
9D84 : FFFBFFFD;
9D85 : 0000FFFF;
9D86 : FFFB0001;
9D87 : FFFCFFFD;
9D88 : FFFDFFFF;
9D89 : FFFEFFFC;
9D8A : FFFEFFFE;
9D8B : FFFDFFFE;
9D8C : 00010000;
9D8D : 00000000;
9D8E : FFFD0001;
9D8F : FFFEFFFE;
9D90 : FFFDFFFD;
9D91 : FFFEFFFE;
9D92 : FFFE0001;
9D93 : FFFFFFFE;
9D94 : 00010002;
9D95 : 00000001;
9D96 : FFFD0000;
9D97 : FFFD0004;
9D98 : FFFEFFFD;
9D99 : 0001FFFE;
9D9A : 00030002;
9D9B : FFFE0003;
9D9C : FFFF0000;
9D9D : FFFFFFFE;
9D9E : FFFFFFFD;
9D9F : FFFCFFFA;
9DA0 : FFFCFFF8;
9DA1 : FFFCFFFB;
9DA2 : FFFAFFFA;
9DA3 : FFF7FFFA;
9DA4 : FFFAFFFD;
9DA5 : FFFDFFFC;
9DA6 : FFF8FFF7;
9DA7 : FFFAFFF7;
9DA8 : FFF6FFF3;
9DA9 : FFF3FFF8;
9DAA : FFF8FFF3;
9DAB : FFF5FFF6;
9DAC : FFF5FFF4;
9DAD : FFF3FFF3;
9DAE : FFF0FFED;
9DAF : FFEDFFEF;
9DB0 : FFF2FFF0;
9DB1 : FFF5FFF1;
9DB2 : FFF0FFF2;
9DB3 : FFEFFFF0;
9DB4 : FFF3FFF3;
9DB5 : FFF4FFF4;
9DB6 : FFF1FFF2;
9DB7 : FFF3FFF3;
9DB8 : FFF3FFF3;
9DB9 : FFF2FFF3;
9DBA : FFF2FFF4;
9DBB : FFF7FFF3;
9DBC : FFF6FFF5;
9DBD : FFF5FFF6;
9DBE : FFF3FFFA;
9DBF : FFF1FFF5;
9DC0 : FFF5FFF7;
9DC1 : FFF9FFFC;
9DC2 : FFFEFFFE;
9DC3 : FFF8FFFB;
9DC4 : FFFCFFFC;
9DC5 : FFFCFFFF;
9DC6 : 0000FFFD;
9DC7 : FFFEFFFE;
9DC8 : FFFEFFFE;
9DC9 : FFFD0001;
9DCA : FFFEFFFF;
9DCB : FFFFFFFE;
9DCC : FFFCFFFD;
9DCD : FFFDFFFE;
9DCE : FFFDFFFC;
9DCF : FFFCFFFC;
9DD0 : FFFAFFFE;
9DD1 : FFFCFFFC;
9DD2 : FFFC0000;
9DD3 : FFFDFFFB;
9DD4 : FFFDFFFA;
9DD5 : FFFD0005;
9DD6 : 00020000;
9DD7 : 0002FFFD;
9DD8 : FFFF0002;
9DD9 : 00020001;
9DDA : 00000002;
9DDB : 00020004;
9DDC : 00000002;
9DDD : 00020003;
9DDE : 00030001;
9DDF : 00040004;
9DE0 : 00040004;
9DE1 : 00070008;
9DE2 : 00040008;
9DE3 : 00030005;
9DE4 : 00030004;
9DE5 : 00080007;
9DE6 : 00050007;
9DE7 : 00040005;
9DE8 : 00020004;
9DE9 : 0003FFFE;
9DEA : FFFEFFFE;
9DEB : FFFCFFFF;
9DEC : FFFF0000;
9DED : 0000FFFF;
9DEE : 00000004;
9DEF : 00020004;
9DF0 : FFFC0001;
9DF1 : 0001FFFF;
9DF2 : 00000003;
9DF3 : 00070008;
9DF4 : 00080007;
9DF5 : 00080007;
9DF6 : 0009000B;
9DF7 : 00070009;
9DF8 : 00090010;
9DF9 : 00090013;
9DFA : 000D000E;
9DFB : 00100010;
9DFC : 000F000E;
9DFD : 000E0011;
9DFE : 000A000C;
9DFF : 000F0017;
9E00 : 00140012;
9E01 : 00160016;
9E02 : 00150018;
9E03 : 0018001A;
9E04 : 00190018;
9E05 : 001A001C;
9E06 : 001A0019;
9E07 : 001D001C;
9E08 : 001E001C;
9E09 : 001A001A;
9E0A : 001A001F;
9E0B : 001D0023;
9E0C : 00210020;
9E0D : 001F001F;
9E0E : 001D001E;
9E0F : 00200021;
9E10 : 0018001B;
9E11 : 00180017;
9E12 : 00170016;
9E13 : 0018001A;
9E14 : 00120015;
9E15 : 00130010;
9E16 : 0010000F;
9E17 : 00120010;
9E18 : 000E0010;
9E19 : 00100010;
9E1A : 000B000C;
9E1B : 000E0009;
9E1C : 00060009;
9E1D : 00070008;
9E1E : 000B0005;
9E1F : 00020006;
9E20 : 00030005;
9E21 : 00050007;
9E22 : FFFF0001;
9E23 : FFFF0003;
9E24 : 0004FFFF;
9E25 : FFFDFFFE;
9E26 : FFFFFFFC;
9E27 : FFFCFFF9;
9E28 : FFFAFFFB;
9E29 : FFF9FFF6;
9E2A : FFF5FFF9;
9E2B : FFF7FFF7;
9E2C : FFF6FFF9;
9E2D : FFFAFFF5;
9E2E : FFF9FFF8;
9E2F : FFF8FFFD;
9E30 : FFF9FFFF;
9E31 : FFFCFFFF;
9E32 : FFFCFFFC;
9E33 : 0000FFFF;
9E34 : FFFDFFF9;
9E35 : FFFB0002;
9E36 : FFFAFFFA;
9E37 : 00030000;
9E38 : FFFBFFFA;
9E39 : FFF8FFFB;
9E3A : FFFCFFFC;
9E3B : FFFBFFF8;
9E3C : FFFFFFFD;
9E3D : FFFEFFFB;
9E3E : FFFFFFFE;
9E3F : FFF9FFFD;
9E40 : FFFCFFFE;
9E41 : FFFCFFFC;
9E42 : FFFF0002;
9E43 : 0002FFF9;
9E44 : FFF8FFFF;
9E45 : FFFEFFFF;
9E46 : FFFFFFFE;
9E47 : FFFEFFFE;
9E48 : FFFF0002;
9E49 : 00030006;
9E4A : 0002FFFE;
9E4B : 0002FFFF;
9E4C : 00000000;
9E4D : 00000003;
9E4E : FFFF0000;
9E4F : 00020004;
9E50 : FFFF0009;
9E51 : 00030002;
9E52 : 0003FFFD;
9E53 : FFFCFFFE;
9E54 : 00070002;
9E55 : 00000003;
9E56 : 00010001;
9E57 : FFFF0003;
9E58 : FFFF0000;
9E59 : 00010001;
9E5A : FFFFFFFC;
9E5B : 00000002;
9E5C : 00020003;
9E5D : FFFF0002;
9E5E : FFFE0000;
9E5F : FFFDFFFA;
9E60 : FFFCFFFE;
9E61 : FFFDFFFB;
9E62 : FFFAFFFA;
9E63 : FFFCFFFE;
9E64 : FFFBFFFA;
9E65 : FFFAFFF6;
9E66 : FFFAFFF8;
9E67 : FFF7FFF5;
9E68 : FFF2FFF4;
9E69 : FFF3FFF5;
9E6A : FFF2FFED;
9E6B : FFEEFFEC;
9E6C : FFEEFFE8;
9E6D : FFEDFFF0;
9E6E : FFECFFEB;
9E6F : FFE6FFE7;
9E70 : FFE7FFEA;
9E71 : FFE4FFE8;
9E72 : FFE7FFE6;
9E73 : FFE6FFE9;
9E74 : FFE9FFE6;
9E75 : FFE9FFE7;
9E76 : FFEAFFEC;
9E77 : FFEAFFEA;
9E78 : FFE7FFEA;
9E79 : FFE9FFED;
9E7A : FFEFFFED;
9E7B : FFECFFED;
9E7C : FFECFFEF;
9E7D : FFEEFFF4;
9E7E : FFF0FFEF;
9E7F : FFF1FFF2;
9E80 : FFF2FFF2;
9E81 : FFF1FFF6;
9E82 : FFF4FFF2;
9E83 : FFF8FFF4;
9E84 : FFF4FFF7;
9E85 : FFFBFFFB;
9E86 : FFF8FFF9;
9E87 : FFFBFFF9;
9E88 : FFF9FFFB;
9E89 : FFF8FFFC;
9E8A : FFFBFFF9;
9E8B : FFFBFFFA;
9E8C : FFFD0001;
9E8D : 00010000;
9E8E : 00020001;
9E8F : FFFF0002;
9E90 : 00060009;
9E91 : 00030006;
9E92 : 00060005;
9E93 : 00050001;
9E94 : 00000001;
9E95 : 00010001;
9E96 : FFFB0002;
9E97 : 0002FFFF;
9E98 : 00010000;
9E99 : FFFEFFFD;
9E9A : FFFCFFFB;
9E9B : FFFAFFFB;
9E9C : FFFAFFFA;
9E9D : FFF8FFF9;
9E9E : FFF9FFFD;
9E9F : FFF8FFF8;
9EA0 : FFFEFFFD;
9EA1 : FFFFFFFD;
9EA2 : FFFCFFFC;
9EA3 : FFFCFFFD;
9EA4 : FFFBFFFC;
9EA5 : FFFDFFFD;
9EA6 : FFFDFFFE;
9EA7 : FFF9FFFB;
9EA8 : FFFAFFFD;
9EA9 : FFFEFFFF;
9EAA : FFFDFFFE;
9EAB : 0000FFFF;
9EAC : FFFFFFFE;
9EAD : FFF9FFFD;
9EAE : FFFBFFFE;
9EAF : FFFCFFFB;
9EB0 : FFFAFFFE;
9EB1 : FFFCFFF9;
9EB2 : FFFBFFFB;
9EB3 : FFF8FFF7;
9EB4 : FFF8FFF9;
9EB5 : FFF6FFF3;
9EB6 : FFF5FFF9;
9EB7 : FFF0FFFB;
9EB8 : FFF4FFF6;
9EB9 : FFF7FFF9;
9EBA : FFF9FFF5;
9EBB : FFF8FFF9;
9EBC : FFFC0000;
9EBD : FFFEFFFE;
9EBE : FFFB0001;
9EBF : FFFCFFFD;
9EC0 : FFFCFFFD;
9EC1 : FFFBFFFD;
9EC2 : 0001FFFD;
9EC3 : FFFFFFFE;
9EC4 : 00010002;
9EC5 : FFFBFFFE;
9EC6 : FFFCFFFF;
9EC7 : FFFF0000;
9EC8 : FFFF0002;
9EC9 : FFFF0003;
9ECA : 00090006;
9ECB : 00020008;
9ECC : 00080008;
9ECD : 00030009;
9ECE : 00020007;
9ECF : 0009000A;
9ED0 : 00050006;
9ED1 : 0009000A;
9ED2 : 000A000B;
9ED3 : 000B000B;
9ED4 : 000B000D;
9ED5 : 00110010;
9ED6 : 000F000F;
9ED7 : 000D000C;
9ED8 : 000B000D;
9ED9 : 0007000A;
9EDA : 00070006;
9EDB : 00060006;
9EDC : 00060000;
9EDD : 00010002;
9EDE : FFFFFFFE;
9EDF : FFF8FFFC;
9EE0 : FFFCFFF9;
9EE1 : FFF9FFF7;
9EE2 : FFF8FFFA;
9EE3 : FFF7FFF7;
9EE4 : FFF6FFF7;
9EE5 : FFF3FFF5;
9EE6 : FFF5FFF4;
9EE7 : FFF4FFF8;
9EE8 : FFF2FFF3;
9EE9 : FFEFFFF4;
9EEA : FFF0FFF0;
9EEB : FFF1FFEE;
9EEC : FFEDFFEF;
9EED : FFF2FFF2;
9EEE : FFF2FFEE;
9EEF : FFECFFF2;
9EF0 : FFEEFFF0;
9EF1 : FFF3FFF6;
9EF2 : FFF3FFF4;
9EF3 : FFF6FFF4;
9EF4 : FFF6FFF2;
9EF5 : FFF2FFF7;
9EF6 : FFF6FFF5;
9EF7 : FFF5FFF4;
9EF8 : FFF8FFF8;
9EF9 : FFF4FFF9;
9EFA : FFFAFFFA;
9EFB : FFF8FFF9;
9EFC : FFF6FFFA;
9EFD : FFF9FFF9;
9EFE : FFFBFFF6;
9EFF : FFF8FFF8;
9F00 : FFF8FFFC;
9F01 : FFFFFFFC;
9F02 : FFF5FFF7;
9F03 : FFF8FFF8;
9F04 : FFFCFFF8;
9F05 : FFF7FFF8;
9F06 : FFF4FFFA;
9F07 : FFF4FFFB;
9F08 : FFF5FFF7;
9F09 : FFF9FFF7;
9F0A : FFF7FFF7;
9F0B : FFF4FFF6;
9F0C : FFF6FFF5;
9F0D : FFF7FFF6;
9F0E : FFF5FFF3;
9F0F : FFF2FFF6;
9F10 : FFF3FFF5;
9F11 : FFF4FFF4;
9F12 : FFF6FFF7;
9F13 : FFF4FFF4;
9F14 : FFF8FFF9;
9F15 : FFF5FFF5;
9F16 : FFF4FFF5;
9F17 : FFF4FFF5;
9F18 : FFF7FFF6;
9F19 : FFF8FFF6;
9F1A : FFFDFFFA;
9F1B : FFFBFFFD;
9F1C : FFFCFFFA;
9F1D : FFF9FFF8;
9F1E : FFF8FFF5;
9F1F : FFF7FFF6;
9F20 : FFF6FFF5;
9F21 : FFF1FFF4;
9F22 : FFF8FFF5;
9F23 : FFF6FFF6;
9F24 : FFF2FFF3;
9F25 : FFF8FFF5;
9F26 : FFF7FFF2;
9F27 : FFF6FFF6;
9F28 : FFF5FFF7;
9F29 : FFF3FFF4;
9F2A : FFF5FFF5;
9F2B : FFF2FFF7;
9F2C : FFF4FFF4;
9F2D : FFF6FFF3;
9F2E : FFF2FFF3;
9F2F : FFF3FFF6;
9F30 : FFF0FFF4;
9F31 : FFF2FFF3;
9F32 : FFF1FFEF;
9F33 : FFF0FFF2;
9F34 : FFF2FFF4;
9F35 : FFF4FFF3;
9F36 : FFF3FFF1;
9F37 : FFEDFFE9;
9F38 : FFE9FFEF;
9F39 : FFEDFFEC;
9F3A : FFECFFF1;
9F3B : FFF0FFEE;
9F3C : FFEDFFF1;
9F3D : FFEAFFF3;
9F3E : FFF0FFF1;
9F3F : FFEFFFF0;
9F40 : FFF5FFF1;
9F41 : FFF7FFF6;
9F42 : FFF7FFF9;
9F43 : FFF6FFF9;
9F44 : FFFBFFF7;
9F45 : FFF7FFF7;
9F46 : FFF7FFF7;
9F47 : FFFBFFFD;
9F48 : FFF8FFFE;
9F49 : 0001FFFF;
9F4A : FFFF0000;
9F4B : 00000004;
9F4C : 00010000;
9F4D : 00040006;
9F4E : 00070006;
9F4F : 0005000A;
9F50 : 00080008;
9F51 : 00040008;
9F52 : 00050004;
9F53 : 000A0007;
9F54 : 000E0008;
9F55 : 00080007;
9F56 : 000B000D;
9F57 : 0009000D;
9F58 : 000B000F;
9F59 : 000B000D;
9F5A : 0007000D;
9F5B : 000B000C;
9F5C : 000C0009;
9F5D : 000B000B;
9F5E : 0004000A;
9F5F : 00080009;
9F60 : 00060005;
9F61 : 00040001;
9F62 : 00050006;
9F63 : 00040009;
9F64 : 0006000C;
9F65 : 00030004;
9F66 : 000B0008;
9F67 : 0008000C;
9F68 : 000A000D;
9F69 : 00090008;
9F6A : 000C000B;
9F6B : 000C000D;
9F6C : 000B000B;
9F6D : 000A000B;
9F6E : 00080009;
9F6F : 000B000A;
9F70 : 0008000A;
9F71 : 000E0008;
9F72 : 000C0008;
9F73 : 000A000B;
9F74 : 000D0007;
9F75 : 0007000D;
9F76 : 00080006;
9F77 : 00060007;
9F78 : 0006000A;
9F79 : 00080007;
9F7A : 00020005;
9F7B : 00070007;
9F7C : 00080007;
9F7D : 0004000A;
9F7E : 00060008;
9F7F : 00060006;
9F80 : 00090009;
9F81 : 000C000B;
9F82 : 000B000C;
9F83 : 0009000F;
9F84 : 000C0011;
9F85 : 000F000D;
9F86 : 000D000B;
9F87 : 000A000E;
9F88 : 000B000A;
9F89 : 000A000D;
9F8A : 000D000C;
9F8B : 000C000D;
9F8C : 0012000E;
9F8D : 0009000D;
9F8E : 000B000F;
9F8F : 000F000F;
9F90 : 000E000B;
9F91 : 00140013;
9F92 : 00130012;
9F93 : 00110012;
9F94 : 00140016;
9F95 : 00150017;
9F96 : 00150016;
9F97 : 00160018;
9F98 : 0017001A;
9F99 : 00190019;
9F9A : 001B0018;
9F9B : 001B001E;
9F9C : 001A001E;
9F9D : 001B001C;
9F9E : 001E001B;
9F9F : 00160015;
9FA0 : 001A0018;
9FA1 : 00170015;
9FA2 : 00160016;
9FA3 : 00150014;
9FA4 : 00130013;
9FA5 : 000E0011;
9FA6 : 000B000C;
9FA7 : 000D0011;
9FA8 : 000A0011;
9FA9 : 000F0010;
9FAA : 000B000C;
9FAB : 000F0013;
9FAC : 000F000E;
9FAD : 000B000A;
9FAE : 000C000C;
9FAF : 00090008;
9FB0 : 0008000D;
9FB1 : 000C0009;
9FB2 : 000D000D;
9FB3 : 0007000B;
9FB4 : 0008000C;
9FB5 : 000B0009;
9FB6 : 000A0007;
9FB7 : 0009000C;
9FB8 : 00090009;
9FB9 : 0007000A;
9FBA : 00090007;
9FBB : 0003000B;
9FBC : 00030007;
9FBD : 00050007;
9FBE : 00080005;
9FBF : 00020006;
9FC0 : 00090007;
9FC1 : 00060006;
9FC2 : 00080009;
9FC3 : 00050007;
9FC4 : 00080008;
9FC5 : 0006000A;
9FC6 : 000D0007;
9FC7 : 000B0009;
9FC8 : 00080009;
9FC9 : 00080007;
9FCA : 0008000B;
9FCB : 0005000A;
9FCC : 0009000E;
9FCD : 000C000A;
9FCE : 00090009;
9FCF : 000A000E;
9FD0 : 000B000D;
9FD1 : 0008000C;
9FD2 : 000D000D;
9FD3 : 000E000F;
9FD4 : 000C000D;
9FD5 : 000C000F;
9FD6 : 000E000F;
9FD7 : 000D0013;
9FD8 : 00140011;
9FD9 : 00120014;
9FDA : 00160012;
9FDB : 00130011;
9FDC : 00110012;
9FDD : 00120018;
9FDE : 00160012;
9FDF : 0018001A;
9FE0 : 00150018;
9FE1 : 00150014;
9FE2 : 00140013;
9FE3 : 0011000E;
9FE4 : 00100011;
9FE5 : 000D0010;
9FE6 : 000E000A;
9FE7 : 000B000D;
9FE8 : 00060008;
9FE9 : 00030004;
9FEA : 00060001;
9FEB : FFFE0002;
9FEC : FFFFFFFE;
9FED : FFFBFFFC;
9FEE : FFFAFFFB;
9FEF : FFFAFFFD;
9FF0 : FFFAFFF6;
9FF1 : FFF7FFF9;
9FF2 : FFF7FFF3;
9FF3 : FFF0FFEF;
9FF4 : FFF3FFF5;
9FF5 : FFF5FFEF;
9FF6 : FFEFFFF1;
9FF7 : FFF0FFEE;
9FF8 : FFEBFFF0;
9FF9 : FFEDFFEC;
9FFA : FFEFFFEE;
9FFB : FFE7FFE9;
9FFC : FFE7FFE7;
9FFD : FFE7FFE6;
9FFE : FFE3FFE2;
9FFF : FFE0FFE3;
A000 : FFE1FFDF;
A001 : FFE0FFE2;
A002 : FFDEFFDE;
A003 : FFDBFFDF;
A004 : FFDEFFDD;
A005 : FFDCFFE0;
A006 : FFE0FFE3;
A007 : FFE3FFE5;
A008 : FFE3FFE2;
A009 : FFE1FFE6;
A00A : FFE0FFEC;
A00B : FFE9FFED;
A00C : FFEBFFEA;
A00D : FFF0FFF3;
A00E : FFEEFFEC;
A00F : FFF2FFF2;
A010 : FFEDFFF1;
A011 : FFF5FFF0;
A012 : FFECFFF3;
A013 : FFF1FFF6;
A014 : FFF3FFF0;
A015 : FFF2FFF6;
A016 : FFF6FFF7;
A017 : FFFEFFF7;
A018 : FFF9FFFC;
A019 : FFFDFFFE;
A01A : 00020002;
A01B : 00020000;
A01C : 00010003;
A01D : 00020006;
A01E : 00030005;
A01F : 00030000;
A020 : 00040002;
A021 : 00020002;
A022 : 00000003;
A023 : 00030006;
A024 : 00030006;
A025 : 00030000;
A026 : 00010002;
A027 : FFFF0004;
A028 : FFFE0004;
A029 : 00000000;
A02A : 00020001;
A02B : 0000FFFE;
A02C : 00050000;
A02D : 00040004;
A02E : FFFFFFFF;
A02F : 00000005;
A030 : FFFF0001;
A031 : FFFF0000;
A032 : 0006FFFD;
A033 : 00000004;
A034 : 00010003;
A035 : 00010001;
A036 : FFFC0002;
A037 : FFFEFFFE;
A038 : 0001FFFF;
A039 : FFFD0000;
A03A : FFFD0001;
A03B : 0001FFFF;
A03C : FFFD0002;
A03D : FFFDFFFD;
A03E : FFFBFFFD;
A03F : FFFDFFFD;
A040 : FFFCFFFF;
A041 : 00040000;
A042 : FFFD0000;
A043 : FFFDFFFC;
A044 : 0003FFFF;
A045 : 0001FFFC;
A046 : FFFC0005;
A047 : 0000FFFE;
A048 : 00000004;
A049 : FFFF0000;
A04A : 00040004;
A04B : 00050006;
A04C : 00050007;
A04D : 00060008;
A04E : 000A0008;
A04F : 00080008;
A050 : 0007000A;
A051 : 000C000D;
A052 : 000B000F;
A053 : 000A000B;
A054 : 000C000D;
A055 : 000A000D;
A056 : 0012000D;
A057 : 0016000E;
A058 : 0010000F;
A059 : 00120013;
A05A : 00160014;
A05B : 00140015;
A05C : 00170019;
A05D : 0016001E;
A05E : 0016001A;
A05F : 001A001A;
A060 : 0018001A;
A061 : 0018001F;
A062 : 001E001A;
A063 : 0018001E;
A064 : 001B001D;
A065 : 001C001B;
A066 : 001A001B;
A067 : 00160017;
A068 : 00140015;
A069 : 00150010;
A06A : 0011000D;
A06B : 0010000E;
A06C : 000B0009;
A06D : 00090009;
A06E : 00080008;
A06F : 0006000A;
A070 : 00080009;
A071 : 00020005;
A072 : 00030000;
A073 : FFFFFFFF;
A074 : FFFEFFFF;
A075 : FFF8FFFB;
A076 : FFFFFFFD;
A077 : FFFDFFFB;
A078 : FFFBFFF4;
A079 : FFF6FFF6;
A07A : FFF5FFF5;
A07B : FFF5FFF3;
A07C : FFF5FFEF;
A07D : FFEFFFF3;
A07E : FFECFFEB;
A07F : FFEAFFE7;
A080 : FFEAFFED;
A081 : FFEDFFE8;
A082 : FFE8FFE8;
A083 : FFEAFFEB;
A084 : FFECFFEC;
A085 : FFEBFFEB;
A086 : FFEBFFEC;
A087 : FFEDFFEE;
A088 : FFEEFFF2;
A089 : FFEEFFF4;
A08A : FFF4FFF2;
A08B : FFF3FFF2;
A08C : FFEFFFF6;
A08D : FFF8FFF2;
A08E : FFF4FFF2;
A08F : FFF4FFF3;
A090 : FFF5FFF6;
A091 : FFF3FFF4;
A092 : FFF0FFF0;
A093 : FFEFFFEE;
A094 : FFF1FFF2;
A095 : FFF3FFEE;
A096 : FFECFFED;
A097 : FFF2FFF1;
A098 : FFF0FFEE;
A099 : FFEFFFEF;
A09A : FFEBFFF0;
A09B : FFE8FFEE;
A09C : FFEEFFED;
A09D : FFEEFFEE;
A09E : FFEBFFEE;
A09F : FFEEFFE5;
A0A0 : FFEAFFF3;
A0A1 : FFF6FFED;
A0A2 : FFF0FFF4;
A0A3 : FFF7FFF3;
A0A4 : FFF6FFF6;
A0A5 : FFF6FFF7;
A0A6 : FFF9FFFA;
A0A7 : FFF6FFF8;
A0A8 : FFF8FFFA;
A0A9 : FFFCFFFA;
A0AA : FFFBFFF7;
A0AB : FFFEFFFB;
A0AC : FFFAFFFD;
A0AD : FFFEFFFD;
A0AE : FFF9FFFC;
A0AF : FFFDFFFA;
A0B0 : FFF7FFFA;
A0B1 : FFF7FFFA;
A0B2 : FFF8FFF5;
A0B3 : FFF9FFF4;
A0B4 : FFF6FFF7;
A0B5 : FFF8FFFB;
A0B6 : FFF4FFFA;
A0B7 : FFF6FFF9;
A0B8 : FFF7FFF8;
A0B9 : FFF4FFF5;
A0BA : FFF7FFF4;
A0BB : FFFAFFFA;
A0BC : FFF7FFF4;
A0BD : FFF4FFF4;
A0BE : FFF6FFF2;
A0BF : FFEEFFED;
A0C0 : FFF4FFF4;
A0C1 : FFEEFFF0;
A0C2 : FFEBFFE7;
A0C3 : FFEEFFF0;
A0C4 : FFE9FFF1;
A0C5 : FFE9FFEB;
A0C6 : FFE6FFE9;
A0C7 : FFECFFE6;
A0C8 : FFE8FFE6;
A0C9 : FFE6FFE9;
A0CA : FFE8FFE5;
A0CB : FFE6FFE4;
A0CC : FFE2FFE3;
A0CD : FFE5FFE7;
A0CE : FFE7FFE8;
A0CF : FFEEFFE8;
A0D0 : FFE8FFEA;
A0D1 : FFEDFFF2;
A0D2 : FFF7FFEE;
A0D3 : FFF1FFF2;
A0D4 : FFF3FFF4;
A0D5 : FFEEFFF6;
A0D6 : FFF5FFF2;
A0D7 : FFF3FFF3;
A0D8 : FFF3FFF6;
A0D9 : FFF4FFF7;
A0DA : FFF4FFF3;
A0DB : FFFBFFFA;
A0DC : FFF2FFF6;
A0DD : FFF6FFF8;
A0DE : FFF6FFF4;
A0DF : FFF6FFF8;
A0E0 : FFFAFFFD;
A0E1 : FFF6FFF8;
A0E2 : FFF6FFF8;
A0E3 : FFFDFFF7;
A0E4 : FFFBFFF6;
A0E5 : FFF2FFFA;
A0E6 : FFF9FFF7;
A0E7 : FFF7FFF9;
A0E8 : FFF6FFF9;
A0E9 : FFF3FFF9;
A0EA : FFF6FFF3;
A0EB : FFF8FFF8;
A0EC : FFF3FFF3;
A0ED : FFF3FFF2;
A0EE : FFF4FFF1;
A0EF : FFF0FFF1;
A0F0 : FFF1FFF0;
A0F1 : FFEFFFF1;
A0F2 : FFEBFFF1;
A0F3 : FFEBFFEE;
A0F4 : FFEEFFED;
A0F5 : FFEAFFEE;
A0F6 : FFEEFFE7;
A0F7 : FFE7FFEC;
A0F8 : FFE7FFEA;
A0F9 : FFECFFE9;
A0FA : FFE8FFE9;
A0FB : FFE9FFE9;
A0FC : FFE9FFED;
A0FD : FFE7FFEB;
A0FE : FFE9FFE9;
A0FF : FFE7FFE8;
A100 : FFEAFFEC;
A101 : FFEDFFED;
A102 : FFE8FFEA;
A103 : FFECFFEB;
A104 : FFEFFFF3;
A105 : FFF0FFF0;
A106 : FFF2FFED;
A107 : FFECFFEF;
A108 : FFEBFFF1;
A109 : FFF0FFF0;
A10A : FFEEFFF3;
A10B : FFF2FFEF;
A10C : FFF1FFF2;
A10D : FFF4FFF6;
A10E : FFF5FFF8;
A10F : FFF6FFF4;
A110 : FFF5FFF4;
A111 : FFF7FFF5;
A112 : FFFAFFFC;
A113 : FFFBFFFD;
A114 : FFFAFFFC;
A115 : FFFE0001;
A116 : FFFFFFFF;
A117 : 0000FFFC;
A118 : 00000002;
A119 : FFFF0004;
A11A : FFFF0004;
A11B : 00000005;
A11C : 00070007;
A11D : 00040003;
A11E : 00070005;
A11F : 00080005;
A120 : 00070008;
A121 : 0009000D;
A122 : 000A0007;
A123 : 000C0011;
A124 : 000E000F;
A125 : 000F0014;
A126 : 00150014;
A127 : 00140015;
A128 : 00110016;
A129 : 00190017;
A12A : 00180017;
A12B : 0018001E;
A12C : 0018001A;
A12D : 001A001E;
A12E : 001E001A;
A12F : 001F001B;
A130 : 001D0020;
A131 : 001B001C;
A132 : 001D001B;
A133 : 001B001B;
A134 : 001A0020;
A135 : 001D001C;
A136 : 00170014;
A137 : 00190017;
A138 : 00180018;
A139 : 00160015;
A13A : 00150016;
A13B : 00110013;
A13C : 00120013;
A13D : 00110011;
A13E : 00120015;
A13F : 00100015;
A140 : 00100010;
A141 : 000E000E;
A142 : 00130013;
A143 : 0010000D;
A144 : 00090008;
A145 : 000D0009;
A146 : 000A0009;
A147 : 00030005;
A148 : 00060005;
A149 : 00040004;
A14A : 00020002;
A14B : 00090001;
A14C : 00040000;
A14D : FFFD0005;
A14E : FFFFFFFE;
A14F : 0008FFFF;
A150 : 00040003;
A151 : 00020008;
A152 : 00050007;
A153 : 00030003;
A154 : 00030009;
A155 : 00040009;
A156 : 000C0009;
A157 : 00090009;
A158 : 000A000A;
A159 : 000A0006;
A15A : 000A000A;
A15B : 0006000A;
A15C : 000A0009;
A15D : 0007000E;
A15E : 000D000D;
A15F : 000B000B;
A160 : 000B0011;
A161 : 000F000E;
A162 : 000C000C;
A163 : 000C000D;
A164 : 0008000E;
A165 : 000E000F;
A166 : 00140012;
A167 : 000C0011;
A168 : 000F000D;
A169 : 0010000F;
A16A : 00130012;
A16B : 00110012;
A16C : 00120013;
A16D : 00140013;
A16E : 00150014;
A16F : 00130012;
A170 : 000E0014;
A171 : 000F0013;
A172 : 00110012;
A173 : 00140014;
A174 : 0010000E;
A175 : 00120011;
A176 : 0012000F;
A177 : 0011000C;
A178 : 000A0011;
A179 : 000A000E;
A17A : 000A000B;
A17B : 0009000E;
A17C : 0009000C;
A17D : 00080007;
A17E : 00080005;
A17F : 0009000A;
A180 : 00090008;
A181 : 00070008;
A182 : 00040003;
A183 : 000A0006;
A184 : 00080009;
A185 : 00030004;
A186 : 00040000;
A187 : 0000FFFF;
A188 : FFFFFFFC;
A189 : 0000FFFB;
A18A : FFFAFFFB;
A18B : FFFBFFF9;
A18C : FFF4FFF7;
A18D : FFF5FFF6;
A18E : FFF9FFF8;
A18F : FFF7FFF5;
A190 : FFF3FFF6;
A191 : FFF2FFF0;
A192 : FFF4FFF1;
A193 : FFEFFFF0;
A194 : FFF1FFEF;
A195 : FFF1FFF6;
A196 : FFF2FFF3;
A197 : FFF4FFF7;
A198 : FFF4FFF7;
A199 : FFF5FFF6;
A19A : FFF7FFF5;
A19B : FFF9FFF9;
A19C : FFFBFFFA;
A19D : FFFBFFFD;
A19E : FFFEFFFF;
A19F : FFFEFFFE;
A1A0 : 00000001;
A1A1 : FFFF0000;
A1A2 : FFFCFFFF;
A1A3 : 00010002;
A1A4 : 00000002;
A1A5 : FFFF0002;
A1A6 : 00000002;
A1A7 : 00000001;
A1A8 : FFFE0002;
A1A9 : 00040003;
A1AA : 00020005;
A1AB : 00010004;
A1AC : 00070004;
A1AD : 00030002;
A1AE : 00010002;
A1AF : 00070004;
A1B0 : 00050009;
A1B1 : 00050006;
A1B2 : 00030005;
A1B3 : 00040009;
A1B4 : 00060000;
A1B5 : FFFE0004;
A1B6 : 0000FFFE;
A1B7 : 0000FFFC;
A1B8 : FFF8FFFE;
A1B9 : FFFCFFF8;
A1BA : FFFAFFFE;
A1BB : FFFBFFF9;
A1BC : FFFDFFFB;
A1BD : FFFAFFFA;
A1BE : FFFDFFF9;
A1BF : FFF9FFFD;
A1C0 : FFF4FFF8;
A1C1 : FFF7FFFA;
A1C2 : FFFAFFFB;
A1C3 : FFF9FFF8;
A1C4 : FFF5FFF8;
A1C5 : FFF4FFF7;
A1C6 : FFF1FFF0;
A1C7 : FFF2FFF5;
A1C8 : FFF5FFF6;
A1C9 : FFF4FFF6;
A1CA : FFFBFFF7;
A1CB : FFF1FFF7;
A1CC : FFF0FFF2;
A1CD : FFF3FFF1;
A1CE : FFF0FFF3;
A1CF : FFEDFFEE;
A1D0 : FFEDFFF2;
A1D1 : FFF2FFEC;
A1D2 : FFEEFFF2;
A1D3 : FFF2FFEE;
A1D4 : FFEFFFEF;
A1D5 : FFF1FFF3;
A1D6 : FFEFFFF1;
A1D7 : FFF6FFF1;
A1D8 : FFF4FFEB;
A1D9 : FFEFFFF1;
A1DA : FFEDFFF4;
A1DB : FFECFFF4;
A1DC : FFF6FFF4;
A1DD : FFF1FFFA;
A1DE : FFFCFFF6;
A1DF : FFF6FFF4;
A1E0 : FFF7FFF6;
A1E1 : FFF6FFF7;
A1E2 : FFF6FFF8;
A1E3 : FFF8FFFB;
A1E4 : FFF5FFF8;
A1E5 : FFF8FFFD;
A1E6 : 0000FFFB;
A1E7 : FFFDFFF9;
A1E8 : FFFA0000;
A1E9 : FFFCFFFE;
A1EA : FFFEFFFD;
A1EB : 0001FFFA;
A1EC : 00040004;
A1ED : 00040005;
A1EE : 00070008;
A1EF : 00090005;
A1F0 : 0007000B;
A1F1 : 000C000D;
A1F2 : 000F000F;
A1F3 : 000D0011;
A1F4 : 00120013;
A1F5 : 0014000F;
A1F6 : 00110015;
A1F7 : 00100013;
A1F8 : 00150012;
A1F9 : 001C0015;
A1FA : 00120011;
A1FB : 00130013;
A1FC : 000C000F;
A1FD : 0010000D;
A1FE : 000E000D;
A1FF : 000C000C;
A200 : 00090008;
A201 : 0008000D;
A202 : 000A000B;
A203 : 00070008;
A204 : 000A0006;
A205 : 00040001;
A206 : 00030004;
A207 : 00030003;
A208 : 00020005;
A209 : FFFB0001;
A20A : 0000FFFB;
A20B : FFFBFFFE;
A20C : FFFFFFFB;
A20D : FFF7FFFA;
A20E : FFFAFFF7;
A20F : FFF8FFF5;
A210 : FFF5FFF4;
A211 : FFF1FFEF;
A212 : FFEFFFF3;
A213 : FFF0FFF2;
A214 : FFF2FFF1;
A215 : FFEDFFEC;
A216 : FFF3FFEF;
A217 : FFF0FFEF;
A218 : FFE9FFEE;
A219 : FFF4FFEF;
A21A : FFF1FFF2;
A21B : FFEDFFEE;
A21C : FFEFFFF2;
A21D : FFEEFFEF;
A21E : FFF0FFEE;
A21F : FFEBFFED;
A220 : FFEFFFF0;
A221 : FFECFFEC;
A222 : FFEDFFED;
A223 : FFE9FFE9;
A224 : FFE8FFEC;
A225 : FFE6FFE8;
A226 : FFEBFFE9;
A227 : FFE5FFE4;
A228 : FFDFFFDE;
A229 : FFE3FFE5;
A22A : FFE4FFE5;
A22B : FFEAFFE4;
A22C : FFE1FFE5;
A22D : FFE5FFE5;
A22E : FFE5FFE8;
A22F : FFE6FFE3;
A230 : FFE4FFE5;
A231 : FFE1FFE7;
A232 : FFE9FFEA;
A233 : FFE9FFE7;
A234 : FFEDFFF1;
A235 : FFEEFFF2;
A236 : FFF0FFF3;
A237 : FFEFFFEC;
A238 : FFEFFFF2;
A239 : FFF0FFF0;
A23A : FFF3FFF1;
A23B : FFF1FFF3;
A23C : FFF4FFF5;
A23D : FFF6FFF4;
A23E : FFF5FFF3;
A23F : FFF2FFF6;
A240 : FFEEFFF3;
A241 : FFF4FFF5;
A242 : FFF3FFF1;
A243 : FFF4FFF5;
A244 : FFEFFFF4;
A245 : FFF4FFF3;
A246 : FFF1FFF1;
A247 : FFF3FFED;
A248 : FFF3FFF1;
A249 : FFEEFFF3;
A24A : FFEEFFEC;
A24B : FFEDFFED;
A24C : FFEDFFEF;
A24D : FFEDFFEF;
A24E : FFEEFFEE;
A24F : FFF0FFF2;
A250 : FFEAFFEC;
A251 : FFEDFFF1;
A252 : FFEBFFEA;
A253 : FFECFFF2;
A254 : FFEFFFEA;
A255 : FFEBFFE8;
A256 : FFE9FFE9;
A257 : FFE8FFE9;
A258 : FFEAFFEB;
A259 : FFEDFFE7;
A25A : FFE7FFF1;
A25B : FFEAFFE9;
A25C : FFEAFFED;
A25D : FFE4FFE5;
A25E : FFE9FFEC;
A25F : FFE9FFF0;
A260 : FFEAFFED;
A261 : FFEEFFEA;
A262 : FFECFFEB;
A263 : FFF0FFF2;
A264 : FFF0FFF2;
A265 : FFF7FFF5;
A266 : FFF7FFF7;
A267 : FFF6FFFC;
A268 : FFF3FFFA;
A269 : FFF9FFFC;
A26A : FFF8FFF8;
A26B : FFFAFFFB;
A26C : FFFBFFFA;
A26D : FFF7FFFB;
A26E : FFF9FFF3;
A26F : FFF9FFF7;
A270 : FFF6FFFB;
A271 : FFFAFFFC;
A272 : FFFE0001;
A273 : 00000000;
A274 : FFFE0001;
A275 : FFFD0004;
A276 : FFFFFFFF;
A277 : FFFFFFFE;
A278 : 0000FFFB;
A279 : FFFE0001;
A27A : FFFC0000;
A27B : FFFDFFFA;
A27C : FFFCFFFF;
A27D : FFFBFFFB;
A27E : FFF9FFF6;
A27F : FFF8FFF9;
A280 : FFF7FFF4;
A281 : FFF8FFF5;
A282 : FFF4FFF6;
A283 : FFEEFFF3;
A284 : FFF3FFF3;
A285 : FFF1FFF9;
A286 : FFF4FFF2;
A287 : FFF6FFEF;
A288 : FFEEFFF3;
A289 : FFF4FFF1;
A28A : FFF3FFF2;
A28B : FFF2FFF2;
A28C : FFF4FFF8;
A28D : FFF2FFF2;
A28E : FFF1FFF9;
A28F : FFF7FFF3;
A290 : FFF8FFF8;
A291 : FFF6FFFD;
A292 : FFF8FFFB;
A293 : FFFCFFFD;
A294 : FFFBFFFA;
A295 : FFFAFFFB;
A296 : FFFAFFFE;
A297 : FFF9FFFF;
A298 : FFFC0000;
A299 : FFF90000;
A29A : 00000000;
A29B : FFFFFFFA;
A29C : FFFCFFFF;
A29D : FFFDFFFC;
A29E : 00040001;
A29F : 00030002;
A2A0 : 00020006;
A2A1 : FFFE0001;
A2A2 : 00020001;
A2A3 : 00030006;
A2A4 : 00060004;
A2A5 : 0002000A;
A2A6 : 00040003;
A2A7 : 00060003;
A2A8 : 0007000A;
A2A9 : 00070006;
A2AA : 0005000A;
A2AB : 000D0010;
A2AC : 0009000E;
A2AD : 000E000F;
A2AE : 00130011;
A2AF : 000E0013;
A2B0 : 00150014;
A2B1 : 00160010;
A2B2 : 001A001D;
A2B3 : 001C001A;
A2B4 : 001D0020;
A2B5 : 0018001E;
A2B6 : 001D001F;
A2B7 : 001E0021;
A2B8 : 00230025;
A2B9 : 002A002A;
A2BA : 002A0027;
A2BB : 002A002A;
A2BC : 002C002E;
A2BD : 002F002E;
A2BE : 002F0030;
A2BF : 0029002A;
A2C0 : 0030002B;
A2C1 : 002D002E;
A2C2 : 002B002A;
A2C3 : 0028002B;
A2C4 : 002E002C;
A2C5 : 002B002B;
A2C6 : 002B002B;
A2C7 : 00280029;
A2C8 : 00260027;
A2C9 : 00260025;
A2CA : 0029002B;
A2CB : 00270025;
A2CC : 002B0029;
A2CD : 00260026;
A2CE : 00250025;
A2CF : 00230021;
A2D0 : 001D0021;
A2D1 : 00230022;
A2D2 : 00210025;
A2D3 : 00200024;
A2D4 : 0026001F;
A2D5 : 00220021;
A2D6 : 001E0020;
A2D7 : 00230020;
A2D8 : 001E001F;
A2D9 : 001C0018;
A2DA : 001B001A;
A2DB : 00190018;
A2DC : 00160016;
A2DD : 00160016;
A2DE : 00190012;
A2DF : 00140019;
A2E0 : 00180018;
A2E1 : 00160018;
A2E2 : 00160014;
A2E3 : 00170013;
A2E4 : 00180014;
A2E5 : 00140016;
A2E6 : 00130012;
A2E7 : 00130016;
A2E8 : 00100017;
A2E9 : 00130011;
A2EA : 000E000F;
A2EB : 00100010;
A2EC : 000A0008;
A2ED : 000C0009;
A2EE : 000B000A;
A2EF : 0009000B;
A2F0 : 000A000B;
A2F1 : 00080009;
A2F2 : 000B000C;
A2F3 : 000B000E;
A2F4 : 00090008;
A2F5 : 00090006;
A2F6 : 000A0009;
A2F7 : 0006000B;
A2F8 : 0006000B;
A2F9 : 0008000B;
A2FA : 00060005;
A2FB : 00060007;
A2FC : 00060006;
A2FD : 00040008;
A2FE : 00040006;
A2FF : 000A0002;
A300 : 00050007;
A301 : 00080008;
A302 : 00080007;
A303 : 000A000C;
A304 : 00080007;
A305 : 0004000A;
A306 : 0007000B;
A307 : 00050007;
A308 : 00060006;
A309 : 000A0009;
A30A : 00080005;
A30B : 000A0004;
A30C : 00060007;
A30D : 00070006;
A30E : 00080008;
A30F : 0008000C;
A310 : 00070008;
A311 : 00060006;
A312 : 00010003;
A313 : 00060008;
A314 : 00040007;
A315 : 00030003;
A316 : 00040002;
A317 : 00030000;
A318 : 00060002;
A319 : 00000007;
A31A : FFFDFFFB;
A31B : FFFFFFFC;
A31C : FFFBFFFF;
A31D : FFFBFFFE;
A31E : FFFD0000;
A31F : FFF4FFF9;
A320 : FFF5FFF1;
A321 : FFF4FFF3;
A322 : FFF5FFF3;
A323 : FFF0FFF1;
A324 : FFF0FFEF;
A325 : FFF2FFF1;
A326 : FFF1FFF2;
A327 : FFEEFFED;
A328 : FFEBFFEF;
A329 : FFEFFFEE;
A32A : FFEFFFF2;
A32B : FFEEFFEF;
A32C : FFF3FFF5;
A32D : FFF1FFEE;
A32E : FFF1FFF8;
A32F : FFF0FFF2;
A330 : FFF4FFF4;
A331 : FFF6FFF3;
A332 : FFF6FFF4;
A333 : FFF6FFF8;
A334 : FFF5FFF7;
A335 : FFF7FFFC;
A336 : FFF5FFF6;
A337 : FFFBFFFB;
A338 : FFFE0001;
A339 : FFFC0001;
A33A : 0000FFFE;
A33B : FFFDFFFA;
A33C : 0002FFFC;
A33D : 00010001;
A33E : FFFD0001;
A33F : 00020003;
A340 : FFFD0002;
A341 : 00010001;
A342 : 00020000;
A343 : FFFF0006;
A344 : FFFD0001;
A345 : FFFFFFFE;
A346 : FFFFFFFD;
A347 : 0000FFFF;
A348 : 0001FFFF;
A349 : FFFCFFFC;
A34A : FFFAFFFB;
A34B : FFFFFFF9;
A34C : FFF8FFFC;
A34D : FFFEFFFD;
A34E : FFFBFFF8;
A34F : FFF9FFFB;
A350 : FFFCFFF9;
A351 : FFFBFFFD;
A352 : FFF9FFF8;
A353 : FFFCFFFA;
A354 : FFF9FFFE;
A355 : FFFAFFF6;
A356 : FFF7FFF6;
A357 : FFF4FFF8;
A358 : FFF8FFFB;
A359 : FFF8FFF5;
A35A : FFFBFFF5;
A35B : FFF6FFF6;
A35C : FFF3FFF8;
A35D : FFF3FFF4;
A35E : FFF7FFF8;
A35F : FFF0FFF6;
A360 : FFF1FFF1;
A361 : FFF2FFF1;
A362 : FFF3FFF0;
A363 : FFF3FFF5;
A364 : FFF5FFEF;
A365 : FFF0FFF1;
A366 : FFF2FFF4;
A367 : FFF4FFF3;
A368 : FFF6FFF7;
A369 : FFF4FFF5;
A36A : FFF4FFF5;
A36B : FFFBFFFA;
A36C : FFFCFFFB;
A36D : 00000000;
A36E : FFFE0002;
A36F : 00010000;
A370 : 00030003;
A371 : 00030006;
A372 : 00010002;
A373 : 00020009;
A374 : 00050007;
A375 : 00040007;
A376 : 00070006;
A377 : 00060002;
A378 : 0006000E;
A379 : 00070006;
A37A : 000A000A;
A37B : 00080005;
A37C : 0008000B;
A37D : 000D000C;
A37E : 000B0010;
A37F : 000B0010;
A380 : 000E0011;
A381 : 000D000E;
A382 : 000E0010;
A383 : 0011000F;
A384 : 000D0011;
A385 : 000B0011;
A386 : 00120013;
A387 : 000F0014;
A388 : 000B0010;
A389 : 000C000C;
A38A : 000C000E;
A38B : 00070009;
A38C : 00050006;
A38D : 00050004;
A38E : 00050003;
A38F : FFFD0001;
A390 : 0000FFFF;
A391 : FFFEFFFC;
A392 : FFFC0001;
A393 : FFF9FFF9;
A394 : FFFBFFF6;
A395 : FFFAFFF5;
A396 : FFFBFFFB;
A397 : FFF5FFF9;
A398 : FFF5FFF8;
A399 : FFF4FFF9;
A39A : FFF7FFF6;
A39B : FFF9FFF6;
A39C : FFF6FFF1;
A39D : FFF3FFF6;
A39E : FFF4FFF1;
A39F : FFEEFFED;
A3A0 : FFEEFFF5;
A3A1 : FFEEFFF0;
A3A2 : FFEBFFEF;
A3A3 : FFEFFFF1;
A3A4 : FFF3FFF0;
A3A5 : FFECFFF2;
A3A6 : FFEDFFEF;
A3A7 : FFF1FFEF;
A3A8 : FFF3FFF0;
A3A9 : FFF3FFF2;
A3AA : FFF5FFF7;
A3AB : FFF6FFF9;
A3AC : FFF3FFF9;
A3AD : FFF8FFF6;
A3AE : FFFAFFF6;
A3AF : FFF7FFF5;
A3B0 : FFF3FFF2;
A3B1 : FFF4FFF9;
A3B2 : FFF4FFF6;
A3B3 : FFFBFFF9;
A3B4 : FFF9FFF2;
A3B5 : FFF7FFF5;
A3B6 : FFEFFFF5;
A3B7 : FFF2FFF7;
A3B8 : FFF2FFF5;
A3B9 : FFEEFFF1;
A3BA : FFF3FFF2;
A3BB : FFF3FFF4;
A3BC : FFF5FFF1;
A3BD : FFEFFFF1;
A3BE : FFF4FFF3;
A3BF : FFEEFFF1;
A3C0 : FFF2FFEF;
A3C1 : FFEEFFEF;
A3C2 : FFEDFFEC;
A3C3 : FFF0FFED;
A3C4 : FFEEFFEF;
A3C5 : FFEAFFEE;
A3C6 : FFF1FFF0;
A3C7 : FFEFFFF1;
A3C8 : FFEFFFEE;
A3C9 : FFEBFFEF;
A3CA : FFEFFFEA;
A3CB : FFEBFFEB;
A3CC : FFEAFFED;
A3CD : FFEAFFEE;
A3CE : FFECFFE9;
A3CF : FFE9FFEB;
A3D0 : FFE4FFE6;
A3D1 : FFE5FFE2;
A3D2 : FFE6FFE6;
A3D3 : FFE0FFE4;
A3D4 : FFDDFFE0;
A3D5 : FFE1FFE5;
A3D6 : FFE5FFE2;
A3D7 : FFE1FFDF;
A3D8 : FFE2FFE5;
A3D9 : FFE4FFE0;
A3DA : FFDEFFDC;
A3DB : FFE1FFDF;
A3DC : FFE2FFDE;
A3DD : FFDDFFE0;
A3DE : FFDDFFDF;
A3DF : FFDEFFE3;
A3E0 : FFE2FFDE;
A3E1 : FFE0FFE0;
A3E2 : FFE3FFE2;
A3E3 : FFDFFFDB;
A3E4 : FFE3FFDD;
A3E5 : FFE2FFE3;
A3E6 : FFDEFFE3;
A3E7 : FFE2FFE2;
A3E8 : FFE0FFE0;
A3E9 : FFDDFFDE;
A3EA : FFDDFFE0;
A3EB : FFE0FFE0;
A3EC : FFDFFFE3;
A3ED : FFE4FFE3;
A3EE : FFE4FFE5;
A3EF : FFE4FFE5;
A3F0 : FFE5FFEB;
A3F1 : FFEBFFEB;
A3F2 : FFE8FFEE;
A3F3 : FFEEFFEC;
A3F4 : FFECFFF0;
A3F5 : FFEEFFF6;
A3F6 : FFF4FFF6;
A3F7 : FFF6FFF4;
A3F8 : FFF6FFF9;
A3F9 : FFFBFFF5;
A3FA : FFF7FFFB;
A3FB : FFF8FFF8;
A3FC : FFFFFFFD;
A3FD : FFFC0003;
A3FE : FFFFFFFC;
A3FF : FFFC0000;
A400 : 00030002;
A401 : 00030001;
A402 : 00000001;
A403 : 00040000;
A404 : 00020005;
A405 : 00050005;
A406 : 00060008;
A407 : 00070008;
A408 : 00070005;
A409 : 00030005;
A40A : 00000006;
A40B : 00080006;
A40C : 00020005;
A40D : 00040003;
A40E : 00030003;
A40F : FFFF0002;
A410 : 00010001;
A411 : FFFDFFFE;
A412 : FFFFFFFB;
A413 : FFFCFFFE;
A414 : FFFDFFFE;
A415 : FFFB0000;
A416 : FFFEFFFF;
A417 : 00020000;
A418 : 00020003;
A419 : 00020004;
A41A : 00040003;
A41B : 00020007;
A41C : 00060003;
A41D : 0005000A;
A41E : 00030007;
A41F : 00070007;
A420 : 00090007;
A421 : 00060006;
A422 : 000C0006;
A423 : 00080008;
A424 : 0004000A;
A425 : 000B0006;
A426 : 0007000C;
A427 : 0004000C;
A428 : 000B000A;
A429 : 000B000A;
A42A : 000A0007;
A42B : 00030007;
A42C : 00080009;
A42D : 00080005;
A42E : 00010006;
A42F : 00060007;
A430 : 00050002;
A431 : 00070007;
A432 : 00060004;
A433 : 00030009;
A434 : 0007000C;
A435 : 00070009;
A436 : 000C0010;
A437 : 0010000D;
A438 : 000E0015;
A439 : 00100010;
A43A : 0012000E;
A43B : 000E000F;
A43C : 00150014;
A43D : 00110018;
A43E : 00110017;
A43F : 00110012;
A440 : 00120010;
A441 : 00140015;
A442 : 00150015;
A443 : 00110017;
A444 : 0016001A;
A445 : 001A001D;
A446 : 00170018;
A447 : 00180019;
A448 : 00190019;
A449 : 00170018;
A44A : 001B001D;
A44B : 001A001D;
A44C : 001E001C;
A44D : 001E0021;
A44E : 001E001D;
A44F : 00230020;
A450 : 001B001C;
A451 : 001D001C;
A452 : 001D0016;
A453 : 001B001B;
A454 : 001A001A;
A455 : 00180015;
A456 : 00130015;
A457 : 00110012;
A458 : 00130011;
A459 : 0011000B;
A45A : 000E000F;
A45B : 0004000A;
A45C : 000B000C;
A45D : 000B000B;
A45E : 000A0009;
A45F : 000B0007;
A460 : 00080005;
A461 : 00040009;
A462 : 00040007;
A463 : 00060003;
A464 : 00050002;
A465 : 00000001;
A466 : 00020000;
A467 : FFFBFFFD;
A468 : FFFDFFFC;
A469 : FFFA0001;
A46A : 0000FFFF;
A46B : 00000000;
A46C : FFF9FFFB;
A46D : FFF9FFFF;
A46E : 0000FFFE;
A46F : FFFBFFFE;
A470 : FFFD0001;
A471 : FFFEFFFF;
A472 : 00030002;
A473 : 00020000;
A474 : FFFF0006;
A475 : 00010004;
A476 : 00080005;
A477 : 00060001;
A478 : FFFD0007;
A479 : 00060002;
A47A : 00070006;
A47B : 00040003;
A47C : 00030008;
A47D : 00040003;
A47E : 00020000;
A47F : 0001FFFE;
A480 : 00010002;
A481 : 00020003;
A482 : 00010002;
A483 : FFFF0001;
A484 : 00020003;
A485 : 00000002;
A486 : 00040007;
A487 : 00030008;
A488 : 00000001;
A489 : 00010007;
A48A : 00030004;
A48B : 00080004;
A48C : 00050005;
A48D : 00070008;
A48E : 00090008;
A48F : 00060007;
A490 : 000C0009;
A491 : 00080007;
A492 : 0007000A;
A493 : 000B000A;
A494 : 00090008;
A495 : 00090008;
A496 : 0004000A;
A497 : 000A0008;
A498 : 00060006;
A499 : 00050001;
A49A : 0002FFFF;
A49B : FFFF0002;
A49C : FFFD0000;
A49D : FFFFFFFF;
A49E : FFFFFFFF;
A49F : 0000FFFD;
A4A0 : FFFFFFFC;
A4A1 : FFFCFFFB;
A4A2 : FFFE0002;
A4A3 : FFF8FFFD;
A4A4 : FFFAFFFA;
A4A5 : FFFBFFF9;
A4A6 : FFFEFFF6;
A4A7 : FFF8FFF5;
A4A8 : FFF5FFFB;
A4A9 : FFF9FFF4;
A4AA : FFF4FFF4;
A4AB : FFEFFFF5;
A4AC : FFEFFFF2;
A4AD : FFF0FFEF;
A4AE : FFEAFFED;
A4AF : FFF0FFEF;
A4B0 : FFF1FFF0;
A4B1 : FFEEFFEB;
A4B2 : FFF1FFED;
A4B3 : FFEBFFEE;
A4B4 : FFF0FFEC;
A4B5 : FFEBFFED;
A4B6 : FFEEFFEF;
A4B7 : FFE9FFEF;
A4B8 : FFEFFFF4;
A4B9 : FFF2FFF3;
A4BA : FFF6FFF4;
A4BB : FFF7FFF7;
A4BC : FFFAFFFA;
A4BD : FFF9FFF9;
A4BE : FFF9FFF9;
A4BF : FFFBFFFB;
A4C0 : FFFAFFFD;
A4C1 : FFFEFFFC;
A4C2 : 0000FFFF;
A4C3 : FFFB0002;
A4C4 : 0003FFFD;
A4C5 : FFFC0001;
A4C6 : 0001FFFC;
A4C7 : FFFA0003;
A4C8 : FFFF0004;
A4C9 : FFFEFFFF;
A4CA : 00030005;
A4CB : 00050003;
A4CC : 00020006;
A4CD : 00050003;
A4CE : 00060007;
A4CF : 00060007;
A4D0 : 00050005;
A4D1 : 000B0002;
A4D2 : 00030000;
A4D3 : 00010002;
A4D4 : 00000001;
A4D5 : 0000FFFC;
A4D6 : FFF8FFFA;
A4D7 : FFFBFFFC;
A4D8 : FFF8FFFC;
A4D9 : FFF9FFF8;
A4DA : FFF6FFF7;
A4DB : FFF6FFF9;
A4DC : FFF9FFFA;
A4DD : FFF6FFF7;
A4DE : FFF7FFF6;
A4DF : FFF4FFF6;
A4E0 : FFF5FFF6;
A4E1 : FFF4FFF5;
A4E2 : FFF6FFF6;
A4E3 : FFF4FFF3;
A4E4 : FFF5FFF2;
A4E5 : FFF2FFFA;
A4E6 : FFF5FFF5;
A4E7 : FFF0FFF2;
A4E8 : FFF4FFF1;
A4E9 : FFF3FFEE;
A4EA : FFECFFF3;
A4EB : FFF5FFF3;
A4EC : FFEFFFF0;
A4ED : FFF3FFF2;
A4EE : FFF1FFF7;
A4EF : FFF2FFEE;
A4F0 : FFF6FFF2;
A4F1 : FFF1FFF2;
A4F2 : FFF1FFF1;
A4F3 : FFF5FFF2;
A4F4 : FFF1FFF4;
A4F5 : FFEEFFF6;
A4F6 : FFF2FFF4;
A4F7 : FFF1FFF4;
A4F8 : FFF5FFF4;
A4F9 : FFF3FFF3;
A4FA : FFF9FFF7;
A4FB : FFF8FFF7;
A4FC : FFF9FFFE;
A4FD : FFF9FFFB;
A4FE : 0000FFFB;
A4FF : FFFAFFFF;
A500 : FFFBFFFF;
A501 : FFFCFFFA;
A502 : FFFEFFFF;
A503 : FFFCFFFB;
A504 : FFFAFFFE;
A505 : FFFCFFFE;
A506 : FFFEFFFF;
A507 : 00010002;
A508 : 00010005;
A509 : FFFE0006;
A50A : 00050004;
A50B : 00040002;
A50C : 00030002;
A50D : 00040006;
A50E : 00070006;
A50F : 00080005;
A510 : 00060009;
A511 : 00060006;
A512 : 00070005;
A513 : 0008000A;
A514 : 000B0008;
A515 : 00070008;
A516 : 0008000C;
A517 : 00070008;
A518 : 00070009;
A519 : 00060009;
A51A : 00050006;
A51B : 00050002;
A51C : 00050003;
A51D : 00030000;
A51E : FFFFFFFB;
A51F : FFFBFFF9;
A520 : FFFFFFF8;
A521 : FFFDFFFB;
A522 : FFFBFFFC;
A523 : FFF6FFFD;
A524 : FFFEFFFA;
A525 : FFFAFFFC;
A526 : FFFCFFFD;
A527 : FFFAFFFC;
A528 : FFF90002;
A529 : FFFBFFFF;
A52A : FFFCFFF7;
A52B : FFF4FFF7;
A52C : FFF8FFF8;
A52D : FFF8FFF5;
A52E : FFFAFFFC;
A52F : FFFCFFF9;
A530 : FFFBFFFA;
A531 : FFF8FFFA;
A532 : FFF8FFF6;
A533 : FFF5FFFA;
A534 : FFFCFFFF;
A535 : FFF9FFFA;
A536 : FFFB0000;
A537 : FFF6FFF7;
A538 : FFF9FFFA;
A539 : FFFAFFF9;
A53A : 0003FFFD;
A53B : FFFFFFFD;
A53C : 00000002;
A53D : FFFF0004;
A53E : 0002FFFF;
A53F : 00030002;
A540 : 00010003;
A541 : 00040004;
A542 : 0003FFFA;
A543 : 0000FFFD;
A544 : FFFE0002;
A545 : FFFAFFFE;
A546 : FFFC0001;
A547 : FFFDFFFD;
A548 : FFFCFFFC;
A549 : FFF9FFF8;
A54A : FFFAFFFB;
A54B : FFF7FFFB;
A54C : FFF8FFF9;
A54D : FFF9FFFB;
A54E : FFFDFFF9;
A54F : FFFAFFFA;
A550 : FFF9FFFA;
A551 : FFF9FFF8;
A552 : FFF7FFF9;
A553 : FFF8FFFA;
A554 : FFF3FFF6;
A555 : FFF7FFF9;
A556 : FFF7FFF9;
A557 : FFF8FFF9;
A558 : FFFAFFFA;
A559 : FFF6FFF9;
A55A : FFFAFFF4;
A55B : FFF8FFF7;
A55C : FFF6FFF6;
A55D : FFF5FFF3;
A55E : FFF3FFF3;
A55F : FFF0FFF3;
A560 : FFF0FFF1;
A561 : FFF1FFF0;
A562 : FFF2FFF2;
A563 : FFEEFFF0;
A564 : FFEAFFED;
A565 : FFEDFFF1;
A566 : FFEFFFF2;
A567 : FFF3FFEF;
A568 : FFEEFFF2;
A569 : FFF0FFF7;
A56A : FFF0FFF0;
A56B : FFF2FFED;
A56C : FFF0FFE9;
A56D : FFF0FFEE;
A56E : FFEDFFEF;
A56F : FFEDFFED;
A570 : FFEBFFEC;
A571 : FFE7FFE8;
A572 : FFEBFFE9;
A573 : FFE8FFE6;
A574 : FFE4FFE7;
A575 : FFE3FFE3;
A576 : FFE1FFE7;
A577 : FFE5FFDF;
A578 : FFE2FFE0;
A579 : FFE4FFE7;
A57A : FFEAFFE4;
A57B : FFE6FFE1;
A57C : FFE6FFE9;
A57D : FFE3FFEA;
A57E : FFE8FFE8;
A57F : FFEAFFE7;
A580 : FFEEFFED;
A581 : FFEFFFEF;
A582 : FFF0FFF3;
A583 : FFF4FFF8;
A584 : FFF7FFF7;
A585 : FFF6FFFA;
A586 : FFFEFFFA;
A587 : FFFBFFFB;
A588 : FFFBFFFD;
A589 : FFFCFFFF;
A58A : 00050001;
A58B : FFFF0006;
A58C : 0001FFFE;
A58D : FFFDFFFD;
A58E : 00060002;
A58F : 00070005;
A590 : FFFE0004;
A591 : 00080009;
A592 : 000C000A;
A593 : 000A0010;
A594 : 000F000E;
A595 : 000E000C;
A596 : 000F000D;
A597 : 000E000F;
A598 : 000C0011;
A599 : 000D000C;
A59A : 000A000E;
A59B : 000D0012;
A59C : 000D0012;
A59D : 00120010;
A59E : 00100012;
A59F : 000B0011;
A5A0 : 0007000B;
A5A1 : 000B0006;
A5A2 : 00100007;
A5A3 : 0005000D;
A5A4 : 000A0008;
A5A5 : 000B0009;
A5A6 : 00070006;
A5A7 : 0008000C;
A5A8 : 00090009;
A5A9 : 000B000D;
A5AA : 00090009;
A5AB : 000A0009;
A5AC : 000D000D;
A5AD : 000A000B;
A5AE : 000B0009;
A5AF : 0008000D;
A5B0 : 0009000B;
A5B1 : 0010000E;
A5B2 : 00090008;
A5B3 : 0009000A;
A5B4 : 00060006;
A5B5 : 00080008;
A5B6 : 00060005;
A5B7 : 00020006;
A5B8 : 00050009;
A5B9 : 00020001;
A5BA : 00010001;
A5BB : 00010000;
A5BC : 00000000;
A5BD : FFF9FFFF;
A5BE : FFFE0002;
A5BF : FFFEFFFD;
A5C0 : 00000001;
A5C1 : 0000FFFE;
A5C2 : FFF9FFFF;
A5C3 : FFFF0006;
A5C4 : 00020001;
A5C5 : 00060005;
A5C6 : 00070006;
A5C7 : 00040005;
A5C8 : 00030008;
A5C9 : 00060008;
A5CA : 00070009;
A5CB : 000C0009;
A5CC : 0010000B;
A5CD : 000D000C;
A5CE : 00070008;
A5CF : 0008000C;
A5D0 : 000D000A;
A5D1 : 000B000C;
A5D2 : 000B000D;
A5D3 : 0009000D;
A5D4 : 000C000F;
A5D5 : 000C0015;
A5D6 : 0013000E;
A5D7 : 00130013;
A5D8 : 00140012;
A5D9 : 0011000D;
A5DA : 00150010;
A5DB : 00190015;
A5DC : 00110016;
A5DD : 000F0018;
A5DE : 00160010;
A5DF : 00150011;
A5E0 : 00160018;
A5E1 : 0014001D;
A5E2 : 0017001A;
A5E3 : 001D001A;
A5E4 : 001A001F;
A5E5 : 001B001C;
A5E6 : 00190019;
A5E7 : 00190018;
A5E8 : 0019001A;
A5E9 : 00190015;
A5EA : 00190018;
A5EB : 00180010;
A5EC : 00140014;
A5ED : 00130015;
A5EE : 00110014;
A5EF : 00100010;
A5F0 : 00120013;
A5F1 : 00110010;
A5F2 : 0013000C;
A5F3 : 000E000E;
A5F4 : 000D000E;
A5F5 : 000D000F;
A5F6 : 000B000B;
A5F7 : 0009000B;
A5F8 : 000B0009;
A5F9 : 0008000C;
A5FA : 00070009;
A5FB : 00040004;
A5FC : 00050006;
A5FD : 0009000B;
A5FE : 00050008;
A5FF : 000B0007;
A600 : 00070008;
A601 : 00080009;
A602 : 00070009;
A603 : 000C000B;
A604 : 000D000D;
A605 : 000A0009;
A606 : 000E0011;
A607 : 0008000C;
A608 : 0004000C;
A609 : 000B0009;
A60A : 000C0006;
A60B : 00080004;
A60C : 00050007;
A60D : FFFE0002;
A60E : FFFF0001;
A60F : FFFEFFFC;
A610 : FFFDFFFF;
A611 : 0000FFF9;
A612 : FFFCFFFE;
A613 : FFFEFFF8;
A614 : FFF8FFFA;
A615 : FFF7FFF5;
A616 : FFF7FFF6;
A617 : FFF7FFFD;
A618 : FFFBFFFB;
A619 : FFF8FFF5;
A61A : FFFAFFFA;
A61B : FFF7FFF8;
A61C : FFF9FFFA;
A61D : FFFAFFFC;
A61E : FFF9FFF7;
A61F : FFFCFFFA;
A620 : FFF7FFFD;
A621 : FFF9FFFC;
A622 : FFFDFFF8;
A623 : FFF7FFFA;
A624 : FFFAFFFE;
A625 : FFFBFFFA;
A626 : FFFCFFFA;
A627 : FFFAFFF9;
A628 : FFF7FFFF;
A629 : FFF7FFFB;
A62A : FFFAFFF6;
A62B : FFFEFFF7;
A62C : FFF5FFF8;
A62D : FFF4FFFE;
A62E : FFF6FFF7;
A62F : FFF9FFF8;
A630 : FFF8FFF6;
A631 : FFF6FFF7;
A632 : FFF3FFF4;
A633 : FFF7FFF3;
A634 : FFF8FFF4;
A635 : FFF4FFF7;
A636 : FFF9FFF6;
A637 : FFF1FFF5;
A638 : FFF2FFF4;
A639 : FFF5FFF4;
A63A : FFF4FFF4;
A63B : FFF3FFF7;
A63C : FFF1FFF6;
A63D : FFF2FFF0;
A63E : FFF4FFED;
A63F : FFECFFED;
A640 : FFEFFFF3;
A641 : FFECFFED;
A642 : FFEFFFF4;
A643 : FFF1FFF3;
A644 : FFF3FFF0;
A645 : FFF0FFF0;
A646 : FFF5FFF7;
A647 : FFF1FFF8;
A648 : FFF7FFFA;
A649 : FFF4FFF4;
A64A : FFFBFFFA;
A64B : FFF9FFFC;
A64C : FFFBFFFE;
A64D : FFFBFFFD;
A64E : FFFFFFFF;
A64F : FFF9FFFF;
A650 : 00010001;
A651 : FFFEFFFD;
A652 : FFFBFFFF;
A653 : 00020001;
A654 : FFFE0006;
A655 : 0000FFFF;
A656 : 0000FFFF;
A657 : FFFF0001;
A658 : 0001FFFF;
A659 : 00030001;
A65A : 00030003;
A65B : 00000007;
A65C : FFFEFFFF;
A65D : FFFFFFFE;
A65E : 00040002;
A65F : 00030004;
A660 : 00010008;
A661 : 00080007;
A662 : 00090003;
A663 : 00040000;
A664 : 00050005;
A665 : 00020005;
A666 : 00020002;
A667 : 00000007;
A668 : 00040001;
A669 : 00020000;
A66A : 00020001;
A66B : FFFF0008;
A66C : FFFEFFFF;
A66D : FFF90004;
A66E : FFFE0003;
A66F : FFFF0002;
A670 : 00070001;
A671 : 00040001;
A672 : 0000FFFD;
A673 : 00020001;
A674 : 00070002;
A675 : FFFDFFFE;
A676 : FFFF0000;
A677 : FFFE0000;
A678 : 0002FFFF;
A679 : FFFF0000;
A67A : FFFD0003;
A67B : 00030000;
A67C : 0001FFFD;
A67D : FFFCFFFF;
A67E : FFFC0003;
A67F : FFFBFFFB;
A680 : FFFBFFFC;
A681 : FFFBFFFB;
A682 : FFF9FFF8;
A683 : FFF5FFF4;
A684 : FFFAFFF8;
A685 : FFF6FFF6;
A686 : FFF8FFF7;
A687 : FFF6FFFB;
A688 : FFF7FFF3;
A689 : FFF8FFF6;
A68A : FFF7FFF8;
A68B : FFF8FFF7;
A68C : FFF9FFFD;
A68D : FFFAFFFA;
A68E : 0001FFF8;
A68F : FFF7FFFD;
A690 : FFFAFFFC;
A691 : FFFFFFFC;
A692 : FFFDFFF9;
A693 : FFFCFFFB;
A694 : FFFAFFFE;
A695 : FFF8FFF5;
A696 : FFF9FFF8;
A697 : FFF4FFF7;
A698 : FFF8FFFE;
A699 : FFF8FFF8;
A69A : FFFCFFFA;
A69B : FFFD0000;
A69C : FFFBFFFE;
A69D : 0000FFFC;
A69E : FFFE0003;
A69F : 00010001;
A6A0 : 00040008;
A6A1 : 00010003;
A6A2 : 00060006;
A6A3 : 00030005;
A6A4 : 0007000B;
A6A5 : 00050008;
A6A6 : 000D0009;
A6A7 : 0009000B;
A6A8 : 0009000B;
A6A9 : 000A000D;
A6AA : 0008000A;
A6AB : 000A000B;
A6AC : 000A000D;
A6AD : 000D0008;
A6AE : 00060005;
A6AF : 00030008;
A6B0 : 00030008;
A6B1 : 00050007;
A6B2 : 00090005;
A6B3 : 00080008;
A6B4 : 00050005;
A6B5 : 0004000B;
A6B6 : 000A0005;
A6B7 : 00060007;
A6B8 : 00040006;
A6B9 : 00020005;
A6BA : 00050005;
A6BB : 00090002;
A6BC : 00030007;
A6BD : 00040003;
A6BE : 0003FFFF;
A6BF : 00010001;
A6C0 : FFFD0001;
A6C1 : FFFE0003;
A6C2 : 00020000;
A6C3 : 0000FFFE;
A6C4 : 00030009;
A6C5 : 00000002;
A6C6 : 00020001;
A6C7 : 0004FFFF;
A6C8 : 00050004;
A6C9 : 00000004;
A6CA : 00040003;
A6CB : 00030001;
A6CC : 00060002;
A6CD : 00000002;
A6CE : 00010000;
A6CF : 00020003;
A6D0 : FFFF0002;
A6D1 : 0000FFFA;
A6D2 : FFFD0000;
A6D3 : FFFFFFFB;
A6D4 : FFFEFFFF;
A6D5 : FFFCFFFB;
A6D6 : FFFCFFFB;
A6D7 : FFFBFFFC;
A6D8 : FFF4FFFB;
A6D9 : FFF5FFF9;
A6DA : FFF8FFFB;
A6DB : FFFCFFF8;
A6DC : FFFCFFF9;
A6DD : FFFAFFFB;
A6DE : FFFFFFFA;
A6DF : FFF7FFF7;
A6E0 : FFF7FFFB;
A6E1 : FFFAFFF5;
A6E2 : FFF5FFF7;
A6E3 : FFFAFFF9;
A6E4 : FFF6FFFC;
A6E5 : FFF9FFFC;
A6E6 : FFFFFFFC;
A6E7 : FFFEFFFB;
A6E8 : FFF8FFFD;
A6E9 : FFFAFFFE;
A6EA : FFF9FFFC;
A6EB : FFFBFFF8;
A6EC : FFFEFFFD;
A6ED : FFFAFFFA;
A6EE : FFFBFFFC;
A6EF : FFFCFFF5;
A6F0 : FFF7FFFC;
A6F1 : FFF9FFFA;
A6F2 : FFF4FFFB;
A6F3 : FFF9FFF3;
A6F4 : FFF4FFF5;
A6F5 : FFF3FFF5;
A6F6 : FFF5FFF3;
A6F7 : FFF5FFF5;
A6F8 : FFF1FFF6;
A6F9 : FFF3FFF3;
A6FA : FFF3FFF3;
A6FB : FFF2FFED;
A6FC : FFEFFFF3;
A6FD : FFEDFFF0;
A6FE : FFF0FFEE;
A6FF : FFF0FFF3;
A700 : FFEEFFEF;
A701 : FFEDFFEC;
A702 : FFEEFFE9;
A703 : FFE8FFEF;
A704 : FFECFFEB;
A705 : FFEAFFED;
A706 : FFEAFFE3;
A707 : FFEAFFE4;
A708 : FFEAFFEA;
A709 : FFECFFF2;
A70A : FFEAFFEB;
A70B : FFE8FFE7;
A70C : FFEAFFED;
A70D : FFEAFFF0;
A70E : FFEBFFE8;
A70F : FFF0FFEF;
A710 : FFEEFFF1;
A711 : FFF3FFF5;
A712 : FFF3FFF6;
A713 : FFF2FFF3;
A714 : FFF4FFF8;
A715 : FFEFFFF2;
A716 : FFF9FFF6;
A717 : FFF5FFF2;
A718 : FFF2FFF9;
A719 : FFF9FFF5;
A71A : FFF2FFF3;
A71B : FFF5FFF6;
A71C : FFF9FFF9;
A71D : FFFAFFF5;
A71E : FFFBFFF6;
A71F : FFF7FFFA;
A720 : FFFAFFFB;
A721 : FFF9FFF9;
A722 : FFFBFFFF;
A723 : FFF9FFFE;
A724 : FFFC0003;
A725 : 0001FFFC;
A726 : 0004FFFE;
A727 : 00030004;
A728 : 00010002;
A729 : 00040002;
A72A : 00090004;
A72B : 00050008;
A72C : 00040006;
A72D : 00010006;
A72E : 00010004;
A72F : FFFF0000;
A730 : 00000003;
A731 : FFFE0000;
A732 : 0000FFFC;
A733 : 0000FFFF;
A734 : FFFDFFFD;
A735 : FFF8FFFD;
A736 : FFFCFFFE;
A737 : FFFE0000;
A738 : FFF9FFFE;
A739 : 0001FFFC;
A73A : FFFC0000;
A73B : FFFEFFFC;
A73C : FFFDFFFD;
A73D : 0001FFFF;
A73E : FFFBFFF9;
A73F : FFFE0003;
A740 : FFFEFFFE;
A741 : FFFFFFFD;
A742 : 0000FFFE;
A743 : 00000003;
A744 : 00040001;
A745 : 00000005;
A746 : FFFD0006;
A747 : 0000FFFB;
A748 : 00030000;
A749 : 00000001;
A74A : 00020000;
A74B : 00030000;
A74C : 00040003;
A74D : 00000002;
A74E : 0003FFFF;
A74F : 00060003;
A750 : 00020001;
A751 : 0001FFFF;
A752 : 00050002;
A753 : 00020005;
A754 : 00050009;
A755 : 00020001;
A756 : 00050003;
A757 : 00060006;
A758 : 00040008;
A759 : 00030008;
A75A : 0008000F;
A75B : 000A000A;
A75C : 000E000E;
A75D : 000F000C;
A75E : 000D000C;
A75F : 000E000C;
A760 : 00100010;
A761 : 000C0010;
A762 : 000E000E;
A763 : 00180017;
A764 : 00110014;
A765 : 00150016;
A766 : 00120012;
A767 : 00170017;
A768 : 0014001C;
A769 : 0018001A;
A76A : 00160019;
A76B : 001C0019;
A76C : 00160018;
A76D : 0018001B;
A76E : 00170017;
A76F : 0015001A;
A770 : 00170017;
A771 : 00160017;
A772 : 001B0015;
A773 : 00150017;
A774 : 00130013;
A775 : 000E0018;
A776 : 00130010;
A777 : 00100010;
A778 : 000E000C;
A779 : 00070006;
A77A : 00080007;
A77B : 00050005;
A77C : 00030008;
A77D : 00060004;
A77E : 00050002;
A77F : 00010002;
A780 : FFFF0001;
A781 : FFFD0005;
A782 : 00030001;
A783 : FFFAFFFD;
A784 : FFFEFFFE;
A785 : FFFCFFFE;
A786 : FFFF0002;
A787 : FFFDFFFF;
A788 : FFFDFFFE;
A789 : FFFEFFFE;
A78A : FFF8FFFC;
A78B : FFFCFFFA;
A78C : FFFDFFFD;
A78D : FFF5FFF8;
A78E : FFFBFFFD;
A78F : FFF9FFFD;
A790 : FFF8FFF8;
A791 : FFFEFFFA;
A792 : FFFCFFFF;
A793 : FFFBFFFE;
A794 : FFFEFFFD;
A795 : 0000FFFD;
A796 : FFFCFFFB;
A797 : FFFBFFFE;
A798 : FFFAFFFB;
A799 : FFFCFFFF;
A79A : FFFDFFFA;
A79B : FFF9FFFC;
A79C : FFFCFFF9;
A79D : FFFCFFFB;
A79E : FFF9FFFB;
A79F : FFFAFFFC;
A7A0 : FFFCFFFE;
A7A1 : FFFCFFFB;
A7A2 : 0000FFFF;
A7A3 : FFFB0000;
A7A4 : 00020001;
A7A5 : FFFF0005;
A7A6 : 0001FFFD;
A7A7 : 00010003;
A7A8 : 00040003;
A7A9 : 00070003;
A7AA : 00000005;
A7AB : 0001000A;
A7AC : 00060000;
A7AD : 000A0002;
A7AE : 00050007;
A7AF : 0007000A;
A7B0 : 0006000A;
A7B1 : 00080002;
A7B2 : 00060005;
A7B3 : 00080005;
A7B4 : 00070008;
A7B5 : 000C000A;
A7B6 : 00050008;
A7B7 : 00070004;
A7B8 : FFFD0001;
A7B9 : 00010003;
A7BA : 00000002;
A7BB : FFFF0001;
A7BC : FFFE0000;
A7BD : 00010002;
A7BE : 00010003;
A7BF : FFFF0000;
A7C0 : FFFEFFFD;
A7C1 : FFFFFFFF;
A7C2 : FFFDFFFF;
A7C3 : FFFD0001;
A7C4 : FFFEFFFC;
A7C5 : 0001FFFD;
A7C6 : FFFCFFFB;
A7C7 : FFF8FFFA;
A7C8 : FFF5FFF7;
A7C9 : FFF4FFF8;
A7CA : FFF7FFF6;
A7CB : FFF6FFF4;
A7CC : FFF6FFF6;
A7CD : FFF4FFF2;
A7CE : FFF2FFF6;
A7CF : FFF0FFF0;
A7D0 : FFF0FFF1;
A7D1 : FFEFFFF1;
A7D2 : FFF2FFF0;
A7D3 : FFF0FFEE;
A7D4 : FFEEFFED;
A7D5 : FFEFFFEE;
A7D6 : FFECFFEE;
A7D7 : FFEDFFF1;
A7D8 : FFEAFFF1;
A7D9 : FFF2FFF3;
A7DA : FFF7FFF7;
A7DB : FFF4FFF3;
A7DC : FFF6FFF1;
A7DD : FFF5FFF6;
A7DE : FFF4FFF6;
A7DF : FFF3FFF2;
A7E0 : FFF3FFF2;
A7E1 : FFF3FFF8;
A7E2 : FFF6FFF6;
A7E3 : FFF8FFF7;
A7E4 : FFF4FFF6;
A7E5 : FFF7FFF5;
A7E6 : FFF6FFF5;
A7E7 : FFFCFFF8;
A7E8 : FFF4FFFC;
A7E9 : FFFBFFF7;
A7EA : FFFCFFFE;
A7EB : FFFAFFFB;
A7EC : 0000FFFA;
A7ED : FFFBFFFC;
A7EE : FFF7FFFF;
A7EF : FFFEFFFB;
A7F0 : FFF8FFFE;
A7F1 : FFFBFFF8;
A7F2 : FFFAFFFB;
A7F3 : FFFDFFFD;
A7F4 : FFFCFFFA;
A7F5 : FFF9FFFA;
A7F6 : FFF7FFFA;
A7F7 : FFFDFFFA;
A7F8 : FFFAFFFC;
A7F9 : FFFBFFF9;
A7FA : FFF7FFF8;
A7FB : FFFAFFF9;
A7FC : FFF9FFF8;
A7FD : FFFBFFFB;
A7FE : FFFCFFFA;
A7FF : FFF6FFFE;
A800 : FFF9FFFD;
A801 : FFFEFFF9;
A802 : FFFDFFF9;
A803 : FFF7FFF9;
A804 : FFFD0000;
A805 : FFF9FFFB;
A806 : FFFCFFFA;
A807 : FFFBFFFD;
A808 : FFFAFFFD;
A809 : FFFBFFF8;
A80A : FFF6FFFE;
A80B : FFF9FFFE;
A80C : FFF9FFFA;
A80D : FFFCFFF9;
A80E : FFF9FFFA;
A80F : FFF8FFFA;
A810 : FFFBFFF4;
A811 : FFF9FFF4;
A812 : FFF5FFF7;
A813 : FFEFFFF4;
A814 : FFF2FFEF;
A815 : FFEFFFEF;
A816 : FFEEFFEC;
A817 : FFEFFFF0;
A818 : FFEFFFED;
A819 : FFEBFFEB;
A81A : FFEFFFEF;
A81B : FFEFFFED;
A81C : FFECFFEC;
A81D : FFEEFFED;
A81E : FFF2FFF1;
A81F : FFECFFEE;
A820 : FFEEFFF2;
A821 : FFF0FFEE;
A822 : FFEFFFF2;
A823 : FFF2FFEE;
A824 : FFF2FFF5;
A825 : FFF8FFF7;
A826 : FFF6FFF8;
A827 : FFF1FFF7;
A828 : FFFAFFF7;
A829 : FFFAFFFC;
A82A : FFFFFFF9;
A82B : FFFC0000;
A82C : 00020005;
A82D : 00000004;
A82E : 000A0009;
A82F : 000A000D;
A830 : 00100014;
A831 : 000F0015;
A832 : 00150014;
A833 : 00150012;
A834 : 00190015;
A835 : 0016001A;
A836 : 00180017;
A837 : 001A001A;
A838 : 001B0021;
A839 : 001F001C;
A83A : 00200020;
A83B : 001B0020;
A83C : 0020001C;
A83D : 001A001D;
A83E : 001F001B;
A83F : 00190017;
A840 : 00180016;
A841 : 00130018;
A842 : 00120014;
A843 : 00160016;
A844 : 00140012;
A845 : 00120013;
A846 : 00160010;
A847 : 000B0014;
A848 : 000E0010;
A849 : 00110013;
A84A : 000C000C;
A84B : 00130011;
A84C : 000D000F;
A84D : 0010000A;
A84E : 000A000A;
A84F : 00090007;
A850 : 0005000A;
A851 : 00080006;
A852 : 00070003;
A853 : 00070001;
A854 : 00010006;
A855 : 00020002;
A856 : 00010007;
A857 : 0001FFFF;
A858 : FFFE0000;
A859 : FFFBFFFE;
A85A : 00010001;
A85B : 00030003;
A85C : 00010008;
A85D : FFFF0004;
A85E : 00060001;
A85F : 00020003;
A860 : 00020003;
A861 : 00060000;
A862 : 00020003;
A863 : 00040009;
A864 : 00050002;
A865 : 0005000A;
A866 : 00040001;
A867 : 00060007;
A868 : 00050009;
A869 : 00050008;
A86A : 00050005;
A86B : 00050005;
A86C : 000A0009;
A86D : 00060005;
A86E : 00060006;
A86F : 00090007;
A870 : 00020008;
A871 : 0006000A;
A872 : 00080006;
A873 : 0006000B;
A874 : 000A000B;
A875 : 0009000D;
A876 : 000B0009;
A877 : 000E000C;
A878 : 000A000C;
A879 : 000E0013;
A87A : 00100008;
A87B : 000B000A;
A87C : 000B000A;
A87D : 000B000C;
A87E : 000C0009;
A87F : 000E0007;
A880 : 0004000A;
A881 : 00080008;
A882 : 00040005;
A883 : 00040005;
A884 : 00040004;
A885 : 00010006;
A886 : 00010002;
A887 : 00070002;
A888 : 0000FFFF;
A889 : FFFE0003;
A88A : FFFE0001;
A88B : FFFDFFFF;
A88C : 00010001;
A88D : FFFCFFFC;
A88E : FFFDFFF7;
A88F : FFFAFFF6;
A890 : FFF3FFF6;
A891 : FFF5FFF5;
A892 : FFEFFFF3;
A893 : FFF4FFEE;
A894 : FFF0FFEE;
A895 : FFEEFFF1;
A896 : FFEBFFF2;
A897 : FFF1FFE9;
A898 : FFE9FFEB;
A899 : FFECFFE9;
A89A : FFE7FFE3;
A89B : FFE5FFE5;
A89C : FFE8FFEB;
A89D : FFE8FFE7;
A89E : FFEDFFEA;
A89F : FFE8FFE9;
A8A0 : FFEBFFEB;
A8A1 : FFEBFFEC;
A8A2 : FFEBFFE9;
A8A3 : FFEAFFEA;
A8A4 : FFE9FFE8;
A8A5 : FFF0FFEA;
A8A6 : FFE8FFEB;
A8A7 : FFE9FFE8;
A8A8 : FFEDFFEC;
A8A9 : FFE2FFE6;
A8AA : FFE4FFEC;
A8AB : FFEBFFEB;
A8AC : FFEBFFEB;
A8AD : FFE9FFEE;
A8AE : FFEBFFEB;
A8AF : FFEEFFEC;
A8B0 : FFE9FFE9;
A8B1 : FFEFFFE8;
A8B2 : FFE6FFEB;
A8B3 : FFEAFFEA;
A8B4 : FFEDFFF0;
A8B5 : FFEDFFED;
A8B6 : FFEBFFF0;
A8B7 : FFECFFF3;
A8B8 : FFEBFFEC;
A8B9 : FFE9FFEC;
A8BA : FFF0FFED;
A8BB : FFECFFEA;
A8BC : FFEAFFE8;
A8BD : FFE6FFE7;
A8BE : FFE6FFE6;
A8BF : FFE3FFE4;
A8C0 : FFE5FFE5;
A8C1 : FFE0FFE1;
A8C2 : FFE0FFDD;
A8C3 : FFDAFFE0;
A8C4 : FFDFFFE2;
A8C5 : FFDFFFE4;
A8C6 : FFDFFFDD;
A8C7 : FFDCFFE0;
A8C8 : FFDEFFDF;
A8C9 : FFE1FFDE;
A8CA : FFDCFFE1;
A8CB : FFDFFFE1;
A8CC : FFDEFFDC;
A8CD : FFDEFFDF;
A8CE : FFDEFFDF;
A8CF : FFE1FFE0;
A8D0 : FFE0FFE1;
A8D1 : FFE0FFE1;
A8D2 : FFE0FFE0;
A8D3 : FFE0FFE0;
A8D4 : FFE2FFE3;
A8D5 : FFDFFFE6;
A8D6 : FFE3FFE5;
A8D7 : FFE4FFE5;
A8D8 : FFE2FFE3;
A8D9 : FFDFFFE0;
A8DA : FFE3FFE6;
A8DB : FFE4FFE5;
A8DC : FFE5FFE5;
A8DD : FFE0FFE6;
A8DE : FFE4FFE6;
A8DF : FFE5FFE4;
A8E0 : FFEBFFE7;
A8E1 : FFE6FFEA;
A8E2 : FFEBFFEB;
A8E3 : FFEBFFEB;
A8E4 : FFEBFFEF;
A8E5 : FFEFFFF5;
A8E6 : FFEFFFF3;
A8E7 : FFF2FFF1;
A8E8 : FFF2FFF0;
A8E9 : FFF6FFF4;
A8EA : FFF5FFF4;
A8EB : FFEFFFF4;
A8EC : FFF6FFFB;
A8ED : FFF8FFFA;
A8EE : FFF9FFFD;
A8EF : FFFDFFFB;
A8F0 : FFFFFFFE;
A8F1 : FFFB0000;
A8F2 : FFFE0003;
A8F3 : 00080005;
A8F4 : 00030005;
A8F5 : 0009000A;
A8F6 : 000C0009;
A8F7 : 0009000E;
A8F8 : 000F0015;
A8F9 : 00110012;
A8FA : 00110013;
A8FB : 00100013;
A8FC : 00150012;
A8FD : 00140013;
A8FE : 00150012;
A8FF : 00160013;
A900 : 00140018;
A901 : 00130013;
A902 : 00150015;
A903 : 00160011;
A904 : 0017001A;
A905 : 00140016;
A906 : 00100013;
A907 : 00110015;
A908 : 00120016;
A909 : 00140011;
A90A : 000F000E;
A90B : 00110013;
A90C : 00100013;
A90D : 00130017;
A90E : 001B0015;
A90F : 00110012;
A910 : 00140015;
A911 : 000F0013;
A912 : 000F0011;
A913 : 0012000D;
A914 : 000F0010;
A915 : 00100013;
A916 : 0010000D;
A917 : 000C000F;
A918 : 000C000B;
A919 : 000D000B;
A91A : 000B000F;
A91B : 000B000E;
A91C : 000B0010;
A91D : 000D000F;
A91E : 000E000C;
A91F : 000B000F;
A920 : 0009000B;
A921 : 000E000E;
A922 : 00130015;
A923 : 00120011;
A924 : 00150019;
A925 : 00170018;
A926 : 00170015;
A927 : 00180017;
A928 : 00170016;
A929 : 00140014;
A92A : 00110013;
A92B : 00170017;
A92C : 00170016;
A92D : 00140017;
A92E : 00170012;
A92F : 00140014;
A930 : 00130018;
A931 : 00130014;
A932 : 00110018;
A933 : 00140015;
A934 : 00160013;
A935 : 00130011;
A936 : 00130014;
A937 : 00110015;
A938 : 00150014;
A939 : 00100014;
A93A : 00150011;
A93B : 00150014;
A93C : 0016001A;
A93D : 00140016;
A93E : 00150015;
A93F : 00110013;
A940 : 00160015;
A941 : 00110014;
A942 : 00160014;
A943 : 000F0014;
A944 : 00120013;
A945 : 00110012;
A946 : 00120013;
A947 : 00110012;
A948 : 000D000E;
A949 : 000E000B;
A94A : 000D000D;
A94B : 0008000F;
A94C : 000C0009;
A94D : 0009000B;
A94E : 000D000A;
A94F : 00090009;
A950 : 00080008;
A951 : 00050008;
A952 : 00080004;
A953 : 00070007;
A954 : 00000003;
A955 : FFFF0000;
A956 : FFFFFFFD;
A957 : 0001FFFC;
A958 : FFFCFFFC;
A959 : FFFAFFF9;
A95A : FFFAFFFB;
A95B : FFFAFFF8;
A95C : FFF5FFF6;
A95D : FFF2FFF3;
A95E : FFF0FFF4;
A95F : FFF1FFF0;
A960 : FFECFFEE;
A961 : FFECFFE7;
A962 : FFEEFFEC;
A963 : FFEEFFEB;
A964 : FFECFFE9;
A965 : FFEAFFED;
A966 : FFEAFFED;
A967 : FFEEFFF0;
A968 : FFEBFFEE;
A969 : FFEEFFEA;
A96A : FFEEFFF4;
A96B : FFF1FFF3;
A96C : FFF3FFF3;
A96D : FFF3FFF4;
A96E : FFFBFFF7;
A96F : FFF6FFFB;
A970 : FFF4FFF8;
A971 : FFF9FFFC;
A972 : FFFAFFFD;
A973 : FFFAFFFE;
A974 : FFFFFFFD;
A975 : FFFEFFFD;
A976 : 0002FFFF;
A977 : 00000000;
A978 : FFFD0003;
A979 : FFFD0000;
A97A : FFFE0000;
A97B : 0002FFFF;
A97C : 00040002;
A97D : 0001FFFD;
A97E : 00010000;
A97F : 00010004;
A980 : 00010002;
A981 : FFFD0000;
A982 : FFFE0000;
A983 : 00050002;
A984 : FFFFFFFC;
A985 : FFFF0000;
A986 : FFFCFFFD;
A987 : FFF9FFFF;
A988 : FFF9FFF9;
A989 : FFF9FFFB;
A98A : FFFAFFF9;
A98B : FFFCFFF7;
A98C : FFF9FFFD;
A98D : FFF4FFFB;
A98E : FFF9FFF5;
A98F : FFF8FFF4;
A990 : FFF3FFF8;
A991 : FFF7FFF6;
A992 : FFF6FFF5;
A993 : FFF1FFF2;
A994 : FFF2FFF1;
A995 : FFEEFFF1;
A996 : FFF0FFF2;
A997 : FFEEFFF0;
A998 : FFF1FFF0;
A999 : FFF0FFF4;
A99A : FFF2FFF6;
A99B : FFF6FFF1;
A99C : FFF5FFF3;
A99D : FFEEFFF1;
A99E : FFF7FFF6;
A99F : FFF3FFF3;
A9A0 : FFEEFFF3;
A9A1 : FFF0FFF0;
A9A2 : FFF1FFF0;
A9A3 : FFF0FFF0;
A9A4 : FFF1FFF1;
A9A5 : FFF0FFF2;
A9A6 : FFF2FFF5;
A9A7 : FFF4FFF7;
A9A8 : FFF7FFF9;
A9A9 : FFF9FFF9;
A9AA : FFFCFFFF;
A9AB : FFFEFFFF;
A9AC : 00020006;
A9AD : FFFE0003;
A9AE : 00030005;
A9AF : 00070002;
A9B0 : 00050006;
A9B1 : 00030008;
A9B2 : 00050005;
A9B3 : 00010008;
A9B4 : 00050000;
A9B5 : 00050003;
A9B6 : 00030006;
A9B7 : FFFD0003;
A9B8 : FFFF0003;
A9B9 : 00030004;
A9BA : 00040005;
A9BB : 00050006;
A9BC : 00030004;
A9BD : 00090009;
A9BE : 000A000B;
A9BF : 000B000A;
A9C0 : 0002000F;
A9C1 : 000D0008;
A9C2 : 000D0009;
A9C3 : 00060008;
A9C4 : 00080009;
A9C5 : 0008000A;
A9C6 : 00070007;
A9C7 : 00080007;
A9C8 : 00050002;
A9C9 : 00060001;
A9CA : 00030005;
A9CB : 00010003;
A9CC : FFFF0000;
A9CD : FFFEFFF9;
A9CE : FFFCFFF8;
A9CF : FFF9FFF8;
A9D0 : FFF7FFF9;
A9D1 : FFFAFFF9;
A9D2 : FFF8FFF9;
A9D3 : FFF7FFF7;
A9D4 : FFF4FFF7;
A9D5 : FFF6FFF5;
A9D6 : FFFBFFF5;
A9D7 : FFF7FFF7;
A9D8 : FFF4FFF8;
A9D9 : FFF6FFF4;
A9DA : FFF2FFF3;
A9DB : FFF2FFF2;
A9DC : FFF3FFF2;
A9DD : FFEFFFEF;
A9DE : FFEBFFED;
A9DF : FFEBFFEC;
A9E0 : FFE9FFEB;
A9E1 : FFEDFFEB;
A9E2 : FFEBFFEC;
A9E3 : FFEAFFE9;
A9E4 : FFEBFFE7;
A9E5 : FFEAFFEC;
A9E6 : FFECFFEF;
A9E7 : FFEBFFEE;
A9E8 : FFF2FFF0;
A9E9 : FFECFFF1;
A9EA : FFF1FFEE;
A9EB : FFEFFFF2;
A9EC : FFEDFFEF;
A9ED : FFEFFFF3;
A9EE : FFF5FFF2;
A9EF : FFF6FFF7;
A9F0 : FFF2FFF6;
A9F1 : FFF3FFF1;
A9F2 : FFF4FFF0;
A9F3 : FFF3FFF4;
A9F4 : FFF1FFF3;
A9F5 : FFF1FFF8;
A9F6 : FFEFFFF5;
A9F7 : FFF2FFF1;
A9F8 : FFF0FFF0;
A9F9 : FFEFFFF4;
A9FA : FFF0FFF3;
A9FB : FFF1FFF0;
A9FC : FFF4FFEE;
A9FD : FFF1FFEE;
A9FE : FFF0FFEE;
A9FF : FFEEFFEF;
AA00 : FFF0FFF0;
AA01 : FFEEFFF1;
AA02 : FFF0FFEE;
AA03 : FFEAFFEE;
AA04 : FFE8FFEE;
AA05 : FFEDFFF2;
AA06 : FFF1FFF1;
AA07 : FFECFFF0;
AA08 : FFF1FFF0;
AA09 : FFEFFFF4;
AA0A : FFEFFFEF;
AA0B : FFEEFFEC;
AA0C : FFECFFEE;
AA0D : FFEEFFF3;
AA0E : FFEFFFF2;
AA0F : FFF0FFF0;
AA10 : FFF3FFEF;
AA11 : FFF0FFF2;
AA12 : FFF2FFF4;
AA13 : FFEEFFF5;
AA14 : FFEFFFF6;
AA15 : FFF3FFF6;
AA16 : FFF6FFF8;
AA17 : FFF3FFF9;
AA18 : FFF7FFF8;
AA19 : FFF8FFF5;
AA1A : FFF5FFF1;
AA1B : FFF3FFF2;
AA1C : FFF5FFF5;
AA1D : FFF2FFF9;
AA1E : FFF3FFF3;
AA1F : FFF2FFF0;
AA20 : FFEEFFF2;
AA21 : FFF0FFF4;
AA22 : FFEFFFF0;
AA23 : FFF0FFF1;
AA24 : FFF3FFF4;
AA25 : FFEEFFF2;
AA26 : FFF1FFF3;
AA27 : FFF3FFF2;
AA28 : FFF2FFF5;
AA29 : FFF0FFEF;
AA2A : FFEFFFF1;
AA2B : FFF0FFF2;
AA2C : FFF4FFF3;
AA2D : FFF1FFF4;
AA2E : FFF5FFF4;
AA2F : FFF9FFF4;
AA30 : FFF6FFF7;
AA31 : FFF7FFF7;
AA32 : FFFBFFFE;
AA33 : FFFB0001;
AA34 : FFFE0004;
AA35 : 00010003;
AA36 : 00030005;
AA37 : 00080006;
AA38 : 0006000B;
AA39 : 000A000C;
AA3A : 000A000E;
AA3B : 000E000F;
AA3C : 00110016;
AA3D : 00100019;
AA3E : 00170018;
AA3F : 00190016;
AA40 : 0017001A;
AA41 : 001C001B;
AA42 : 001F001D;
AA43 : 001A0022;
AA44 : 001F0023;
AA45 : 001F0020;
AA46 : 0025001F;
AA47 : 00200023;
AA48 : 001F0022;
AA49 : 00260024;
AA4A : 00230025;
AA4B : 00200025;
AA4C : 00220022;
AA4D : 001E0020;
AA4E : 001F0020;
AA4F : 001F0020;
AA50 : 001B001E;
AA51 : 0020001B;
AA52 : 001A001D;
AA53 : 001B001A;
AA54 : 001C0018;
AA55 : 001B001E;
AA56 : 001A001E;
AA57 : 00170019;
AA58 : 0016001A;
AA59 : 001C001C;
AA5A : 001C001C;
AA5B : 001C001A;
AA5C : 001B001A;
AA5D : 001A0017;
AA5E : 00190019;
AA5F : 00190016;
AA60 : 00150015;
AA61 : 00140015;
AA62 : 00170018;
AA63 : 00170011;
AA64 : 0014000F;
AA65 : 000B0010;
AA66 : 000C000F;
AA67 : 0008000E;
AA68 : 0008000D;
AA69 : 00090007;
AA6A : 00060008;
AA6B : 0007000A;
AA6C : 00000002;
AA6D : 00030008;
AA6E : 00070004;
AA6F : 00080003;
AA70 : FFFF0005;
AA71 : 00060004;
AA72 : 00030004;
AA73 : 00080009;
AA74 : 0007000A;
AA75 : 000B000A;
AA76 : 000A0008;
AA77 : 00060009;
AA78 : 00090009;
AA79 : 0008000C;
AA7A : 000D000E;
AA7B : 000E000C;
AA7C : 000B0010;
AA7D : 000E000C;
AA7E : 000D000E;
AA7F : 000F0013;
AA80 : 00100012;
AA81 : 0011000C;
AA82 : 00180016;
AA83 : 00170012;
AA84 : 00130018;
AA85 : 00180019;
AA86 : 00170016;
AA87 : 0017001B;
AA88 : 001A001E;
AA89 : 001B0020;
AA8A : 0020001E;
AA8B : 001E0022;
AA8C : 00220020;
AA8D : 001D0027;
AA8E : 00260023;
AA8F : 00250023;
AA90 : 001F0024;
AA91 : 0022001F;
AA92 : 001B0020;
AA93 : 001D001D;
AA94 : 0022001F;
AA95 : 001F001E;
AA96 : 001C001C;
AA97 : 00200021;
AA98 : 001D001D;
AA99 : 001A001C;
AA9A : 001B001B;
AA9B : 001B001B;
AA9C : 001C001D;
AA9D : 001A0019;
AA9E : 001D001A;
AA9F : 00170015;
AAA0 : 001A0017;
AAA1 : 0019001B;
AAA2 : 00190014;
AAA3 : 00150014;
AAA4 : 00150011;
AAA5 : 00140014;
AAA6 : 00120012;
AAA7 : 000F000B;
AAA8 : 000A0009;
AAA9 : 00090010;
AAAA : 000B000A;
AAAB : 0008000B;
AAAC : 00020001;
AAAD : 0006000A;
AAAE : 000A000A;
AAAF : 0007000A;
AAB0 : 0006000D;
AAB1 : 000A000B;
AAB2 : 000C000B;
AAB3 : 000C0008;
AAB4 : 000D000C;
AAB5 : 00090009;
AAB6 : 0008000A;
AAB7 : 000D000B;
AAB8 : 000A000A;
AAB9 : 000B000C;
AABA : 000B000A;
AABB : 000C0008;
AABC : 0007000E;
AABD : 000E000B;
AABE : 000D0009;
AABF : 000A000E;
AAC0 : 0010000E;
AAC1 : 0009000E;
AAC2 : 0009000B;
AAC3 : 0006000C;
AAC4 : 000F000F;
AAC5 : 000F000D;
AAC6 : 000F000A;
AAC7 : 0009000A;
AAC8 : 000D000C;
AAC9 : 000C000B;
AACA : 0007000C;
AACB : 000C000F;
AACC : 000D000A;
AACD : 000D0011;
AACE : 000D000E;
AACF : 000B000D;
AAD0 : 000B000F;
AAD1 : 000C000A;
AAD2 : 000C0009;
AAD3 : 000C000C;
AAD4 : 000D000C;
AAD5 : 000D000B;
AAD6 : 00080007;
AAD7 : 0008000A;
AAD8 : 00060006;
AAD9 : 00040002;
AADA : 00040005;
AADB : 00090006;
AADC : 00050003;
AADD : 0002FFFE;
AADE : 0001FFFE;
AADF : 00000006;
AAE0 : FFFB0000;
AAE1 : 0000FFFE;
AAE2 : FFFEFFFC;
AAE3 : FFF3FFF9;
AAE4 : FFF9FFF8;
AAE5 : FFF9FFF7;
AAE6 : FFF5FFF6;
AAE7 : FFF0FFF1;
AAE8 : FFF0FFEF;
AAE9 : FFEDFFF0;
AAEA : FFEBFFEC;
AAEB : FFE9FFE7;
AAEC : FFE5FFE0;
AAED : FFE3FFE6;
AAEE : FFE6FFE0;
AAEF : FFE2FFE1;
AAF0 : FFE0FFE1;
AAF1 : FFDDFFDE;
AAF2 : FFE0FFDF;
AAF3 : FFDFFFDF;
AAF4 : FFDBFFDD;
AAF5 : FFDBFFDD;
AAF6 : FFE0FFE0;
AAF7 : FFE1FFE2;
AAF8 : FFE1FFE4;
AAF9 : FFE2FFE7;
AAFA : FFE4FFE0;
AAFB : FFE3FFE5;
AAFC : FFE1FFE6;
AAFD : FFE2FFE3;
AAFE : FFE5FFE5;
AAFF : FFE1FFE2;
AB00 : FFE3FFE3;
AB01 : FFDFFFE5;
AB02 : FFE2FFE4;
AB03 : FFE6FFE4;
AB04 : FFE6FFE8;
AB05 : FFE0FFE3;
AB06 : FFE5FFDF;
AB07 : FFE3FFE3;
AB08 : FFE5FFE3;
AB09 : FFE2FFE4;
AB0A : FFE3FFE8;
AB0B : FFE4FFE6;
AB0C : FFE4FFE6;
AB0D : FFE5FFE4;
AB0E : FFE9FFE4;
AB0F : FFE3FFE3;
AB10 : FFE5FFE7;
AB11 : FFE6FFE5;
AB12 : FFE5FFE8;
AB13 : FFE8FFE6;
AB14 : FFE7FFE6;
AB15 : FFE4FFE4;
AB16 : FFE7FFE1;
AB17 : FFE4FFE8;
AB18 : FFE1FFE2;
AB19 : FFE4FFE5;
AB1A : FFE4FFE3;
AB1B : FFDBFFDF;
AB1C : FFE3FFE2;
AB1D : FFE0FFDF;
AB1E : FFE0FFE1;
AB1F : FFE3FFE4;
AB20 : FFDFFFE6;
AB21 : FFE2FFE2;
AB22 : FFE1FFE4;
AB23 : FFE5FFE7;
AB24 : FFE7FFE5;
AB25 : FFE7FFE7;
AB26 : FFE8FFE7;
AB27 : FFE5FFE6;
AB28 : FFE5FFE8;
AB29 : FFE5FFE4;
AB2A : FFE3FFE0;
AB2B : FFE4FFE1;
AB2C : FFE4FFE4;
AB2D : FFE6FFE4;
AB2E : FFE1FFE6;
AB2F : FFE4FFE4;
AB30 : FFE3FFE7;
AB31 : FFE4FFE8;
AB32 : FFE3FFE7;
AB33 : FFE4FFE6;
AB34 : FFE4FFE4;
AB35 : FFE5FFE7;
AB36 : FFE5FFE7;
AB37 : FFE9FFEA;
AB38 : FFE7FFE7;
AB39 : FFEDFFE8;
AB3A : FFE6FFEB;
AB3B : FFE8FFEE;
AB3C : FFEBFFE9;
AB3D : FFE9FFEE;
AB3E : FFE9FFF0;
AB3F : FFEFFFF0;
AB40 : FFEFFFEE;
AB41 : FFEFFFF2;
AB42 : FFF4FFF0;
AB43 : FFF1FFF3;
AB44 : FFF5FFF6;
AB45 : FFF3FFF8;
AB46 : FFF3FFF5;
AB47 : FFF7FFFA;
AB48 : FFFBFFFD;
AB49 : FFF9FFFD;
AB4A : FFFCFFFD;
AB4B : 00000000;
AB4C : FFFE0001;
AB4D : 00040001;
AB4E : 00030004;
AB4F : FFFF0007;
AB50 : 0003000B;
AB51 : 00060009;
AB52 : 000C0009;
AB53 : 0008000A;
AB54 : 0008000F;
AB55 : 000D0009;
AB56 : 0008000C;
AB57 : 000C000A;
AB58 : 000F000C;
AB59 : 000E0012;
AB5A : 000F0011;
AB5B : 000B000D;
AB5C : 000D000D;
AB5D : 000F000C;
AB5E : 0008000B;
AB5F : 000C000C;
AB60 : 000A000D;
AB61 : 000C000D;
AB62 : 00050007;
AB63 : 000B000A;
AB64 : 000B0008;
AB65 : 00090008;
AB66 : 0008000B;
AB67 : 00080005;
AB68 : 00070009;
AB69 : 000B0007;
AB6A : 00060005;
AB6B : 00050005;
AB6C : 00010005;
AB6D : 00020003;
AB6E : 0002FFFD;
AB6F : FFF9FFFE;
AB70 : FFFCFFFE;
AB71 : FFFCFFFE;
AB72 : FFFCFFFC;
AB73 : FFF9FFFB;
AB74 : FFFBFFFA;
AB75 : FFFAFFFD;
AB76 : FFFFFFFD;
AB77 : FFFBFFF9;
AB78 : FFFBFFFF;
AB79 : FFF90000;
AB7A : FFFCFFFC;
AB7B : 0001FFFF;
AB7C : FFFFFFFF;
AB7D : FFFB0006;
AB7E : 0002FFFC;
AB7F : 00020000;
AB80 : FFFDFFFF;
AB81 : 0001FFFF;
AB82 : FFFF0000;
AB83 : FFFD0002;
AB84 : 0000FFFE;
AB85 : FFFE0006;
AB86 : FFFF0002;
AB87 : 00010002;
AB88 : 00000002;
AB89 : 00020001;
AB8A : 00040001;
AB8B : 00010003;
AB8C : FFFF0000;
AB8D : FFFDFFFE;
AB8E : FFFF0006;
AB8F : 0004FFFF;
AB90 : 00040004;
AB91 : 00000001;
AB92 : 00050003;
AB93 : 00020007;
AB94 : 00050004;
AB95 : 00000001;
AB96 : 00030004;
AB97 : 00070003;
AB98 : 0004000B;
AB99 : 00040007;
AB9A : 00060004;
AB9B : 00080002;
AB9C : 00030004;
AB9D : 00030005;
AB9E : 00010004;
AB9F : 00050006;
ABA0 : 00040003;
ABA1 : 00050002;
ABA2 : 00010003;
ABA3 : 00010004;
ABA4 : 00000005;
ABA5 : FFFE0002;
ABA6 : 00000001;
ABA7 : 0001FFFE;
ABA8 : 00000001;
ABA9 : 0003FFFD;
ABAA : FFFEFFFF;
ABAB : FFFBFFFB;
ABAC : 0000FFFD;
ABAD : FFFB0002;
ABAE : FFFCFFFD;
ABAF : FFFFFFFC;
ABB0 : FFFEFFFD;
ABB1 : FFF7FFF7;
ABB2 : FFFAFFF8;
ABB3 : FFF9FFFC;
ABB4 : FFF9FFF6;
ABB5 : FFF2FFFA;
ABB6 : FFF8FFF6;
ABB7 : FFF9FFF8;
ABB8 : FFF1FFF5;
ABB9 : FFF6FFF9;
ABBA : FFFBFFF7;
ABBB : FFF8FFF8;
ABBC : FFF8FFFB;
ABBD : FFF8FFFB;
ABBE : FFF4FFFB;
ABBF : FFF7FFFC;
ABC0 : FFFFFFFA;
ABC1 : FFFEFFFF;
ABC2 : FFFAFFFB;
ABC3 : FFFDFFF7;
ABC4 : FFFEFFFA;
ABC5 : FFFCFFFA;
ABC6 : FFF9FFFB;
ABC7 : FFF8FFFC;
ABC8 : FFFDFFFD;
ABC9 : FFFF0000;
ABCA : FFFBFFFE;
ABCB : FFFDFFFC;
ABCC : 00010002;
ABCD : FFFF0001;
ABCE : 00020000;
ABCF : 00010007;
ABD0 : 00030003;
ABD1 : 00060007;
ABD2 : 0007000A;
ABD3 : 00070009;
ABD4 : 00090009;
ABD5 : 0007000B;
ABD6 : 0008000C;
ABD7 : 0007000A;
ABD8 : 0008000A;
ABD9 : 000F0008;
ABDA : 000E000D;
ABDB : 000A000B;
ABDC : 0009000C;
ABDD : 00090009;
ABDE : 00060002;
ABDF : 00030004;
ABE0 : FFFF0004;
ABE1 : 00020003;
ABE2 : 00000003;
ABE3 : 0004FFFE;
ABE4 : 0000FFFC;
ABE5 : FFFE0000;
ABE6 : 00000001;
ABE7 : FFFD0000;
ABE8 : FFFF0001;
ABE9 : FFF8FFFC;
ABEA : 0004FFFF;
ABEB : FFFCFFFC;
ABEC : FFFEFFFF;
ABED : FFFAFFFF;
ABEE : FFFFFFF9;
ABEF : FFFBFFFF;
ABF0 : FFFAFFFC;
ABF1 : FFFFFFFB;
ABF2 : FFFFFFFF;
ABF3 : FFFDFFFF;
ABF4 : FFFCFFFD;
ABF5 : FFF8FFFD;
ABF6 : FFFBFFF9;
ABF7 : FFFAFFF9;
ABF8 : 0000FFFA;
ABF9 : FFFCFFF8;
ABFA : FFF8FFFA;
ABFB : FFF8FFFD;
ABFC : FFF7FFFE;
ABFD : FFF80000;
ABFE : FFFCFFFC;
ABFF : FFFEFFFD;
AC00 : 0001FFFF;
AC01 : 00010002;
AC02 : 00030003;
AC03 : 00020006;
AC04 : 00020006;
AC05 : 00080009;
AC06 : 000B000C;
AC07 : 000A0007;
AC08 : 000B000A;
AC09 : 000B000C;
AC0A : 0008000B;
AC0B : 000A000B;
AC0C : 0008000F;
AC0D : 0010000E;
AC0E : 00120012;
AC0F : 00110017;
AC10 : 00140017;
AC11 : 00180013;
AC12 : 00150019;
AC13 : 0017001A;
AC14 : 0019001D;
AC15 : 001D001E;
AC16 : 001E0020;
AC17 : 001E0022;
AC18 : 00220027;
AC19 : 0020001F;
AC1A : 00260026;
AC1B : 00260023;
AC1C : 002C002A;
AC1D : 00220025;
AC1E : 002C0028;
AC1F : 0028002E;
AC20 : 0027002B;
AC21 : 00260027;
AC22 : 00290025;
AC23 : 00260025;
AC24 : 00260024;
AC25 : 00200022;
AC26 : 0021001F;
AC27 : 001E0020;
AC28 : 0020001F;
AC29 : 0020001D;
AC2A : 001F001A;
AC2B : 001C001F;
AC2C : 0020001F;
AC2D : 001D001C;
AC2E : 001C0019;
AC2F : 001B001C;
AC30 : 001A0018;
AC31 : 00170018;
AC32 : 00170018;
AC33 : 00180016;
AC34 : 00180017;
AC35 : 00120015;
AC36 : 00160013;
AC37 : 00130013;
AC38 : 00150014;
AC39 : 0011000F;
AC3A : 00130012;
AC3B : 0014000F;
AC3C : 00120014;
AC3D : 000E0013;
AC3E : 000F0013;
AC3F : 0012000F;
AC40 : 000F0010;
AC41 : 00120010;
AC42 : 000F000D;
AC43 : 00100010;
AC44 : 000F000F;
AC45 : 00110010;
AC46 : 000A0011;
AC47 : 00080009;
AC48 : 00080009;
AC49 : 00070008;
AC4A : 00090006;
AC4B : 00050008;
AC4C : 00080008;
AC4D : 00040004;
AC4E : 00060008;
AC4F : 00030003;
AC50 : 00020005;
AC51 : 00070003;
AC52 : 0005FFFF;
AC53 : 00010001;
AC54 : 00000000;
AC55 : FFFF0001;
AC56 : FFFEFFFF;
AC57 : FFFFFFFF;
AC58 : FFFCFFFC;
AC59 : FFFFFFFC;
AC5A : FFFAFFFD;
AC5B : FFFDFFFB;
AC5C : FFF90000;
AC5D : FFFBFFFC;
AC5E : 0001FFFC;
AC5F : FFF7FFFD;
AC60 : FFFAFFFD;
AC61 : FFFCFFFA;
AC62 : 0000FFFE;
AC63 : FFFB0001;
AC64 : FFFFFFFD;
AC65 : FFFBFFFD;
AC66 : FFFBFFF9;
AC67 : FFFBFFF8;
AC68 : FFF6FFF8;
AC69 : FFF6FFF0;
AC6A : FFF9FFF2;
AC6B : FFF2FFF3;
AC6C : FFF2FFF4;
AC6D : FFF0FFF4;
AC6E : FFF0FFF4;
AC6F : FFF1FFF3;
AC70 : FFF0FFF4;
AC71 : FFF1FFF4;
AC72 : FFF3FFF3;
AC73 : FFF1FFF3;
AC74 : FFEFFFF1;
AC75 : FFEBFFED;
AC76 : FFF1FFE9;
AC77 : FFF0FFED;
AC78 : FFF0FFEA;
AC79 : FFEEFFED;
AC7A : FFEDFFEC;
AC7B : FFE9FFE9;
AC7C : FFE7FFEB;
AC7D : FFE9FFEC;
AC7E : FFECFFEA;
AC7F : FFE6FFE8;
AC80 : FFE6FFEC;
AC81 : FFE6FFE8;
AC82 : FFE9FFE7;
AC83 : FFEBFFE5;
AC84 : FFE9FFE8;
AC85 : FFE8FFEB;
AC86 : FFE9FFE8;
AC87 : FFE6FFE9;
AC88 : FFECFFED;
AC89 : FFECFFEE;
AC8A : FFEFFFEC;
AC8B : FFEDFFEC;
AC8C : FFEAFFF1;
AC8D : FFF0FFF1;
AC8E : FFEFFFF3;
AC8F : FFF2FFF5;
AC90 : FFF7FFF3;
AC91 : FFF1FFF1;
AC92 : FFF2FFF6;
AC93 : FFF6FFF9;
AC94 : FFF2FFF5;
AC95 : FFF7FFF8;
AC96 : FFFAFFF9;
AC97 : FFFAFFFD;
AC98 : FFFBFFFC;
AC99 : FFFEFFFE;
AC9A : FFFE0000;
AC9B : 00000000;
AC9C : FFFD0002;
AC9D : 00050003;
AC9E : 00010001;
AC9F : 00020005;
ACA0 : 0001000A;
ACA1 : 0001FFFF;
ACA2 : FFFEFFFE;
ACA3 : FFFF0000;
ACA4 : 0001FFFA;
ACA5 : FFF9FFFE;
ACA6 : FFFEFFFA;
ACA7 : FFF5FFF8;
ACA8 : FFF3FFF7;
ACA9 : FFF8FFFA;
ACAA : FFF9FFF5;
ACAB : FFF9FFF8;
ACAC : FFF0FFF6;
ACAD : FFF0FFF7;
ACAE : FFF8FFF4;
ACAF : FFF2FFF1;
ACB0 : FFF7FFF2;
ACB1 : FFF4FFED;
ACB2 : FFEFFFED;
ACB3 : FFECFFF2;
ACB4 : FFEDFFEF;
ACB5 : FFEAFFEF;
ACB6 : FFE9FFE9;
ACB7 : FFE6FFE6;
ACB8 : FFEAFFE8;
ACB9 : FFE8FFE2;
ACBA : FFE2FFE3;
ACBB : FFDEFFE0;
ACBC : FFE4FFE1;
ACBD : FFDFFFDE;
ACBE : FFDDFFDF;
ACBF : FFDDFFD9;
ACC0 : FFDEFFDF;
ACC1 : FFDFFFE0;
ACC2 : FFDCFFDF;
ACC3 : FFDAFFDB;
ACC4 : FFDCFFDB;
ACC5 : FFD7FFDA;
ACC6 : FFD8FFDA;
ACC7 : FFDAFFD8;
ACC8 : FFD8FFD8;
ACC9 : FFD9FFD9;
ACCA : FFD9FFD7;
ACCB : FFDAFFD8;
ACCC : FFDAFFDB;
ACCD : FFDEFFDB;
ACCE : FFDDFFE2;
ACCF : FFE3FFDF;
ACD0 : FFDDFFDC;
ACD1 : FFDEFFE1;
ACD2 : FFDBFFE2;
ACD3 : FFE2FFE1;
ACD4 : FFE6FFE2;
ACD5 : FFE3FFE4;
ACD6 : FFE5FFE5;
ACD7 : FFE6FFEC;
ACD8 : FFE8FFEB;
ACD9 : FFE9FFEE;
ACDA : FFECFFE8;
ACDB : FFEBFFEE;
ACDC : FFEFFFEE;
ACDD : FFF2FFED;
ACDE : FFF3FFF5;
ACDF : FFF4FFF9;
ACE0 : FFEFFFF4;
ACE1 : FFF4FFF6;
ACE2 : FFFBFFF7;
ACE3 : FFFAFFF8;
ACE4 : FFFCFFF8;
ACE5 : FFF6FFF9;
ACE6 : FFF2FFF7;
ACE7 : FFF6FFFA;
ACE8 : FFF7FFF6;
ACE9 : FFF4FFF4;
ACEA : FFF4FFF2;
ACEB : FFF0FFEF;
ACEC : FFEFFFEF;
ACED : FFECFFF0;
ACEE : FFECFFEC;
ACEF : FFEAFFE7;
ACF0 : FFEAFFEC;
ACF1 : FFE9FFED;
ACF2 : FFEDFFE9;
ACF3 : FFEAFFEC;
ACF4 : FFEAFFEB;
ACF5 : FFECFFEB;
ACF6 : FFEAFFE9;
ACF7 : FFE8FFEA;
ACF8 : FFE8FFEE;
ACF9 : FFE9FFE7;
ACFA : FFEAFFEB;
ACFB : FFEDFFE9;
ACFC : FFECFFEB;
ACFD : FFE9FFEB;
ACFE : FFEBFFEB;
ACFF : FFEBFFED;
AD00 : FFEDFFF0;
AD01 : FFEDFFED;
AD02 : FFF0FFEF;
AD03 : FFEFFFF1;
AD04 : FFEFFFEF;
AD05 : FFEEFFF1;
AD06 : FFEFFFF2;
AD07 : FFF1FFF3;
AD08 : FFF5FFF7;
AD09 : FFF8FFF8;
AD0A : FFF9FFF7;
AD0B : FFFAFFF6;
AD0C : FFF6FFFB;
AD0D : FFF9FFFB;
AD0E : FFFDFFFA;
AD0F : FFFB0000;
AD10 : FFFCFFFE;
AD11 : FFFBFFFC;
AD12 : FFFBFFFC;
AD13 : FFFCFFFD;
AD14 : FFF9FFFD;
AD15 : FFFEFFFA;
AD16 : FFFBFFFD;
AD17 : FFFBFFFB;
AD18 : FFFDFFFF;
AD19 : FFFDFFFB;
AD1A : FFFBFFFE;
AD1B : FFF9FFFC;
AD1C : FFFFFFFC;
AD1D : FFFCFFFB;
AD1E : FFFF0000;
AD1F : 0000FFFE;
AD20 : 0000FFFF;
AD21 : 0004FFFB;
AD22 : 00000000;
AD23 : FFFE0000;
AD24 : 00020008;
AD25 : 00040004;
AD26 : 00010003;
AD27 : FFFF0004;
AD28 : 00030003;
AD29 : 00000004;
AD2A : FFFFFFFF;
AD2B : 00050001;
AD2C : 00050007;
AD2D : 00020001;
AD2E : 00010003;
AD2F : FFFDFFFE;
AD30 : FFFEFFFE;
AD31 : 0002FFFE;
AD32 : FFFCFFF9;
AD33 : FFF7FFFB;
AD34 : FFFAFFFD;
AD35 : FFF9FFFB;
AD36 : FFF9FFFA;
AD37 : FFF8FFFC;
AD38 : FFF7FFFA;
AD39 : FFFBFFF9;
AD3A : FFFBFFF9;
AD3B : FFF8FFF8;
AD3C : FFF7FFFC;
AD3D : FFF6FFF7;
AD3E : FFF9FFF8;
AD3F : FFF8FFFA;
AD40 : FFF1FFF2;
AD41 : FFF6FFF1;
AD42 : FFF0FFF2;
AD43 : FFEEFFEE;
AD44 : FFF0FFF3;
AD45 : FFEFFFEE;
AD46 : FFF0FFF4;
AD47 : FFF3FFEE;
AD48 : FFECFFF3;
AD49 : FFF0FFF2;
AD4A : FFF1FFF0;
AD4B : FFEFFFF0;
AD4C : FFF2FFF1;
AD4D : FFEEFFF4;
AD4E : FFF6FFF1;
AD4F : FFF4FFF3;
AD50 : FFF4FFFA;
AD51 : FFF3FFFA;
AD52 : FFF8FFFB;
AD53 : FFFDFFFC;
AD54 : 0001FFFE;
AD55 : FFFC0000;
AD56 : 00040003;
AD57 : FFFDFFFF;
AD58 : 00030004;
AD59 : 00020003;
AD5A : 00040007;
AD5B : 00090009;
AD5C : 00070007;
AD5D : 00080008;
AD5E : 00040006;
AD5F : 0009000B;
AD60 : 000B000E;
AD61 : 000D0009;
AD62 : 000E000C;
AD63 : 000E0011;
AD64 : 000C000E;
AD65 : 000F000E;
AD66 : 0012000E;
AD67 : 0012000E;
AD68 : 000D0011;
AD69 : 00120013;
AD6A : 00110011;
AD6B : 0012000E;
AD6C : 00100010;
AD6D : 000D000F;
AD6E : 000F0009;
AD6F : 000D000E;
AD70 : 000C000C;
AD71 : 000D000D;
AD72 : 0012000C;
AD73 : 000C000F;
AD74 : 0009000C;
AD75 : 00090007;
AD76 : 00070009;
AD77 : 0009000B;
AD78 : 0007000B;
AD79 : 000B000C;
AD7A : 000D000B;
AD7B : 000B000E;
AD7C : 000C000C;
AD7D : 000D0007;
AD7E : 000B000A;
AD7F : 000B000B;
AD80 : 000A000F;
AD81 : 000A000B;
AD82 : 000D000F;
AD83 : 000F000A;
AD84 : 0009000D;
AD85 : 0009000B;
AD86 : 000C000B;
AD87 : 0009000B;
AD88 : 0008000B;
AD89 : 0006000A;
AD8A : 00090009;
AD8B : 00090008;
AD8C : 00050003;
AD8D : 00050003;
AD8E : 00040004;
AD8F : 0001FFFF;
AD90 : 00020001;
AD91 : FFFD0000;
AD92 : FFFDFFFF;
AD93 : 00010000;
AD94 : FFFE0001;
AD95 : 00000000;
AD96 : 00010000;
AD97 : 00010001;
AD98 : 00030002;
AD99 : 00050004;
AD9A : 00020006;
AD9B : 00040003;
AD9C : 00030007;
AD9D : 00030005;
AD9E : 00060003;
AD9F : 00040003;
ADA0 : 0006000A;
ADA1 : 00070006;
ADA2 : 0009000B;
ADA3 : 0008000B;
ADA4 : 00090009;
ADA5 : 000A0012;
ADA6 : 00140010;
ADA7 : 000A000E;
ADA8 : 00180013;
ADA9 : 00130015;
ADAA : 00160015;
ADAB : 00140017;
ADAC : 0017001D;
ADAD : 0015001B;
ADAE : 001B0016;
ADAF : 0019001D;
ADB0 : 0019001A;
ADB1 : 001C001B;
ADB2 : 001D001C;
ADB3 : 001C001B;
ADB4 : 001D001D;
ADB5 : 001A001C;
ADB6 : 0019001C;
ADB7 : 0018001B;
ADB8 : 001C001F;
ADB9 : 001A0019;
ADBA : 0018001D;
ADBB : 001A0018;
ADBC : 001D0019;
ADBD : 0016001C;
ADBE : 001A0017;
ADBF : 00170019;
ADC0 : 001C0019;
ADC1 : 001C0016;
ADC2 : 0016001A;
ADC3 : 0019001D;
ADC4 : 00180017;
ADC5 : 00140018;
ADC6 : 00160016;
ADC7 : 00160010;
ADC8 : 00160018;
ADC9 : 00160014;
ADCA : 00140012;
ADCB : 001A0011;
ADCC : 00100014;
ADCD : 00120019;
ADCE : 00190010;
ADCF : 00120017;
ADD0 : 00150019;
ADD1 : 0018001A;
ADD2 : 00190016;
ADD3 : 00170019;
ADD4 : 001C001D;
ADD5 : 001C001B;
ADD6 : 0019001B;
ADD7 : 001A001E;
ADD8 : 001B001A;
ADD9 : 001A001B;
ADDA : 00190017;
ADDB : 001C0017;
ADDC : 001A001C;
ADDD : 00170019;
ADDE : 00190013;
ADDF : 00180019;
ADE0 : 00160015;
ADE1 : 00180019;
ADE2 : 00190015;
ADE3 : 001A001B;
ADE4 : 0018001D;
ADE5 : 0016001A;
ADE6 : 00180018;
ADE7 : 001F001D;
ADE8 : 001A001E;
ADE9 : 001D001A;
ADEA : 00190019;
ADEB : 001A001B;
ADEC : 001B001C;
ADED : 0019001A;
ADEE : 001E001C;
ADEF : 001E0020;
ADF0 : 001E0025;
ADF1 : 00200021;
ADF2 : 0026001E;
ADF3 : 0021001C;
ADF4 : 00210025;
ADF5 : 00190021;
ADF6 : 001F001D;
ADF7 : 001B001A;
ADF8 : 001A0018;
ADF9 : 00120017;
ADFA : 00170013;
ADFB : 00110011;
ADFC : 00100012;
ADFD : 000E0010;
ADFE : 00120008;
ADFF : 000C000C;
AE00 : 00090009;
AE01 : 00070006;
AE02 : 00060001;
AE03 : 0002FFFE;
AE04 : FFFC0001;
AE05 : 0000FFFF;
AE06 : FFFFFFFF;
AE07 : FFFDFFFE;
AE08 : FFF9FFFD;
AE09 : FFF6FFF3;
AE0A : FFF7FFFA;
AE0B : FFF7FFF3;
AE0C : FFF6FFF2;
AE0D : FFF0FFF5;
AE0E : FFEEFFED;
AE0F : FFEEFFED;
AE10 : FFEDFFF2;
AE11 : FFEBFFED;
AE12 : FFEBFFED;
AE13 : FFECFFE9;
AE14 : FFEDFFEB;
AE15 : FFE9FFEB;
AE16 : FFEBFFEC;
AE17 : FFE7FFEB;
AE18 : FFE9FFE8;
AE19 : FFEAFFEA;
AE1A : FFECFFE9;
AE1B : FFE9FFEB;
AE1C : FFEDFFEC;
AE1D : FFECFFEE;
AE1E : FFEDFFEF;
AE1F : FFEBFFEE;
AE20 : FFEDFFF3;
AE21 : FFEBFFEE;
AE22 : FFF3FFF0;
AE23 : FFF3FFF5;
AE24 : FFF2FFF7;
AE25 : FFF3FFFA;
AE26 : FFF8FFF8;
AE27 : FFF9FFF8;
AE28 : FFF9FFFE;
AE29 : FFFB0000;
AE2A : 0001FFFF;
AE2B : 00010002;
AE2C : FFFE0004;
AE2D : 00010003;
AE2E : 00050007;
AE2F : 00060006;
AE30 : 00080007;
AE31 : 00020006;
AE32 : 00060003;
AE33 : 00070006;
AE34 : 00010008;
AE35 : 00030001;
AE36 : 0007FFFF;
AE37 : FFFDFFFF;
AE38 : FFFB0001;
AE39 : FFF9FFFA;
AE3A : FFFBFFF5;
AE3B : FFF5FFF9;
AE3C : FFF7FFF6;
AE3D : FFF7FFF7;
AE3E : FFF9FFF5;
AE3F : FFF5FFF3;
AE40 : FFF1FFF6;
AE41 : FFF4FFF5;
AE42 : FFF6FFF2;
AE43 : FFF5FFF2;
AE44 : FFF3FFF7;
AE45 : FFEFFFF4;
AE46 : FFF1FFF6;
AE47 : FFF3FFF2;
AE48 : FFF1FFF4;
AE49 : FFF5FFF1;
AE4A : FFF1FFF3;
AE4B : FFF3FFF0;
AE4C : FFF0FFEC;
AE4D : FFEFFFF1;
AE4E : FFEFFFEF;
AE4F : FFECFFEB;
AE50 : FFEBFFEC;
AE51 : FFEAFFE6;
AE52 : FFE2FFE5;
AE53 : FFE6FFE5;
AE54 : FFE5FFE5;
AE55 : FFE1FFE3;
AE56 : FFE2FFE5;
AE57 : FFE5FFE3;
AE58 : FFE4FFE6;
AE59 : FFE3FFE7;
AE5A : FFEDFFE6;
AE5B : FFE8FFEB;
AE5C : FFEDFFED;
AE5D : FFEDFFF1;
AE5E : FFEFFFF0;
AE5F : FFEEFFF6;
AE60 : FFF4FFF2;
AE61 : FFF0FFF1;
AE62 : FFF4FFF3;
AE63 : FFF1FFF4;
AE64 : FFF3FFF1;
AE65 : FFF6FFF4;
AE66 : FFF4FFF8;
AE67 : FFF7FFF8;
AE68 : FFF9FFFF;
AE69 : FFFC0001;
AE6A : FFFBFFFA;
AE6B : FFFE0001;
AE6C : 00010008;
AE6D : 00040003;
AE6E : 00050001;
AE6F : 00070005;
AE70 : 000A000C;
AE71 : 000A000C;
AE72 : 00080008;
AE73 : 00070007;
AE74 : 000C000F;
AE75 : 000C0010;
AE76 : 000F000D;
AE77 : 00110010;
AE78 : 000D0013;
AE79 : 00110012;
AE7A : 000E000F;
AE7B : 000E0011;
AE7C : 000F0012;
AE7D : 000D000C;
AE7E : 000B0008;
AE7F : 00080008;
AE80 : 00090008;
AE81 : 00090008;
AE82 : 0008000D;
AE83 : 00040009;
AE84 : 00070002;
AE85 : 00030003;
AE86 : FFFF0001;
AE87 : 00010000;
AE88 : 0003FFFE;
AE89 : FFFDFFFC;
AE8A : FFFD0002;
AE8B : FFFEFFFC;
AE8C : FFFDFFFD;
AE8D : FFFAFFF7;
AE8E : FFF8FFF8;
AE8F : FFF2FFF5;
AE90 : FFEDFFF2;
AE91 : FFF0FFED;
AE92 : FFF1FFED;
AE93 : FFECFFEE;
AE94 : FFEAFFEE;
AE95 : FFE9FFE6;
AE96 : FFEBFFE8;
AE97 : FFEBFFF0;
AE98 : FFE8FFE8;
AE99 : FFE8FFE7;
AE9A : FFE6FFEA;
AE9B : FFE9FFE7;
AE9C : FFE5FFE5;
AE9D : FFE9FFEA;
AE9E : FFE3FFE7;
AE9F : FFE7FFE8;
AEA0 : FFE8FFEA;
AEA1 : FFE8FFEB;
AEA2 : FFE9FFE5;
AEA3 : FFE8FFE9;
AEA4 : FFE6FFE8;
AEA5 : FFE8FFE6;
AEA6 : FFE7FFEA;
AEA7 : FFE7FFE5;
AEA8 : FFE0FFE7;
AEA9 : FFE7FFE5;
AEAA : FFE8FFE8;
AEAB : FFEBFFEC;
AEAC : FFE5FFEB;
AEAD : FFE9FFE7;
AEAE : FFE9FFEA;
AEAF : FFE9FFEB;
AEB0 : FFEFFFF2;
AEB1 : FFECFFEB;
AEB2 : FFF0FFF2;
AEB3 : FFF0FFF5;
AEB4 : FFF1FFF2;
AEB5 : FFF2FFF4;
AEB6 : FFF4FFF6;
AEB7 : FFF9FFFA;
AEB8 : FFF4FFFB;
AEB9 : FFF7FFF9;
AEBA : FFF9FFF4;
AEBB : FFF5FFF6;
AEBC : FFF7FFFB;
AEBD : FFF9FFF8;
AEBE : FFF8FFFD;
AEBF : FFF5FFF7;
AEC0 : FFFAFFFA;
AEC1 : FFFAFFF6;
AEC2 : FFF5FFF8;
AEC3 : FFF5FFF8;
AEC4 : FFF7FFF3;
AEC5 : FFF6FFF7;
AEC6 : FFF8FFF8;
AEC7 : FFFAFFF2;
AEC8 : FFF4FFF9;
AEC9 : FFF2FFF5;
AECA : FFF8FFF3;
AECB : FFF3FFF5;
AECC : FFF8FFF4;
AECD : FFF4FFF6;
AECE : FFF6FFF2;
AECF : FFF3FFF6;
AED0 : FFF3FFF4;
AED1 : FFEBFFF3;
AED2 : FFF4FFF3;
AED3 : FFF4FFF2;
AED4 : FFF0FFEE;
AED5 : FFF0FFF2;
AED6 : FFF1FFF3;
AED7 : FFF3FFF4;
AED8 : FFF2FFF4;
AED9 : FFF2FFF3;
AEDA : FFF4FFF2;
AEDB : FFF4FFF6;
AEDC : FFF7FFF1;
AEDD : FFF6FFF7;
AEDE : FFF4FFF7;
AEDF : FFF8FFF7;
AEE0 : FFFCFFF9;
AEE1 : FFFCFFFE;
AEE2 : FFF8FFF9;
AEE3 : FFFAFFFD;
AEE4 : FFFEFFFE;
AEE5 : FFF70001;
AEE6 : 00010002;
AEE7 : FFFF0001;
AEE8 : FFFFFFFE;
AEE9 : 00000003;
AEEA : 00010000;
AEEB : 00030003;
AEEC : 00030003;
AEED : 00030003;
AEEE : 00050008;
AEEF : 0009000C;
AEF0 : 00080009;
AEF1 : 0008000B;
AEF2 : 000B000B;
AEF3 : 000E0008;
AEF4 : 000C0010;
AEF5 : 000F0015;
AEF6 : 0013000F;
AEF7 : 000D0014;
AEF8 : 00120015;
AEF9 : 00140015;
AEFA : 00150018;
AEFB : 00150017;
AEFC : 00140013;
AEFD : 00140015;
AEFE : 000F000D;
AEFF : 0011000E;
AF00 : 000E0011;
AF01 : 000D000D;
AF02 : 000D0004;
AF03 : 0009000C;
AF04 : 000A000E;
AF05 : 000A000D;
AF06 : 000A000B;
AF07 : 000A000D;
AF08 : 000C000E;
AF09 : 000D000D;
AF0A : 000E000D;
AF0B : 000C000B;
AF0C : 00110008;
AF0D : 000B000D;
AF0E : 000B000F;
AF0F : 000E000D;
AF10 : 000E000F;
AF11 : 000B000E;
AF12 : 000C000C;
AF13 : 000B000E;
AF14 : 0007000A;
AF15 : 00090009;
AF16 : 0008000B;
AF17 : 0008000A;
AF18 : 00070008;
AF19 : 00070004;
AF1A : 00070002;
AF1B : 00060004;
AF1C : 00030002;
AF1D : FFFEFFFE;
AF1E : FFFDFFFE;
AF1F : FFFBFFFD;
AF20 : FFFAFFFE;
AF21 : FFF9FFF7;
AF22 : FFFDFFFA;
AF23 : FFFEFFFA;
AF24 : 00010003;
AF25 : 00020001;
AF26 : 0000FFFF;
AF27 : 0000FFFE;
AF28 : FFF90001;
AF29 : 0000FFFC;
AF2A : FFFBFFFC;
AF2B : FFFF0002;
AF2C : 0002FFFD;
AF2D : FFFF0004;
AF2E : 0001FFFF;
AF2F : 00010000;
AF30 : 00000006;
AF31 : 00010004;
AF32 : FFFFFFFC;
AF33 : 0006FFFF;
AF34 : 00000001;
AF35 : FFFD0001;
AF36 : 00010003;
AF37 : 00010002;
AF38 : 00050007;
AF39 : 00010001;
AF3A : 0003000A;
AF3B : 0005000C;
AF3C : 00060007;
AF3D : 00040005;
AF3E : 0006000B;
AF3F : 00050003;
AF40 : 00070007;
AF41 : 00090008;
AF42 : 000C0003;
AF43 : 00090004;
AF44 : 00060007;
AF45 : 00020004;
AF46 : 00000002;
AF47 : 0002FFFF;
AF48 : FFFDFFFD;
AF49 : FFFCFFFC;
AF4A : FFFCFFFD;
AF4B : FFFEFFFB;
AF4C : FFFEFFFE;
AF4D : FFFCFFFE;
AF4E : FFFEFFFA;
AF4F : FFFAFFFC;
AF50 : FFFAFFF8;
AF51 : FFFDFFFD;
AF52 : FFF9FFF8;
AF53 : FFF8FFF6;
AF54 : FFF5FFF7;
AF55 : FFF2FFF6;
AF56 : FFF6FFF3;
AF57 : FFEFFFF5;
AF58 : FFF1FFF2;
AF59 : FFF0FFED;
AF5A : FFF1FFE9;
AF5B : FFEDFFF0;
AF5C : FFF3FFEE;
AF5D : FFEDFFED;
AF5E : FFEEFFF1;
AF5F : FFF0FFEF;
AF60 : FFEEFFEF;
AF61 : FFF1FFF9;
AF62 : FFF1FFF7;
AF63 : FFF2FFF9;
AF64 : FFFDFFF7;
AF65 : FFF7FFF9;
AF66 : FFFBFFFC;
AF67 : FFFDFFF8;
AF68 : FFFBFFFD;
AF69 : FFFCFFF9;
AF6A : FFFCFFF8;
AF6B : FFF9FFF9;
AF6C : FFF8FFF6;
AF6D : FFF1FFF6;
AF6E : FFF5FFF2;
AF6F : FFF2FFF1;
AF70 : FFF3FFF1;
AF71 : FFF1FFF2;
AF72 : FFF2FFF4;
AF73 : FFF1FFF5;
AF74 : FFF6FFF7;
AF75 : FFF5FFF6;
AF76 : FFF1FFF5;
AF77 : FFF2FFF3;
AF78 : FFF2FFF6;
AF79 : FFF3FFF4;
AF7A : FFF1FFF4;
AF7B : FFF6FFF5;
AF7C : FFF8FFFB;
AF7D : FFF6FFF9;
AF7E : FFFBFFFB;
AF7F : FFFAFFFE;
AF80 : FFF8FFFB;
AF81 : FFFBFFFA;
AF82 : 0000FFFC;
AF83 : FFFDFFFD;
AF84 : 0000FFFE;
AF85 : 0000FFFF;
AF86 : 00010002;
AF87 : FFF9FFFD;
AF88 : FFFD0003;
AF89 : 00000001;
AF8A : 00010005;
AF8B : FFFFFFFB;
AF8C : FFFCFFFE;
AF8D : 00020006;
AF8E : 00050004;
AF8F : 00050003;
AF90 : 00060008;
AF91 : 00060005;
AF92 : 00080007;
AF93 : 00040004;
AF94 : 00030004;
AF95 : 00010003;
AF96 : 0000FFFD;
AF97 : 00000003;
AF98 : 00010000;
AF99 : FFFEFFFE;
AF9A : FFFEFFFC;
AF9B : FFF8FFF9;
AF9C : FFFFFFFC;
AF9D : FFF7FFFC;
AF9E : FFF7FFFA;
AF9F : FFF6FFF6;
AFA0 : FFFCFFF8;
AFA1 : FFF7FFF7;
AFA2 : FFF7FFF7;
AFA3 : FFF7FFF7;
AFA4 : FFF5FFF9;
AFA5 : FFF7FFF8;
AFA6 : FFF9FFF4;
AFA7 : FFF8FFF9;
AFA8 : FFF4FFFA;
AFA9 : FFFFFFFD;
AFAA : FFFFFFFD;
AFAB : 0001FFFF;
AFAC : 00030000;
AFAD : 00010004;
AFAE : 00020004;
AFAF : 00000004;
AFB0 : 00040005;
AFB1 : 00030008;
AFB2 : 00030004;
AFB3 : 00050002;
AFB4 : 00060008;
AFB5 : 0004000A;
AFB6 : 00080007;
AFB7 : 0006000A;
AFB8 : 0009000A;
AFB9 : 0009000B;
AFBA : 00070008;
AFBB : 000D0010;
AFBC : 000F0013;
AFBD : 000E0011;
AFBE : 000F0011;
AFBF : 00110011;
AFC0 : 00110012;
AFC1 : 00130011;
AFC2 : 000F0010;
AFC3 : 00150012;
AFC4 : 00110010;
AFC5 : 000E0013;
AFC6 : 000E0012;
AFC7 : 00100010;
AFC8 : 00110015;
AFC9 : 000C000C;
AFCA : 000E000C;
AFCB : 000C000E;
AFCC : 000B000B;
AFCD : 000B000F;
AFCE : 0010000F;
AFCF : 000C000D;
AFD0 : 000E000D;
AFD1 : 0009000E;
AFD2 : 000C0009;
AFD3 : 000A0009;
AFD4 : 0009000A;
AFD5 : 00080009;
AFD6 : 000A000C;
AFD7 : 0009000D;
AFD8 : 0008000C;
AFD9 : 000A0005;
AFDA : 000A000B;
AFDB : 00070008;
AFDC : 00070009;
AFDD : 00030007;
AFDE : 00070005;
AFDF : 00060006;
AFE0 : 00040005;
AFE1 : 00050002;
AFE2 : 0008FFFF;
AFE3 : FFFE0005;
AFE4 : 00010003;
AFE5 : FFFF0001;
AFE6 : 0001FFFD;
AFE7 : FFFAFFFC;
AFE8 : FFFBFFFF;
AFE9 : FFFCFFFA;
AFEA : FFFFFFF8;
AFEB : 0001FFFA;
AFEC : FFF8FFFD;
AFED : FFF8FFF7;
AFEE : FFFDFFFF;
AFEF : FFFE0001;
AFF0 : FFFCFFFF;
AFF1 : 0001FFFE;
AFF2 : FFFBFFF9;
AFF3 : FFFCFFFB;
AFF4 : FFF8FFFD;
AFF5 : FFF6FFFB;
AFF6 : FFFDFFF8;
AFF7 : FFFCFFFA;
AFF8 : FFF3FFFA;
AFF9 : FFFDFFFC;
AFFA : FFFDFFF9;
AFFB : FFFCFFFF;
AFFC : FFF8FFFD;
AFFD : FFFB0003;
AFFE : FFFCFFFC;
AFFF : 0006FFFF;
B000 : 00020004;
B001 : FFFB0002;
B002 : 00040002;
B003 : 00030009;
B004 : 00020004;
B005 : FFFE0004;
B006 : 0005FFFF;
B007 : 00000003;
B008 : 00010004;
B009 : FFFEFFFF;
B00A : 0001FFFF;
B00B : 00000001;
B00C : FFFBFFFB;
B00D : FFFAFFFF;
B00E : FFF5FFF4;
B00F : FFFAFFF8;
B010 : FFF7FFF6;
B011 : FFF5FFF1;
B012 : FFF4FFF5;
B013 : FFF1FFF8;
B014 : FFEFFFF5;
B015 : FFF2FFF4;
B016 : FFF4FFF3;
B017 : FFEDFFF1;
B018 : FFF0FFF2;
B019 : FFF0FFEE;
B01A : FFEFFFEF;
B01B : FFF0FFF1;
B01C : FFEAFFEC;
B01D : FFE8FFEE;
B01E : FFEBFFEC;
B01F : FFEEFFF0;
B020 : FFEFFFEB;
B021 : FFEEFFED;
B022 : FFEDFFEA;
B023 : FFE9FFEB;
B024 : FFECFFED;
B025 : FFEAFFED;
B026 : FFECFFEE;
B027 : FFEEFFEC;
B028 : FFEDFFF1;
B029 : FFEFFFF2;
B02A : FFEFFFF3;
B02B : FFF2FFEE;
B02C : FFF6FFF4;
B02D : FFF3FFF4;
B02E : FFF1FFF5;
B02F : FFF1FFF2;
B030 : FFF3FFF4;
B031 : FFF4FFF1;
B032 : FFF1FFF2;
B033 : FFF2FFF2;
B034 : FFEBFFEF;
B035 : FFEEFFEF;
B036 : FFEDFFEC;
B037 : FFEDFFED;
B038 : FFF1FFF1;
B039 : FFEDFFF1;
B03A : FFF1FFF5;
B03B : FFF1FFEF;
B03C : FFF2FFF2;
B03D : FFF5FFF2;
B03E : FFF0FFF4;
B03F : FFF2FFF4;
B040 : FFF6FFF8;
B041 : FFF3FFF4;
B042 : FFF5FFFA;
B043 : FFFBFFF9;
B044 : FFF6FFFA;
B045 : FFF6FFF7;
B046 : FFFAFFFA;
B047 : FFF9FFF9;
B048 : FFF7FFF8;
B049 : FFF8FFFA;
B04A : FFFEFFFC;
B04B : FFFAFFFB;
B04C : FFF90002;
B04D : FFFFFFFB;
B04E : FFF9FFFB;
B04F : FFF6FFF7;
B050 : FFF4FFF8;
B051 : FFF7FFFD;
B052 : FFFBFFF8;
B053 : FFFCFFF7;
B054 : FFFA0000;
B055 : FFF7FFF7;
B056 : FFF6FFF2;
B057 : FFF4FFF8;
B058 : FFF4FFF5;
B059 : FFF3FFF6;
B05A : FFF7FFF4;
B05B : FFF3FFF4;
B05C : FFF5FFF2;
B05D : FFF2FFF4;
B05E : FFEEFFF0;
B05F : FFF3FFF1;
B060 : FFF0FFEE;
B061 : FFE8FFED;
B062 : FFECFFE9;
B063 : FFEAFFE4;
B064 : FFE4FFE4;
B065 : FFE2FFE4;
B066 : FFE5FFE4;
B067 : FFE0FFE5;
B068 : FFE4FFE3;
B069 : FFE2FFE3;
B06A : FFE1FFE5;
B06B : FFE1FFDF;
B06C : FFE1FFE2;
B06D : FFDEFFDF;
B06E : FFE2FFE6;
B06F : FFE5FFE0;
B070 : FFDDFFE5;
B071 : FFE5FFE2;
B072 : FFE9FFE7;
B073 : FFE9FFEC;
B074 : FFE8FFEB;
B075 : FFE9FFEC;
B076 : FFEDFFEA;
B077 : FFEBFFED;
B078 : FFEFFFF0;
B079 : FFEBFFEF;
B07A : FFF0FFEF;
B07B : FFECFFED;
B07C : FFEFFFF4;
B07D : FFF0FFF1;
B07E : FFF0FFF2;
B07F : FFEFFFF3;
B080 : FFF4FFF4;
B081 : FFF90000;
B082 : FFFCFFFB;
B083 : FFF9FFF6;
B084 : FFF8FFFA;
B085 : FFFAFFFE;
B086 : FFFBFFFD;
B087 : 0000FFFC;
B088 : FFFDFFFF;
B089 : FFFFFFFE;
B08A : 00000003;
B08B : 00000000;
B08C : FFFFFFFF;
B08D : FFFE0001;
B08E : 00000001;
B08F : FFFFFFFF;
B090 : 00010002;
B091 : 00000001;
B092 : FFFEFFFF;
B093 : 0000FFFD;
B094 : FFFEFFFC;
B095 : FFFD0006;
B096 : FFFEFFFF;
B097 : FFFDFFFD;
B098 : FFFEFFFD;
B099 : FFFCFFFC;
B09A : FFFEFFFE;
B09B : FFFBFFFE;
B09C : FFFCFFFC;
B09D : FFFFFFFC;
B09E : FFFC0000;
B09F : FFF8FFFF;
B0A0 : FFF9FFFC;
B0A1 : FFFDFFFE;
B0A2 : FFFFFFFF;
B0A3 : 0000FFFB;
B0A4 : FFFFFFFB;
B0A5 : 00010005;
B0A6 : 00000002;
B0A7 : 0000FFFF;
B0A8 : 00020000;
B0A9 : FFFF0001;
B0AA : 00000000;
B0AB : FFFD0000;
B0AC : 00010001;
B0AD : 00020000;
B0AE : 00010000;
B0AF : FFFFFFFF;
B0B0 : FFFE0000;
B0B1 : 00000000;
B0B2 : 0000FFFF;
B0B3 : 00010000;
B0B4 : 00010000;
B0B5 : 00000000;
B0B6 : 0001FFFF;
B0B7 : FFFF0001;
B0B8 : 00010000;
B0B9 : 00010001;
B0BA : FFFF0000;
B0BB : 00000000;
B0BC : 00020001;
B0BD : 00000001;
B0BE : 0001FFFF;
B0BF : 00000002;
B0C0 : 00000001;
B0C1 : FFFF0002;
B0C2 : 0001FFFF;
B0C3 : 00000000;
B0C4 : 00000000;
B0C5 : 00010000;
B0C6 : FFFF0001;
B0C7 : 0000FFFF;
B0C8 : 00000001;
B0C9 : 00000000;
B0CA : 00010001;
B0CB : FFFF0000;
B0CC : 00000000;
B0CD : FFFF0001;
B0CE : 0000FFFF;
B0CF : 0000FFFF;
B0D0 : 00000001;
B0D1 : 00000000;
B0D2 : 00000001;
B0D3 : 00000000;
B0D4 : 00000000;
B0D5 : 00000000;
B0D6 : 00000001;
B0D7 : 00000001;
B0D8 : FFFF0001;
B0D9 : 00010001;
B0DA : 00000001;
B0DB : 00010001;
B0DC : 0001FFFF;
B0DD : 00000000;
B0DE : 0000FFFF;
B0DF : 00000000;
B0E0 : 00000000;
B0E1 : 00000000;
B0E2 : 00000001;
B0E3 : FFFF0000;
B0E4 : FFFF0000;
B0E5 : FFFFFFFF;
B0E6 : FFFF0000;
B0E7 : 0001FFFF;
B0E8 : 00000000;
B0E9 : FFFFFFFF;
B0EA : FFFFFFFF;
B0EB : FFFFFFFF;
B0EC : FFFF0000;
B0ED : FFFFFFFF;
B0EE : FFFF0000;
B0EF : FFFFFFFF;
B0F0 : FFFF0000;
B0F1 : 0000FFFF;
B0F2 : FFFFFFFF;
B0F3 : 00000000;
B0F4 : FFFFFFFF;
B0F5 : 0001FFFF;
B0F6 : 00000000;
B0F7 : 00000001;
B0F8 : 00000000;
B0F9 : 0000FFFF;
B0FA : 0000FFFF;
B0FB : 00000000;
B0FC : 00000000;
B0FD : 00010001;
B0FE : 00000001;
B0FF : 00000000;
B100 : 00000000;
B101 : 00000000;
B102 : 00010000;
B103 : 00000000;
B104 : 00010001;
B105 : 00000000;
B106 : 00000000;
B107 : 00010001;
B108 : 00000000;
B109 : 00000001;
B10A : 00000000;
B10B : FFFF0000;
B10C : FFFFFFFF;
B10D : 00000000;
B10E : 00000000;
B10F : 00000000;
B110 : 00000000;
B111 : 00010000;
B112 : 00010000;
B113 : FFFF0000;
B114 : 00000000;
B115 : 00000001;
B116 : 00000001;
B117 : 00000000;
B118 : 00000000;
B119 : 00000000;
B11A : FFFF0001;
B11B : 00000000;
B11C : 0000FFFF;
B11D : FFFF0000;
B11E : 00010000;
B11F : 00000001;
B120 : 00000000;
B121 : 00000000;
B122 : 00000000;
B123 : 00000000;
B124 : 0001FFFF;
B125 : 00000000;
B126 : 00000000;
B127 : FFFF0000;
B128 : 00000000;
B129 : 00000000;
B12A : 00000000;
B12B : 00000001;
B12C : 00010000;
B12D : 0000FFFF;
B12E : 0000FFFF;
B12F : 00000000;
B130 : 00000000;
B131 : 00000000;
B132 : 00000000;
B133 : 00000000;
B134 : 00000000;
B135 : 00000000;
B136 : 00000000;
B137 : 00000000;
B138 : 00000000;
B139 : 00000000;
B13A : 00000000;
B13B : 00000000;
B13C : 00010000;
B13D : 00000000;
B13E : 00000000;
B13F : 00000000;
B140 : 00000000;
B141 : 00000000;
B142 : 00000000;
B143 : 00000000;
B144 : 00000000;
B145 : 00000000;
B146 : 00000000;
B147 : 00000000;
B148 : 00000000;
B149 : 0001FFFF;
B14A : 00000000;
B14B : 00000000;
B14C : 00000000;
B14D : 00000000;
B14E : 00000000;
B14F : 00000000;
B150 : 00000000;
B151 : 00000000;
B152 : 00000000;
B153 : 00000000;
B154 : 00000000;
B155 : 00000000;
B156 : 00000000;
B157 : 00000000;
B158 : 00000000;
B159 : 00000000;
B15A : 00000000;
B15B : 00000000;
B15C : 00000000;
B15D : 00000000;
B15E : 00000000;
B15F : 00000000;
B160 : 00000000;
B161 : 00000000;
B162 : 00000000;
B163 : 00000000;
B164 : 00000000;
B165 : 00000000;
B166 : 00000000;
B167 : 00000000;
B168 : 00000000;
B169 : 00000000;
B16A : 00000000;
B16B : 00000000;
B16C : 00000000;
B16D : 00000000;
B16E : 00000000;
B16F : 00000000;
B170 : 00000000;
B171 : 00000000;
B172 : 00000000;
B173 : 00000000;
B174 : 00000000;
B175 : 00000000;
B176 : 00000000;
B177 : 00000000;
B178 : 00000000;
B179 : 00000000;
B17A : 00000000;
B17B : 00000000;
B17C : 00000000;
B17D : 00000000;
B17E : 00000000;
B17F : 00000000;
B180 : 00000000;
B181 : 00000000;
B182 : 00000000;
B183 : 00000000;
B184 : 00000000;
B185 : 00000000;
B186 : FFFF0000;
B187 : 00000000;
B188 : 00000000;
B189 : 00000000;
B18A : 00000000;
B18B : 00000000;
B18C : 00000000;
B18D : 00000000;
B18E : 00000000;
B18F : 00000000;
B190 : 00000000;
B191 : 00000000;
B192 : 00000000;
B193 : 00000000;
B194 : 00000000;
B195 : 00000000;
B196 : 00000000;
B197 : 00000000;
B198 : 00000000;
B199 : 00000000;
B19A : 00000000;
B19B : 00000000;
B19C : 00000000;
B19D : 00000000;
B19E : 00000000;
B19F : 00000000;
B1A0 : 00000000;
B1A1 : 00000000;
B1A2 : 00000000;
B1A3 : 00000000;
B1A4 : 00000000;
B1A5 : 00000000;
B1A6 : 0000FFFF;
B1A7 : 00000000;
B1A8 : 00000000;
B1A9 : 00000000;
B1AA : 00000000;
B1AB : 00000000;
B1AC : 00000000;
B1AD : 00000000;
B1AE : 00000000;
B1AF : 00000000;
B1B0 : 00000000;
B1B1 : 00000000;
B1B2 : 00000000;
B1B3 : 00000000;
B1B4 : 00000000;
B1B5 : 00000000;
B1B6 : 00000000;
B1B7 : 00000000;
B1B8 : 00000000;
B1B9 : 00000000;
B1BA : 00000000;
B1BB : 00000000;
B1BC : 00000000;
B1BD : 00000000;
B1BE : 00000000;
B1BF : 00000000;
B1C0 : 00000000;
B1C1 : FFFF0000;
B1C2 : 00000000;
B1C3 : 00000000;
B1C4 : 00000000;
B1C5 : 00000000;
B1C6 : 00000000;
B1C7 : 00000000;
B1C8 : 00000000;
B1C9 : FFFF0000;
B1CA : 00000000;
B1CB : 00000000;
B1CC : 00000000;
B1CD : 00000000;
B1CE : 00000000;
B1CF : 00000000;
B1D0 : 00000000;
B1D1 : 00000000;
B1D2 : 0000FFFF;
B1D3 : 00000000;
B1D4 : 00000000;
B1D5 : 00000000;
B1D6 : 00000000;
B1D7 : 00000000;
B1D8 : 00000000;
B1D9 : 00000000;
B1DA : 00000000;
B1DB : 0000FFFF;
B1DC : 00000000;
B1DD : 00000000;
B1DE : 00000000;
B1DF : 00000000;
B1E0 : 00000000;
B1E1 : 00000000;
B1E2 : 00000000;
B1E3 : 00000000;
B1E4 : 00000000;
B1E5 : 00000000;
B1E6 : 00000000;
B1E7 : 00000000;
B1E8 : 00000000;
B1E9 : 00000000;
B1EA : 00000000;
B1EB : 00000000;
B1EC : 00000000;
B1ED : 00000000;
B1EE : 00000000;
B1EF : 00000000;
B1F0 : 00000000;
B1F1 : 00000000;
B1F2 : 00000000;
B1F3 : 00000000;
B1F4 : FFFF0000;
B1F5 : 00000000;
B1F6 : 00000000;
B1F7 : 00000000;
B1F8 : 00000000;
B1F9 : 00000000;
B1FA : 00000000;
B1FB : 0000FFFF;
B1FC : 00000000;
B1FD : 00000000;
B1FE : 00000000;
B1FF : 00000000;
B200 : 00000000;
B201 : 00000000;
B202 : 00000000;
B203 : 00000000;
B204 : 00000000;
B205 : 00000000;
B206 : 00000000;
B207 : FFFF0000;
B208 : 00000000;
B209 : 00000000;
B20A : 00000000;
B20B : 00000000;
B20C : 00000000;
B20D : 00000000;
B20E : 00000000;
B20F : 00000000;
B210 : 00000000;
B211 : 00000000;
B212 : 00000000;
B213 : 00000000;
B214 : 00000000;
B215 : 00000000;
B216 : 00000000;
B217 : 00000000;
B218 : 00000000;
B219 : 00000000;
B21A : FFFF0000;
B21B : 00000000;
B21C : 00000000;
B21D : 00000000;
B21E : 00000000;
B21F : 00000000;
B220 : 00000000;
B221 : 00000000;
B222 : 00000000;
B223 : 00000000;
B224 : 00000000;
B225 : 00000000;
B226 : 00000000;
B227 : 00000000;
B228 : 00000000;
B229 : 00000000;
B22A : 00000000;
B22B : 00000000;
B22C : 00000000;
B22D : 00000000;
B22E : 00000000;
B22F : 00000000;
B230 : 00000000;
B231 : 00000000;
B232 : 00000000;
B233 : 00000000;
B234 : 00000000;
B235 : 00000000;
B236 : 00000000;
B237 : 00000000;
B238 : FFFF0000;
B239 : 00000000;
B23A : 00000000;
B23B : 00000000;
B23C : 00000000;
B23D : 00000000;
B23E : 00000000;
B23F : 00000000;
B240 : 00000000;
B241 : 00000000;
B242 : 00000000;
B243 : 00000000;
B244 : 00000000;
B245 : 00000000;
B246 : 00000000;
B247 : 00000000;
B248 : 00000000;
B249 : 00000000;
B24A : 00000000;
B24B : 00000000;
B24C : FFFF0000;
B24D : 00000000;
B24E : 00000000;
B24F : 00000000;
B250 : 00000000;
B251 : 00000000;
B252 : 00000000;
B253 : 00000000;
B254 : 00000000;
B255 : 00000000;
B256 : 00000000;
B257 : 00000000;
B258 : 00000000;
B259 : 00000000;
B25A : 00000000;
B25B : 00000000;
B25C : 00000000;
B25D : 00000000;
B25E : 00000000;
B25F : 00000000;
B260 : 00000000;
B261 : 00000000;
B262 : 00000000;
B263 : 00000000;
B264 : 00000000;
B265 : 00000000;
B266 : 00000000;
B267 : 00000000;
B268 : 00000000;
B269 : 00000000;
B26A : 00000000;
B26B : 00000000;
B26C : 00000000;
B26D : 00000000;
B26E : 00000000;
B26F : 00000000;
B270 : FFFF0000;
B271 : 00000000;
B272 : 00000000;
B273 : 00000000;
B274 : 00000000;
B275 : 00000000;
B276 : 00000000;
B277 : 00000000;
B278 : 00000000;
B279 : 00000000;
B27A : 00000000;
B27B : 00000000;
B27C : 00000000;
B27D : 00000000;
B27E : 00000000;
B27F : 00000000;
B280 : 00000000;
B281 : 00000000;
B282 : 00000000;
B283 : 00000000;
B284 : 00000000;
B285 : 00000000;
B286 : 00000000;
B287 : 00000000;
B288 : 00000000;
B289 : 00000000;
B28A : 00000000;
B28B : 00000000;
B28C : 00000000;
B28D : 00000000;
B28E : 00000000;
B28F : 00000000;
B290 : 00000000;
B291 : 00000000;
B292 : 00000000;
B293 : 00000000;
B294 : 00000000;
B295 : 00000000;
B296 : 00000000;
B297 : 00000000;
B298 : 00000000;
B299 : 00000000;
B29A : 00000000;
B29B : 00000000;
B29C : 00000000;
B29D : 00000000;
B29E : 00000000;
B29F : 00000000;
B2A0 : 00000000;
B2A1 : 00000000;
B2A2 : 00000000;
B2A3 : 00000000;
B2A4 : 00000000;
B2A5 : 00000000;
B2A6 : 00000000;
B2A7 : 0000FFFF;
B2A8 : 00000000;
B2A9 : 00000000;
B2AA : 00000000;
B2AB : 00000000;
B2AC : 00000000;
B2AD : 00000000;
B2AE : 00000000;
B2AF : 00000000;
B2B0 : 00000000;
B2B1 : 00000000;
B2B2 : 00000000;
B2B3 : 00000000;
B2B4 : 00000000;
B2B5 : 00000000;
B2B6 : 00000000;
B2B7 : 00000000;
B2B8 : 00000000;
B2B9 : 00000000;
B2BA : 00000000;
B2BB : 00000000;
B2BC : 00000000;
B2BD : 00000000;
B2BE : 00000000;
B2BF : 00000000;
B2C0 : 00000000;
B2C1 : FFFF0000;
B2C2 : 00000000;
B2C3 : 00000000;
B2C4 : 00000000;
B2C5 : 00000000;
B2C6 : 00000000;
B2C7 : 00000000;
B2C8 : 00000000;
B2C9 : 00000000;
B2CA : 00000000;
B2CB : 00000000;
B2CC : 00000000;
B2CD : 00000000;
B2CE : 00000000;
B2CF : 00000000;
B2D0 : 00000000;
B2D1 : 00000000;
B2D2 : 00000000;
B2D3 : 00000000;
B2D4 : 00000000;
B2D5 : 00000000;
B2D6 : 00000000;
B2D7 : 00000000;
B2D8 : 00000000;
B2D9 : FFFF0000;
B2DA : 00000000;
B2DB : 00000000;
B2DC : 00000000;
B2DD : 00000000;
B2DE : 00000000;
B2DF : 00000000;
B2E0 : 00000000;
B2E1 : 00000000;
B2E2 : 00000000;
B2E3 : 00000000;
B2E4 : 00000000;
B2E5 : 00000000;
B2E6 : 00000000;
B2E7 : 00000000;
B2E8 : 00000000;
B2E9 : 00000000;
B2EA : 00000000;
B2EB : 0000FFFF;
B2EC : 00000000;
B2ED : 00000000;
B2EE : 00000000;
B2EF : 00000000;
B2F0 : 00000000;
B2F1 : 00000000;
B2F2 : 00000000;
B2F3 : 00000000;
B2F4 : 00000000;
B2F5 : 00000000;
B2F6 : 00000000;
B2F7 : 00000000;
B2F8 : 00000000;
B2F9 : 00000000;
B2FA : 00000000;
B2FB : 00000000;
B2FC : 00000000;
B2FD : FFFF0000;
B2FE : 00000000;
B2FF : 00000000;
B300 : 00000000;
B301 : 00000000;
B302 : 00000000;
B303 : 00000000;
B304 : 00000000;
B305 : 00000000;
B306 : 00000000;
B307 : 00000000;
B308 : 00000000;
B309 : 00000000;
B30A : 00000000;
B30B : 00000000;
B30C : 00000000;
B30D : 00000000;
B30E : 00000000;
B30F : 00000000;
B310 : 00000000;
B311 : 00000000;
B312 : 00000000;
B313 : 00000000;
B314 : 00000000;
B315 : 00000000;
B316 : 00000000;
B317 : 00000000;
B318 : 00000000;
B319 : 00000000;
B31A : 00000000;
B31B : 00000000;
B31C : 00000000;
B31D : 00000000;
B31E : 00000000;
B31F : 00000000;
B320 : 00000000;
B321 : 00000000;
B322 : 00000000;
B323 : 00000000;
B324 : 00000000;
B325 : 00000000;
B326 : 00000000;
B327 : 00000000;
B328 : 00000000;
B329 : 00000000;
B32A : 00000000;
B32B : 00000000;
B32C : 00000000;
B32D : 00000000;
B32E : 00000000;
B32F : 00000000;
B330 : 00000000;
B331 : 00000000;
B332 : 00000000;
B333 : 00000000;
B334 : 00000000;
B335 : 00000000;
B336 : 00000000;
B337 : 00000000;
B338 : 00000000;
B339 : 00000000;
B33A : 00000000;
B33B : 00000000;
B33C : 00000000;
B33D : 00000000;
B33E : 00000000;
B33F : 00000000;
B340 : 00000000;
B341 : 00000000;
B342 : 00000000;
B343 : 00000000;
B344 : 00000000;
B345 : 00000000;
B346 : 00000000;
B347 : 00000000;
B348 : 00000000;
B349 : 00000000;
B34A : 00000000;
B34B : 00000000;
B34C : 00000000;
B34D : 00000000;
B34E : 00000000;
B34F : 00000000;
B350 : 00000000;
B351 : 00000000;
B352 : 00000000;
B353 : 00000000;
B354 : 00000000;
B355 : 00000000;
B356 : 00000000;
B357 : 00000000;
B358 : 00000000;
B359 : 00000000;
B35A : 00000000;
B35B : 00000000;
B35C : 00000000;
B35D : 00000000;
B35E : 00000000;
B35F : 00000000;
B360 : 00000000;
B361 : 00000000;
B362 : 00000000;
B363 : 00000000;
B364 : 00000000;
B365 : 00000000;
B366 : 00000000;
B367 : 00000000;
B368 : 00000000;
B369 : 00000000;
B36A : 00000000;
B36B : 00000000;
B36C : 00000000;
B36D : 00000000;
B36E : 00000000;
B36F : 00000000;
B370 : 00000000;
B371 : 00000000;
B372 : 00000000;
B373 : 00000000;
B374 : 00000000;
B375 : 00000000;
B376 : 00000000;
B377 : 00000000;
B378 : 00000000;
B379 : 00000000;
B37A : 00000000;
B37B : 00000000;
B37C : 00000000;
B37D : 00000000;
B37E : 00000000;
B37F : 00000000;
B380 : 00000000;
B381 : 00000000;
B382 : 00000000;
B383 : 00000000;
B384 : 00000000;
B385 : 00000000;
B386 : 00000000;
B387 : 00000000;
B388 : 00000000;
B389 : 00000000;
B38A : 00000000;
B38B : 00000000;
B38C : 00000000;
B38D : 00000000;
B38E : 00000000;
B38F : 00000000;
B390 : 00000000;
B391 : 00000000;
B392 : 00000000;
B393 : 00000000;
B394 : 00000000;
B395 : 00000000;
B396 : 00000000;
B397 : 00000000;
B398 : 00000000;
B399 : 00000000;
B39A : 00000000;
B39B : 00000000;
B39C : 00000000;
B39D : 00000000;
B39E : 00000000;
B39F : 00000000;
B3A0 : 00000000;
B3A1 : 00000000;
B3A2 : 00000000;
B3A3 : 00000000;
B3A4 : 00000000;
B3A5 : 00000000;
B3A6 : 00000000;
B3A7 : 00000000;
B3A8 : 00000000;
B3A9 : 00000000;
B3AA : 00000000;
B3AB : 00000000;
B3AC : 00000000;
B3AD : 00000000;
B3AE : 00000000;
B3AF : 00000000;
B3B0 : 00000000;
B3B1 : 00000000;
B3B2 : 00000000;
B3B3 : 00000000;
B3B4 : 00000000;
B3B5 : 00000000;
B3B6 : 00000000;
B3B7 : 00000000;
B3B8 : 00000000;
B3B9 : 00000000;
B3BA : 00000000;
B3BB : 00000000;
B3BC : 00000000;
B3BD : 00000000;
B3BE : 00000000;
B3BF : 00000000;
B3C0 : 00000000;
B3C1 : 00000000;
B3C2 : 00000000;
B3C3 : 00000000;
B3C4 : 00000000;
B3C5 : 00000000;
B3C6 : 00000000;
B3C7 : 00000000;
B3C8 : 00000000;
B3C9 : 00000000;
B3CA : 00000000;
B3CB : 00000000;
B3CC : 00000000;
B3CD : 00000000;
B3CE : 00000000;
B3CF : 00000000;
B3D0 : 00000000;
B3D1 : 00000000;
B3D2 : 00000000;
B3D3 : 00000000;
B3D4 : 00000000;
B3D5 : 00000000;
B3D6 : 00000000;
B3D7 : 00000000;
B3D8 : 00000000;
B3D9 : 00000000;
B3DA : 00000000;
B3DB : 00000000;
B3DC : 00000000;
B3DD : 00000000;
B3DE : 00000000;
B3DF : 00000000;
B3E0 : 00000000;
B3E1 : 00000000;
B3E2 : 00000000;
B3E3 : 00000000;
B3E4 : 00000000;
B3E5 : 00000000;
B3E6 : 00000000;
B3E7 : 00000000;
B3E8 : 00000000;
B3E9 : 00000000;
B3EA : 00000000;
B3EB : 00000000;
B3EC : 00000000;
B3ED : 00000000;
B3EE : 00000000;
B3EF : 00000000;
B3F0 : 00000000;
B3F1 : 00000000;
B3F2 : 00000000;
B3F3 : 00000000;
B3F4 : 00000000;
B3F5 : 00000000;
B3F6 : 00000000;
B3F7 : 00000000;
B3F8 : 00000000;
B3F9 : 00000000;
B3FA : 00000000;
B3FB : 00000000;
B3FC : 00000000;
B3FD : 00000000;
B3FE : 00000000;
B3FF : 00000000;
B400 : 00000000;
B401 : 00000000;
B402 : 00000000;
B403 : 00000000;
B404 : 00000000;
B405 : 00000000;
B406 : 00000000;
B407 : 00000000;
B408 : 00000000;
B409 : 00000000;
B40A : 00000000;
B40B : 00000000;
B40C : 00000000;
B40D : 00000000;
B40E : 00000000;
B40F : 00000000;
B410 : 00000000;
B411 : 00000000;
B412 : 00000000;
B413 : 00000000;
B414 : 00000000;
B415 : 00000000;
B416 : 00000000;
B417 : 00000000;
B418 : 00000000;
B419 : 00000000;
B41A : 00000000;
B41B : 00000000;
B41C : 00000000;
B41D : 00000000;
B41E : 00000000;
B41F : 00000000;
B420 : 00000000;
B421 : 00000000;
B422 : 00000000;
B423 : 00000000;
B424 : 00000000;
B425 : 00000000;
B426 : 00000000;
B427 : 00000000;
B428 : 00000000;
B429 : 00000000;
B42A : 00000000;
B42B : 00000000;
B42C : 00000000;
B42D : 00000000;
B42E : 00000000;
B42F : 00000000;
B430 : 00000000;
B431 : 00000000;
B432 : 00000000;
B433 : 00000000;
B434 : 00000000;
B435 : 00000000;
B436 : 00000000;
B437 : 00000000;
B438 : 00000000;
B439 : 00000000;
B43A : 00000000;
B43B : 00000000;
B43C : 00000000;
B43D : 00000000;
B43E : 00000000;
B43F : 00000000;
B440 : 00000000;
B441 : 00000000;
B442 : 00000000;
B443 : 00000000;
B444 : 00000000;
B445 : 00000000;
B446 : 00000000;
B447 : 00000000;
B448 : 00000000;
B449 : 00000000;
B44A : 00000000;
B44B : 00000000;
B44C : 00000000;
B44D : 00000000;
B44E : 00000000;
B44F : 00000000;
B450 : 00000000;
B451 : 00000000;
B452 : 00000000;
B453 : 00000000;
B454 : 00000000;
B455 : 00000000;
B456 : 00000000;
B457 : 00000000;
B458 : 00000000;
B459 : 00000000;
B45A : 00000000;
B45B : 00000000;
B45C : 00000000;
B45D : 00000000;
B45E : 00000000;
B45F : 00000000;
B460 : 00000000;
B461 : 00000000;
B462 : 00000000;
B463 : 00000000;
B464 : 00000000;
B465 : 00000000;
B466 : 00000000;
B467 : 00000000;
B468 : 00000000;
B469 : 00000000;
B46A : 00000000;
B46B : 00000000;
B46C : 00000000;
B46D : 00000000;
B46E : 00000000;
B46F : 00000000;
B470 : 00000000;
B471 : 00000000;
B472 : 00000000;
B473 : 00000000;
B474 : 00000000;
B475 : 00000000;
B476 : 00000000;
B477 : 00000000;
B478 : 00000000;
B479 : 00000000;
B47A : 00000000;
B47B : 00000000;
B47C : 00000000;
B47D : 00000000;
B47E : 00000000;
B47F : 00000000;
B480 : 00000000;
B481 : 00000000;
B482 : 00000000;
B483 : 00000000;
B484 : 00000000;
B485 : 00000000;
B486 : 00000000;
B487 : 00000000;
B488 : 00000000;
B489 : 00000000;
B48A : 00000000;
B48B : 00000000;
B48C : 00000000;
B48D : 00000000;
B48E : 00000000;
B48F : 00000000;
B490 : 00000000;
B491 : 00000000;
B492 : 00000000;
B493 : 00000000;
B494 : 00000000;
B495 : 00000000;
B496 : 00000000;
B497 : 00000000;
B498 : 00000000;
B499 : 00000000;
B49A : 00000000;
B49B : 00000000;
B49C : 00000000;
B49D : 00000000;
B49E : 00000000;
B49F : 00000000;
B4A0 : 00000000;
B4A1 : 00000000;
B4A2 : 00000000;
B4A3 : 00000000;
B4A4 : 00000000;
B4A5 : 00000000;
B4A6 : 00000000;
B4A7 : 00000000;
B4A8 : 00000000;
B4A9 : 00000000;
B4AA : 00000000;
B4AB : 00000000;
B4AC : 00000000;
B4AD : 00000000;
B4AE : 00000000;
B4AF : 00000000;
B4B0 : 00000000;
B4B1 : 00000000;
B4B2 : 00000000;
B4B3 : 00000000;
B4B4 : 00000000;
B4B5 : 00000000;
B4B6 : 00000000;
B4B7 : 00000000;
B4B8 : 00000000;
B4B9 : 00000000;
B4BA : 00000000;
B4BB : 00000000;
B4BC : 00000000;
B4BD : 00000000;
B4BE : 00000000;
B4BF : 00000000;
B4C0 : 00000000;
B4C1 : 00000000;
B4C2 : 00000000;
B4C3 : 00000000;
B4C4 : 00000000;
B4C5 : 00000000;
B4C6 : 00000000;
B4C7 : 00000000;
B4C8 : 00000000;
B4C9 : 00000000;
B4CA : 00000000;
B4CB : 00000000;
B4CC : 00000000;
B4CD : 00000000;
B4CE : 00000000;
B4CF : 00000000;
B4D0 : 00000000;
B4D1 : 00000000;
B4D2 : 00000000;
B4D3 : 00000000;
B4D4 : 00000000;
B4D5 : 00000000;
B4D6 : 00000000;
B4D7 : 00000000;
B4D8 : 00000000;
B4D9 : 00000000;
B4DA : 00000000;
B4DB : 00000000;
B4DC : 00000000;
B4DD : 00000000;
B4DE : 00000000;
B4DF : 00000000;
B4E0 : 00000000;
B4E1 : 00000000;
B4E2 : 00000000;
B4E3 : 00000000;
B4E4 : 00000000;
B4E5 : 00000000;
B4E6 : 00000000;
B4E7 : 00000000;
B4E8 : 00000000;
B4E9 : 00000000;
B4EA : 00000000;
B4EB : 00000000;
B4EC : 00000000;
B4ED : 00000000;
B4EE : 00000000;
B4EF : 00000000;
B4F0 : 00000000;
B4F1 : 00000000;
B4F2 : 00000000;
B4F3 : 00000000;
B4F4 : 00000000;
B4F5 : 00000000;
B4F6 : 00000000;
B4F7 : 00000000;
B4F8 : 00000000;
B4F9 : 00000000;
B4FA : 00000000;
B4FB : 00000000;
B4FC : 00000000;
B4FD : 00000000;
B4FE : 00000000;
B4FF : 00000000;
B500 : 00000000;
B501 : 00000000;
B502 : 00000000;
B503 : 00000000;
B504 : 00000000;
B505 : 00000000;
B506 : 00000000;
B507 : 00000000;
B508 : 00000000;
B509 : 00000000;
B50A : 00000000;
B50B : 00000000;
B50C : 00000000;
B50D : 00000000;
B50E : 00000000;
B50F : 00000000;
B510 : 00000000;
B511 : 00000000;
B512 : 00000000;
B513 : 00000000;
B514 : 00000000;
B515 : 00000000;
B516 : 00000000;
B517 : 00000000;
B518 : 00000000;
B519 : 00000000;
B51A : 00000000;
B51B : 00000000;
B51C : 00000000;
B51D : 00000000;
B51E : 00000000;
B51F : 00000000;
B520 : 00000000;
B521 : 00000000;
B522 : 00000000;
B523 : 00000000;
B524 : 00000000;
B525 : 00000000;
B526 : 00000000;
B527 : 00000000;
B528 : 00000000;
B529 : 00000000;
B52A : 00000000;
B52B : 00000000;
B52C : 00000000;
B52D : 00000000;
B52E : 00000000;
B52F : 00000000;
B530 : 00000000;
B531 : 00000000;
B532 : 00000000;
B533 : 00000000;
B534 : 00000000;
B535 : 00000000;
B536 : 00000000;
B537 : 00000000;
B538 : 00000000;
B539 : 00000000;
B53A : 00000000;
B53B : 00000000;
B53C : 00000000;
B53D : 00000000;
B53E : 00000000;
B53F : 00000000;
B540 : 00000000;
B541 : 00000000;
B542 : 00000000;
B543 : 00000000;
B544 : 00000000;
B545 : 00000000;
B546 : 00000000;
B547 : 00000000;
B548 : 00000000;
B549 : 00000000;
B54A : 00000000;
B54B : 00000000;
B54C : 00000000;
B54D : 00000000;
B54E : 00000000;
B54F : 00000000;
B550 : 00000000;
B551 : 00000000;
B552 : 00000000;
B553 : 00000000;
B554 : 00000000;
B555 : 00000000;
B556 : 00000000;
B557 : 00000000;
B558 : 00000000;
B559 : 00000000;
B55A : 00000000;
B55B : 00000000;
B55C : 00000000;
B55D : 00000000;
B55E : 00000000;
B55F : 00000000;
B560 : 00000000;
B561 : 00000000;
B562 : 00000000;
B563 : 00000000;
B564 : 00000000;
B565 : 00000000;
B566 : 00000000;
B567 : 00000000;
B568 : 00000000;
B569 : 00000000;
B56A : 00000000;
B56B : 00000000;
B56C : 00000000;
B56D : 00000000;
B56E : 00000000;
B56F : 00000000;
B570 : 00000000;
B571 : 00000000;
B572 : 00000000;
B573 : 00000000;
B574 : 00000000;
B575 : 00000000;
B576 : 00000000;
B577 : 00000000;
B578 : 00000000;
B579 : 00000000;
B57A : 00000000;
B57B : 00000000;
B57C : 00000000;
B57D : 00000000;
B57E : 00000000;
B57F : 00000000;
B580 : 00000000;
B581 : 00000000;
B582 : 00000000;
B583 : 00000000;
B584 : 00000000;
B585 : 00000000;
B586 : 00000000;
B587 : 00000000;
B588 : 00000000;
B589 : 00000000;
B58A : 00000000;
B58B : 00000000;
B58C : 00000000;
B58D : 00000000;
B58E : 00000000;
B58F : 00000000;
B590 : 00000000;
B591 : 00000000;
B592 : 00000000;
B593 : 00000000;
B594 : 00000000;
B595 : 00000000;
B596 : 00000000;
B597 : 00000000;
B598 : 00000000;
B599 : 00000000;
B59A : 00000000;
B59B : 00000000;
B59C : 00000000;
B59D : 00000000;
B59E : 00000000;
B59F : 00000000;
B5A0 : 00000000;
B5A1 : 00000000;
B5A2 : 00000000;
B5A3 : 00000000;
B5A4 : 00000000;
B5A5 : 00000000;
B5A6 : 00000000;
B5A7 : 00000000;
B5A8 : 00000000;
B5A9 : 00000000;
B5AA : 00000000;
B5AB : 00000000;
B5AC : 00000000;
B5AD : 00000000;
B5AE : 00000000;
B5AF : 00000000;
B5B0 : 00000000;
B5B1 : 00000000;
B5B2 : 00000000;
B5B3 : 00000000;
B5B4 : 00000000;
B5B5 : 00000000;
B5B6 : 00000000;
B5B7 : 00000000;
B5B8 : 00000000;
B5B9 : 00000000;
B5BA : 00000000;
B5BB : 00000000;
B5BC : 00000000;
B5BD : 00000000;
B5BE : 00000000;
B5BF : 00000000;
B5C0 : 00000000;
B5C1 : 00000000;
B5C2 : 00000000;
B5C3 : 00000000;
B5C4 : 00000000;
END;
